{
"type": "FeatureCollection",
"name": "output_areas",
"crs": { "type": "name", "properties": { "name": "urn:ogc:def:crs:OGC:1.3:CRS84" } },
"features": [
{ "type": "Feature", "properties": { "OA_ID": "13130", "REGION": "Metropolitana de Santiago", "PROVINCIA": "Santiago", "COMUNA": "San Miguel", "area_km2": 9.6304570229797619 }, "geometry": { "type": "Polygon", "coordinates": [ [ [ -70.654921785999989, -33.476437425999954 ], [ -70.653768404999937, -33.476540175999951 ], [ -70.650320849999957, -33.476801378999937 ], [ -70.64719297299996, -33.476892137999982 ], [ -70.644875514999967, -33.47669981699994 ], [ -70.642659877999961, -33.476570413999973 ], [ -70.641987650999965, -33.476531152999939 ], [ -70.64197401399997, -33.476528889999933 ], [ -70.64189989099998, -33.477513235999929 ], [ -70.64182591499997, -33.478874279999957 ], [ -70.641764010999964, -33.480120631999959 ], [ -70.641671594999934, -33.481242527999946 ], [ -70.641481597999984, -33.482772527999941 ], [ -70.641236481999954, -33.484608668999961 ], [ -70.641217261999941, -33.484797422999975 ], [ -70.641045625999936, -33.486114423999929 ], [ -70.640822208999964, -33.487856829999949 ], [ -70.640611308999951, -33.48950839999997 ], [ -70.640439296999944, -33.490806314999929 ], [ -70.640319297999952, -33.491596314999981 ], [ -70.640185351999946, -33.492592072999969 ], [ -70.639919096999961, -33.494480593999974 ], [ -70.639802791999955, -33.495259992999934 ], [ -70.639701574999947, -33.496084526999915 ], [ -70.639625411999987, -33.496727388999929 ], [ -70.639481411999952, -33.497850747999955 ], [ -70.63943, -33.498630000999988 ], [ -70.639368183999977, -33.499246903999961 ], [ -70.639289844999951, -33.500001222999977 ], [ -70.63916, -33.50098 ], [ -70.63897, -33.502560000999942 ], [ -70.63882, -33.503850000999932 ], [ -70.638809998999989, -33.504100000999976 ], [ -70.63878, -33.504480000999934 ], [ -70.638751197999966, -33.505027239999954 ], [ -70.638748642999985, -33.505075768 ], [ -70.638747597999952, -33.50509564999993 ], [ -70.638745461999974, -33.505136235999949 ], [ -70.638744284999973, -33.50515859099994 ], [ -70.638742343999979, -33.505195452999949 ], [ -70.63874, -33.505240000999947 ], [ -70.63874, -33.505290000999935 ], [ -70.63869, -33.505650000999935 ], [ -70.638509398999986, -33.507140106999941 ], [ -70.638508758999933, -33.507145544999958 ], [ -70.638508744999967, -33.507145666999975 ], [ -70.638508736999938, -33.50714574199997 ], [ -70.638508723999962, -33.507145849999965 ], [ -70.638508717999969, -33.507145901999934 ], [ -70.638508712999965, -33.507145939999923 ], [ -70.63850870999994, -33.507145965999939 ], [ -70.638508700999978, -33.507146035999931 ], [ -70.638508694999985, -33.507146090999974 ], [ -70.638508664999961, -33.507146347999935 ], [ -70.638508590999948, -33.507146975999945 ], [ -70.63850843299997, -33.507148315999984 ], [ -70.638508085999945, -33.507151264999948 ], [ -70.638506476999964, -33.507164937999967 ], [ -70.6385, -33.507220000999951 ], [ -70.63849, -33.507300000999976 ], [ -70.63841, -33.508020000999984 ], [ -70.63839, -33.508120000999938 ], [ -70.638192953999976, -33.508784177999928 ], [ -70.638025182999968, -33.509554710999964 ], [ -70.637925558999939, -33.51001176699998 ], [ -70.637775963999957, -33.510689001999921 ], [ -70.637547647999952, -33.511572479999977 ], [ -70.637338760999981, -33.512471392999927 ], [ -70.637279786999954, -33.512776211999956 ], [ -70.637231162999967, -33.51306795499994 ], [ -70.637118488999988, -33.513739928999932 ], [ -70.637076457999967, -33.514079305999928 ], [ -70.636988075999966, -33.514982406999941 ], [ -70.636837960999969, -33.516540105999972 ], [ -70.636750113999938, -33.517471831999949 ], [ -70.636604642999941, -33.518729771999979 ], [ -70.636749813999984, -33.518756093 ], [ -70.636927192999963, -33.518772797999922 ], [ -70.63715803599996, -33.518781991999965 ], [ -70.637399940999956, -33.518774711999988 ], [ -70.637696702999961, -33.518747656999949 ], [ -70.638224522999963, -33.518654954999924 ], [ -70.6388, -33.518530000999917 ], [ -70.63963724499996, -33.518368210999931 ], [ -70.640935268999954, -33.518115625999933 ], [ -70.642156929999942, -33.517862679999958 ], [ -70.642760500999955, -33.517739019999958 ], [ -70.643826889999957, -33.517522132999943 ], [ -70.644336674999977, -33.517421480999936 ], [ -70.64462277299998, -33.517365893999958 ], [ -70.64551, -33.517190000999967 ], [ -70.646529414999975, -33.516981431999966 ], [ -70.647184888999959, -33.51685433899997 ], [ -70.647670357999971, -33.516756717999939 ], [ -70.648202178999952, -33.516652460999971 ], [ -70.649033031999977, -33.516489581999963 ], [ -70.651267995999959, -33.516051608999931 ], [ -70.652831292999963, -33.515743658999945 ], [ -70.653530942999964, -33.515607566999954 ], [ -70.65574000099997, -33.51517 ], [ -70.657029707999982, -33.514918623999961 ], [ -70.658074742999986, -33.514712559999964 ], [ -70.659372302999941, -33.514305657999955 ], [ -70.660404605999986, -33.513992968999958 ], [ -70.660847173999983, -33.513861765999941 ], [ -70.661403678999989, -33.513693242999977 ], [ -70.662365780999949, -33.513396988999943 ], [ -70.662911566999981, -33.513226813999943 ], [ -70.664266699999985, -33.512816701999945 ], [ -70.664948573999936, -33.512613669999944 ], [ -70.665670645999967, -33.512390408999977 ], [ -70.666311312999937, -33.512192696999932 ], [ -70.666988100999959, -33.511984949999949 ], [ -70.66843739899997, -33.511548471999959 ], [ -70.669340912999985, -33.511281585999939 ], [ -70.670195584999988, -33.511030264999917 ], [ -70.671029621999935, -33.510750345999945 ], [ -70.67084067899998, -33.510345356999942 ], [ -70.670656440999949, -33.509947939999954 ], [ -70.67057215799997, -33.509771554999922 ], [ -70.670395013999951, -33.509387403999945 ], [ -70.670298772999956, -33.509181592999937 ], [ -70.670117184999981, -33.508803226999923 ], [ -70.669889141999988, -33.508319547999974 ], [ -70.669632848999981, -33.507788526999953 ], [ -70.669163990999948, -33.506807974999951 ], [ -70.668889320999938, -33.506209435999963 ], [ -70.66860668299995, -33.505611003999952 ], [ -70.668357210999943, -33.505075054999963 ], [ -70.668133, -33.504615241999943 ], [ -70.667790348999972, -33.50385727299993 ], [ -70.667693054999972, -33.503655290999959 ], [ -70.667332516999977, -33.502914740999977 ], [ -70.66717347499997, -33.502581879999987 ], [ -70.666964109999981, -33.502119893999975 ], [ -70.66659, -33.501310000999972 ], [ -70.666086940999946, -33.500249573999938 ], [ -70.665968625999952, -33.500005400999946 ], [ -70.665748808999979, -33.499532338999984 ], [ -70.665600321999989, -33.499214603999967 ], [ -70.665303464999965, -33.498585096999932 ], [ -70.664966325999956, -33.497859494999943 ], [ -70.664802945999952, -33.497507360999975 ], [ -70.664606901999946, -33.49708527699994 ], [ -70.664205865999975, -33.496219753999981 ], [ -70.663950282999963, -33.495662462999974 ], [ -70.663651639999955, -33.495012693999968 ], [ -70.663551003999942, -33.494813615999924 ], [ -70.663168008999961, -33.493996760999948 ], [ -70.662804438999956, -33.493227364999946 ], [ -70.662531289999947, -33.492644058999929 ], [ -70.662173653999972, -33.491886511999958 ], [ -70.661851190999982, -33.491180983999982 ], [ -70.66125, -33.489896993999935 ], [ -70.661024268999938, -33.489409684999934 ], [ -70.660484628999939, -33.488290696999968 ], [ -70.659666828999946, -33.48654670399997 ], [ -70.659126793999974, -33.485405046999965 ], [ -70.65899315999998, -33.485116928999958 ], [ -70.658834304999971, -33.484775462999949 ], [ -70.658485366999969, -33.484022557999928 ], [ -70.658382969999934, -33.483804409999934 ], [ -70.657902336999939, -33.482789605999969 ], [ -70.657681277999984, -33.482321314999972 ], [ -70.657356509999943, -33.481625348999955 ], [ -70.657089293999945, -33.481050539999941 ], [ -70.656717521999951, -33.480278130999984 ], [ -70.656614642999955, -33.480079075999988 ], [ -70.656156689999989, -33.47926629899996 ], [ -70.655979790999936, -33.478947975999972 ], [ -70.655891151999981, -33.478778794999975 ], [ -70.655763812999965, -33.47846124099992 ], [ -70.655543731999956, -33.477848574999939 ], [ -70.655349825999963, -33.477354385999938 ], [ -70.655187760999979, -33.477007229999963 ], [ -70.655022036999981, -33.476647237999941 ], [ -70.654921785999989, -33.476437425999954 ] ] ] } },
{ "type": "Feature", "properties": { "OA_ID": "13118", "REGION": "Metropolitana de Santiago", "PROVINCIA": "Santiago", "COMUNA": "Macul", "area_km2": 12.812170230856633 }, "geometry": { "type": "Polygon", "coordinates": [ [ [ -70.590213665999954, -33.510351620999984 ], [ -70.590694514999939, -33.510176029999961 ], [ -70.591220859999964, -33.509924933999969 ], [ -70.591637318999972, -33.509770690999972 ], [ -70.59208724299998, -33.50970191499993 ], [ -70.593021765999936, -33.509623289999979 ], [ -70.594341854999982, -33.509542772999964 ], [ -70.59743550099995, -33.509324998999936 ], [ -70.59913254199995, -33.50921303399997 ], [ -70.599999697999976, -33.509149980999943 ], [ -70.600536473999966, -33.509111050999934 ], [ -70.602329448999967, -33.508980829999985 ], [ -70.603643042999977, -33.508881182999964 ], [ -70.604093786999954, -33.508846987999952 ], [ -70.604409842999985, -33.508823035999953 ], [ -70.605512413999975, -33.508739710999976 ], [ -70.608649998999979, -33.508510000999934 ], [ -70.610775819999958, -33.508411553999963 ], [ -70.612521391999962, -33.508322439999972 ], [ -70.613358914999935, -33.508270029999949 ], [ -70.613822745999983, -33.508230085999969 ], [ -70.613927487999945, -33.507993050999985 ], [ -70.614093124999954, -33.507614030999939 ], [ -70.614194653999959, -33.50718974199998 ], [ -70.61423625599997, -33.506999178999926 ], [ -70.614334716999977, -33.506548158999976 ], [ -70.614289689999964, -33.506027137999972 ], [ -70.61445, -33.50541 ], [ -70.614792923999971, -33.503845178999939 ], [ -70.615466890999983, -33.500799609999937 ], [ -70.615640362999955, -33.50001758999997 ], [ -70.615820640999985, -33.499186651999928 ], [ -70.616256405999934, -33.497229422999965 ], [ -70.616871301999936, -33.494479471999973 ], [ -70.617206861999989, -33.493011094999922 ], [ -70.61761794399996, -33.491296677999969 ], [ -70.618373256999973, -33.487979700999965 ], [ -70.618563207999955, -33.487414103999988 ], [ -70.618924697999944, -33.486827774999952 ], [ -70.620434227999965, -33.484352187999946 ], [ -70.620584350999934, -33.484014715999926 ], [ -70.620943383999986, -33.482681120999978 ], [ -70.621163589999981, -33.48191313399996 ], [ -70.62146992199996, -33.480833634999954 ], [ -70.621698447999961, -33.479979499999949 ], [ -70.622018214999969, -33.478691210999955 ], [ -70.622054533999972, -33.478574804999937 ], [ -70.622280054999976, -33.477805689999968 ], [ -70.622617034999962, -33.476508096999972 ], [ -70.623049187999982, -33.474926258999957 ], [ -70.620896280999943, -33.474820350999941 ], [ -70.619872037999983, -33.474770118999956 ], [ -70.619443716999967, -33.474750028999949 ], [ -70.619229860999951, -33.474739997999954 ], [ -70.618903759999966, -33.47472470099995 ], [ -70.618603986999972, -33.474709723999972 ], [ -70.617818928999952, -33.474670497999966 ], [ -70.617645852999942, -33.474661849999954 ], [ -70.616930997999987, -33.474625738999968 ], [ -70.615873052999973, -33.474569293999934 ], [ -70.614410862999989, -33.474492009999949 ], [ -70.613751943999944, -33.474459852999928 ], [ -70.612507476999951, -33.474399109999972 ], [ -70.612099236999939, -33.474379179999964 ], [ -70.611403679999967, -33.474344731999956 ], [ -70.610938840999964, -33.474320565999939 ], [ -70.610124237999969, -33.474278211999945 ], [ -70.609201995999967, -33.474230214999977 ], [ -70.608715414999949, -33.474204490999952 ], [ -70.60789755899998, -33.474162911999954 ], [ -70.60700144499998, -33.47412060299996 ], [ -70.604824683999936, -33.474009216999931 ], [ -70.602400650999982, -33.473882366999931 ], [ -70.600680000999944, -33.473780000999966 ], [ -70.60015, -33.47376000099996 ], [ -70.599395387999948, -33.473722270999929 ], [ -70.598684582999965, -33.473660053999936 ], [ -70.597912985999983, -33.473634620999974 ], [ -70.597173579999946, -33.473614810999948 ], [ -70.596342896999943, -33.473534522999948 ], [ -70.595294691999982, -33.473588073999956 ], [ -70.59413961599995, -33.473649608999949 ], [ -70.592908317999957, -33.473718559999945 ], [ -70.592258941999958, -33.473755685999947 ], [ -70.591811900999971, -33.473794263999942 ], [ -70.590950047999968, -33.473888838999983 ], [ -70.59032551699994, -33.473972880999959 ], [ -70.58966216999994, -33.474062943999968 ], [ -70.589354620999984, -33.474089635999974 ], [ -70.588795607999941, -33.474037151999937 ], [ -70.587384601999986, -33.473779706999949 ], [ -70.586535594999987, -33.473645006999952 ], [ -70.58624, -33.473610000999948 ], [ -70.585909249999986, -33.473580505999969 ], [ -70.584859641999969, -33.473477656999926 ], [ -70.584263221999947, -33.473388547999932 ], [ -70.583569110999974, -33.473144166999916 ], [ -70.581866562999949, -33.472263026999947 ], [ -70.578157441999963, -33.470329248999981 ], [ -70.577624035999975, -33.470050055999927 ], [ -70.576454399999989, -33.469403456999935 ], [ -70.577147346999936, -33.47267170899994 ], [ -70.577488381999956, -33.47425132099994 ], [ -70.577740001999985, -33.475431683999936 ], [ -70.578048342999978, -33.476937538999948 ], [ -70.578548410999986, -33.479452163999952 ], [ -70.578972669999985, -33.481346194999951 ], [ -70.579365862999964, -33.483133246999948 ], [ -70.579746505999935, -33.484904996999951 ], [ -70.579907568999943, -33.485689776999941 ], [ -70.580276277999985, -33.48750478299997 ], [ -70.580458806999957, -33.488518119999974 ], [ -70.580610337999985, -33.489212428999949 ], [ -70.580948607999972, -33.490132218999975 ], [ -70.581416735999937, -33.490975695999964 ], [ -70.582143909999957, -33.492126055999968 ], [ -70.582622374999971, -33.492887805999935 ], [ -70.583049118999952, -33.493571398999954 ], [ -70.583833436999953, -33.494827004999927 ], [ -70.584259764999956, -33.495502705999968 ], [ -70.584561001999987, -33.495981060999952 ], [ -70.584877250999966, -33.496489242999928 ], [ -70.585332297999969, -33.497217790999969 ], [ -70.585626166999987, -33.497674102999945 ], [ -70.585835499999973, -33.498001941 ], [ -70.586050295999939, -33.498348514999975 ], [ -70.586693673999946, -33.499357627999984 ], [ -70.586827451999966, -33.499575394999972 ], [ -70.587037771999974, -33.499947193999958 ], [ -70.587187012999948, -33.500219608999942 ], [ -70.587992400999951, -33.502119170999947 ], [ -70.588165727999979, -33.502531089999934 ], [ -70.588333853999984, -33.502927701999965 ], [ -70.588854713999979, -33.50413293999997 ], [ -70.589232878999951, -33.504997541999956 ], [ -70.589446383999984, -33.505743800999923 ], [ -70.589592909999965, -33.506489845999958 ], [ -70.589818692999984, -33.50787783 ], [ -70.589950110999951, -33.508594839999944 ], [ -70.590078328999937, -33.509300730999932 ], [ -70.590213665999954, -33.510351620999984 ] ] ] } },
{ "type": "Feature", "properties": { "OA_ID": "13119", "REGION": "Metropolitana de Santiago", "PROVINCIA": "Santiago", "COMUNA": "Maipú", "area_km2": 136.81045439168901 }, "geometry": { "type": "Polygon", "coordinates": [ [ [ -70.721986673999936, -33.473210360999921 ], [ -70.722141315999977, -33.473397454999933 ], [ -70.722264155999937, -33.473670141999939 ], [ -70.722349864999956, -33.474044751999926 ], [ -70.723052000999985, -33.477691593999957 ], [ -70.723517567999977, -33.479993608999962 ], [ -70.723619663999955, -33.480296408999941 ], [ -70.72387712699998, -33.48071634799993 ], [ -70.724179429999936, -33.481050126999946 ], [ -70.724452668999959, -33.48156134699996 ], [ -70.724542778999933, -33.481956491999931 ], [ -70.724583997999957, -33.482299976999961 ], [ -70.726032571999951, -33.481900235999944 ], [ -70.726366811999981, -33.481883648999947 ], [ -70.726731766999933, -33.481979969999941 ], [ -70.727048977999971, -33.482181343999976 ], [ -70.727369505999945, -33.482549693999935 ], [ -70.727775795999946, -33.482755788999945 ], [ -70.728136664999965, -33.482825319999961 ], [ -70.728534542, -33.48278696199997 ], [ -70.728910357999965, -33.482713119999971 ], [ -70.72934939299995, -33.482596638999951 ], [ -70.729639986999985, -33.482532931999962 ], [ -70.730289998999979, -33.482470000999953 ], [ -70.730528548999985, -33.482469820999938 ], [ -70.731002214999933, -33.482484081999907 ], [ -70.731354009999961, -33.482455306999945 ], [ -70.731304888999944, -33.485553937999953 ], [ -70.731479871999966, -33.494716584999942 ], [ -70.731852604, -33.494997764999923 ], [ -70.732440243999974, -33.495517132999964 ], [ -70.732790870999963, -33.495869912999972 ], [ -70.733171643999981, -33.496291992999943 ], [ -70.733489497999983, -33.496691084999952 ], [ -70.733796726999969, -33.49707734199994 ], [ -70.734215914999936, -33.497828616999989 ], [ -70.734368399999937, -33.498138994999977 ], [ -70.734991075999972, -33.499443780999968 ], [ -70.735282886999983, -33.500111385999951 ], [ -70.736274127999934, -33.502232568999943 ], [ -70.736694066999974, -33.503162530999923 ], [ -70.737120364999953, -33.504097937999973 ], [ -70.737950996999984, -33.505865699999966 ], [ -70.738782776999983, -33.50772227899995 ], [ -70.739854289999982, -33.510078628999963 ], [ -70.739653851999947, -33.510075295999961 ], [ -70.739330736999989, -33.510090000999973 ], [ -70.738936787999933, -33.510133709999934 ], [ -70.738782147999984, -33.51009351099998 ], [ -70.738617659999989, -33.510070904999964 ], [ -70.737236011999983, -33.510031596999966 ], [ -70.734247323999966, -33.51006250699993 ], [ -70.732072441999946, -33.510009908999955 ], [ -70.73048440599996, -33.509990590999962 ], [ -70.729110000999981, -33.509950000999929 ], [ -70.728528071999975, -33.509927717999965 ], [ -70.727042064999978, -33.509885274999931 ], [ -70.723256900999957, -33.509702100999966 ], [ -70.723083375999977, -33.509848733999945 ], [ -70.721335263999947, -33.511468697999931 ], [ -70.719992027999979, -33.512680372999966 ], [ -70.719231229999934, -33.513278495999941 ], [ -70.718364754999982, -33.51393474899993 ], [ -70.718824585999982, -33.514501013999954 ], [ -70.719426848999944, -33.515247233999943 ], [ -70.720508308999968, -33.516636986999963 ], [ -70.720731000999933, -33.516914250999939 ], [ -70.721246150999946, -33.517575177999952 ], [ -70.721988099999976, -33.518540150999968 ], [ -70.722935801999938, -33.519824368999942 ], [ -70.724052798999935, -33.521204644999955 ], [ -70.725147050999965, -33.522513646999982 ], [ -70.72624764699998, -33.52397724399998 ], [ -70.729739391999942, -33.528220161999968 ], [ -70.73141551599997, -33.530313850999967 ], [ -70.733662145999972, -33.532962265999977 ], [ -70.734129811999935, -33.533463701999942 ], [ -70.735066314999983, -33.534524346999945 ], [ -70.736810286999969, -33.53654704299997 ], [ -70.738751435999973, -33.538762904999935 ], [ -70.741590189999954, -33.541992819999955 ], [ -70.743087733999971, -33.543691573999979 ], [ -70.743836603999966, -33.544544759999951 ], [ -70.744678546, -33.54549111599993 ], [ -70.74526734799997, -33.546148032999945 ], [ -70.749038618999975, -33.550345699999966 ], [ -70.749994812999944, -33.551412564999971 ], [ -70.750022892999937, -33.551448434999926 ], [ -70.751048793999985, -33.552579203999983 ], [ -70.752082020999978, -33.553732766999929 ], [ -70.753448001999971, -33.555274817999923 ], [ -70.753870000999939, -33.555750000999979 ], [ -70.75513, -33.557130000999955 ], [ -70.755960524999978, -33.558099852999923 ], [ -70.756790742999954, -33.559021003999931 ], [ -70.757733008999935, -33.560073264999978 ], [ -70.759337320999975, -33.561879173999955 ], [ -70.761704658, -33.564547713999957 ], [ -70.76281, -33.565790000999982 ], [ -70.763614063999967, -33.56671253799994 ], [ -70.764188658999956, -33.567450160999954 ], [ -70.766711412999939, -33.571059626999961 ], [ -70.767261400999985, -33.571795573999971 ], [ -70.767630109999971, -33.571556760999947 ], [ -70.768075894999981, -33.571416776999968 ], [ -70.768324299999961, -33.571367893999934 ], [ -70.768665215999988, -33.571312915999954 ], [ -70.768857749999938, -33.571319707999962 ], [ -70.768966983999974, -33.571364910999918 ], [ -70.769147697999983, -33.571448938999943 ], [ -70.770747729999982, -33.571051691999969 ], [ -70.775481216999935, -33.569826341999935 ], [ -70.777319752999972, -33.569357920999934 ], [ -70.778157345999944, -33.569142793999951 ], [ -70.778425216999949, -33.569073628999945 ], [ -70.781685025999934, -33.568231889999922 ], [ -70.783635338999943, -33.567722296999925 ], [ -70.784733101999961, -33.566903697999969 ], [ -70.787785996999958, -33.564371936999976 ], [ -70.79194016799994, -33.560871608999932 ], [ -70.793594602999974, -33.559418423999944 ], [ -70.795786564999958, -33.557479957999931 ], [ -70.796019580999939, -33.557272935999947 ], [ -70.797995454999977, -33.555642802999948 ], [ -70.798137617999942, -33.555525358999937 ], [ -70.798536136999985, -33.555314088999964 ], [ -70.799810305999983, -33.554410192999953 ], [ -70.800751362999961, -33.553740793999964 ], [ -70.802583713999979, -33.552440773999926 ], [ -70.804233126999975, -33.551335876999936 ], [ -70.805605914999944, -33.550414785999976 ], [ -70.806704795999977, -33.549685929999946 ], [ -70.808526121999932, -33.548467951999946 ], [ -70.809933760999968, -33.547529908999934 ], [ -70.811340965999989, -33.546585822999923 ], [ -70.812245468999947, -33.54598275699994 ], [ -70.814589569999953, -33.544354302999977 ], [ -70.815046184999986, -33.544034091999947 ], [ -70.815211251999983, -33.543915713999979 ], [ -70.815866870999969, -33.543465171 ], [ -70.815084910999985, -33.542861059999943 ], [ -70.814307317999976, -33.542056457999934 ], [ -70.813843313999939, -33.541528182999976 ], [ -70.813273053999978, -33.540878923999969 ], [ -70.812863288999949, -33.540412384999968 ], [ -70.812404069999957, -33.540049371999935 ], [ -70.812079082999958, -33.539958373999973 ], [ -70.811496997999939, -33.539692556999952 ], [ -70.811049068999978, -33.539527320999973 ], [ -70.810692898999946, -33.539253372999944 ], [ -70.810129156999949, -33.539087406999954 ], [ -70.809635175999972, -33.538775419999986 ], [ -70.809176306999973, -33.53854709699992 ], [ -70.808772093999949, -33.538373188999955 ], [ -70.808325003999983, -33.53819435299993 ], [ -70.807803870999976, -33.537860686999977 ], [ -70.807536923999976, -33.537607845999958 ], [ -70.807192375999989, -33.537329978999935 ], [ -70.806858201999944, -33.536964989999937 ], [ -70.806514290999985, -33.536733859999963 ], [ -70.806260938999969, -33.536502863999949 ], [ -70.805955276999967, -33.536276923999942 ], [ -70.805776273999982, -33.536127753999942 ], [ -70.805605207999974, -33.536018515999949 ], [ -70.805433822999987, -33.535891840999952 ], [ -70.805204549999985, -33.535518352999937 ], [ -70.805144205999966, -33.535082599999953 ], [ -70.805135279999945, -33.53465325399997 ], [ -70.805089794999958, -33.534109914999938 ], [ -70.805004265999969, -33.533696001999942 ], [ -70.804726445999961, -33.533077311999939 ], [ -70.804516835999948, -33.532450469999958 ], [ -70.804467421999973, -33.532129082999973 ], [ -70.804480198999954, -33.531921316999956 ], [ -70.804500031999964, -33.531641867999944 ], [ -70.80457157799998, -33.531383139999946 ], [ -70.804583313999956, -33.531125282999938 ], [ -70.804629076999959, -33.530859772999975 ], [ -70.804616666999962, -33.530673847999942 ], [ -70.804672423999989, -33.530444411999952 ], [ -70.804833573999986, -33.530146128999945 ], [ -70.80511370399995, -33.529915018999915 ], [ -70.805409328999986, -33.529746075999981 ], [ -70.805824867999945, -33.529589699 ], [ -70.806420575999937, -33.529466482999972 ], [ -70.807153137999933, -33.529348422999917 ], [ -70.807313092999948, -33.52923156199995 ], [ -70.807335151999951, -33.529059448999924 ], [ -70.807357359, -33.528894492999939 ], [ -70.807474741999954, -33.528785409999948 ], [ -70.807695099999933, -33.528696297999943 ], [ -70.808149274999948, -33.528754087999971 ], [ -70.808589492999943, -33.528962395999947 ], [ -70.80984, -33.529650000999929 ], [ -70.810493801999939, -33.530115621999983 ], [ -70.811403328999972, -33.530696425999963 ], [ -70.812817219999943, -33.532100157999928 ], [ -70.813360120999974, -33.532722103999959 ], [ -70.813786652999966, -33.533144371999974 ], [ -70.815038907999963, -33.534119541999921 ], [ -70.815681099999949, -33.534591311999968 ], [ -70.815994355999976, -33.535023903999956 ], [ -70.816322526999954, -33.535471410999953 ], [ -70.816710366999985, -33.535918917999943 ], [ -70.816874452999969, -33.536202338999935 ], [ -70.816993787999934, -33.536575260999939 ], [ -70.81727720899994, -33.536933266999931 ], [ -70.817486045999942, -33.53727635599995 ], [ -70.81766504999996, -33.537529943999964 ], [ -70.81788880199997, -33.537768612999976 ], [ -70.818052887999954, -33.537873031999936 ], [ -70.818410894999943, -33.537917783999937 ], [ -70.819589329999985, -33.537753695999974 ], [ -70.82006667099995, -33.537634361999942 ], [ -70.820469427999967, -33.537544859999969 ], [ -70.820946768999988, -33.537455358999985 ], [ -70.82166277999994, -33.537395690999965 ], [ -70.822363874999951, -33.537380773999928 ], [ -70.822885965999944, -33.537350939999953 ], [ -70.823646728999961, -33.537306188999928 ], [ -70.824258322999981, -33.537186854999952 ], [ -70.825272671999983, -33.537298730999957 ], [ -70.826130393999961, -33.537336023999963 ], [ -70.826391439999952, -33.537317377999948 ], [ -70.827081346999933, -33.537074976999968 ], [ -70.827640729999985, -33.536795284999975 ], [ -70.828628974999958, -33.536590177999983 ], [ -70.829151066999941, -33.536422361999946 ], [ -70.82965451299998, -33.536198608999939 ], [ -70.830307127999959, -33.535788394999955 ], [ -70.830866511999943, -33.535490055999965 ], [ -70.831593710999982, -33.53532224099996 ], [ -70.832041218999962, -33.535266302999958 ], [ -70.832768416999954, -33.535154425999963 ], [ -70.833290508999937, -33.535117132999979 ], [ -70.833831246999978, -33.53496796499995 ], [ -70.834465214999966, -33.534669625999967 ], [ -70.835080536999953, -33.534464518999975 ], [ -70.835546690999934, -33.534296702999931 ], [ -70.83599419799998, -33.534203472999941 ], [ -70.836534935999964, -33.534222118999935 ], [ -70.837168904999942, -33.534352641999938 ], [ -70.837840165999978, -33.534501811 ], [ -70.83856736499996, -33.534576394999938 ], [ -70.83960155699998, -33.534641676999954 ], [ -70.839976474999958, -33.534511896999959 ], [ -70.840655731999959, -33.534296703999928 ], [ -70.841259844999968, -33.534122560999947 ], [ -70.841663602999972, -33.533906260999963 ], [ -70.84237854099996, -33.533742279999949 ], [ -70.84290273199997, -33.533882555999973 ], [ -70.843415359999938, -33.534166180999925 ], [ -70.844335031999961, -33.534480577999936 ], [ -70.844944342999952, -33.534818795999968 ], [ -70.84543509699995, -33.535004769999937 ], [ -70.845759947999966, -33.53511551499998 ], [ -70.845951904999936, -33.53525579199993 ], [ -70.846077416999947, -33.535351769999977 ], [ -70.846202926999979, -33.535610174999938 ], [ -70.847058251999954, -33.536007135999967 ], [ -70.847266077999961, -33.536042078999969 ], [ -70.847670295999933, -33.536042078999948 ], [ -70.848364046999961, -33.536146152999954 ], [ -70.848902389999978, -33.536280737999952 ], [ -70.849229240999989, -33.536376869999962 ], [ -70.849594543999956, -33.53654990899998 ], [ -70.849902168999961, -33.536722947999976 ], [ -70.850171340999964, -33.536876760999967 ], [ -70.850519535999979, -33.537056331999949 ], [ -70.850887430999933, -33.537293494999972 ], [ -70.851369170999988, -33.537492835999949 ], [ -70.851590660999989, -33.537387627999969 ], [ -70.851828593999983, -33.537193006999935 ], [ -70.852042624, -33.536832535999963 ], [ -70.852253626999982, -33.536459654999931 ], [ -70.852301711999985, -33.536325623999979 ], [ -70.852290918999984, -33.536030793999942 ], [ -70.852549536999959, -33.535751121999965 ], [ -70.852729771999975, -33.535593415999983 ], [ -70.852959185999964, -33.535434770999977 ], [ -70.853324489999977, -33.53537709099993 ], [ -70.853574435999974, -33.535242505999982 ], [ -70.853843606999988, -33.535050240999958 ], [ -70.854151229999957, -33.534781069999958 ], [ -70.854363156999966, -33.53457959099994 ], [ -70.854565922999939, -33.534365560999952 ], [ -70.854836275999958, -33.53424164799997 ], [ -70.855140423999956, -33.534117736999974 ], [ -70.855253070999936, -33.533858647999978 ], [ -70.855311592999954, -33.53358815099994 ], [ -70.855489629999965, -33.533340470999974 ], [ -70.855827571999953, -33.53311517599996 ], [ -70.856019072, -33.532788498999942 ], [ -70.856243899999981, -33.532469381999924 ], [ -70.856616822999968, -33.532040520999935 ], [ -70.856933806999962, -33.531723536999948 ], [ -70.857176205999963, -33.531462490999957 ], [ -70.857399959999952, -33.531238737999956 ], [ -70.857493190999946, -33.531089568999953 ], [ -70.857642358999954, -33.53086581499997 ], [ -70.857832693999967, -33.53078337699997 ], [ -70.85806925299994, -33.530760847999943 ], [ -70.858429722999972, -33.530783376999985 ], [ -70.858723835, -33.530698 ], [ -70.859413741999958, -33.530716645999973 ], [ -70.859749372999943, -33.530716646999956 ], [ -70.860234171999934, -33.530716645999966 ], [ -70.861091893999969, -33.530716646999963 ], [ -70.861893677999944, -33.53064206199997 ], [ -70.863180260999968, -33.530492891999984 ], [ -70.863982044999943, -33.530548830999962 ], [ -70.865082166999969, -33.530492891999984 ], [ -70.865509998999983, -33.530500000999957 ], [ -70.866368748999946, -33.530530184999975 ], [ -70.866928134999966, -33.53064206199997 ], [ -70.867420384999946, -33.530739726999968 ], [ -70.867927296999952, -33.530894616999952 ], [ -70.868560937999973, -33.531119910999962 ], [ -70.868923269999982, -33.531238737999963 ], [ -70.869405791999952, -33.531471933999953 ], [ -70.869856381999966, -33.531683147999956 ], [ -70.870335132999969, -33.531880279999925 ], [ -70.870785721999937, -33.532133736999974 ], [ -70.871334877999971, -33.532288625999954 ], [ -70.871898114999965, -33.532302707999975 ], [ -70.87267256399997, -33.532035170999961 ], [ -70.872969481999974, -33.532189690999928 ], [ -70.873286465999968, -33.532189690999921 ], [ -70.873528865999972, -33.53220833599994 ], [ -70.873901787999955, -33.532152398999976 ], [ -70.874218772999939, -33.532115106999981 ], [ -70.874815447999936, -33.532021874999941 ], [ -70.875430770999969, -33.531984583999929 ], [ -70.875691816999961, -33.531947290999938 ], [ -70.876046092999957, -33.531798121999948 ], [ -70.876530892999938, -33.531350614999958 ], [ -70.876922461999982, -33.530977691999965 ], [ -70.877090276999979, -33.530791229999963 ], [ -70.877258091999977, -33.530623415999969 ], [ -70.877481845999966, -33.530436953999981 ], [ -70.877742891999972, -33.530250492999983 ], [ -70.878246335999961, -33.530194552999937 ], [ -70.878675198999986, -33.530082676999939 ], [ -70.879290519999984, -33.529933508999939 ], [ -70.879570212999965, -33.529877569999947 ], [ -70.880055011999957, -33.529840276999941 ], [ -70.880577104999986, -33.529747046999937 ], [ -70.881173780999973, -33.529635169999935 ], [ -70.88154670299997, -33.52950464699996 ], [ -70.881695871999966, -33.529392769999959 ], [ -70.881900978999965, -33.529038494999945 ], [ -70.882031501999961, -33.528814739999973 ], [ -70.88223660999995, -33.528497756999968 ], [ -70.882423069999959, -33.528292648999972 ], [ -70.882646823999949, -33.528106186999928 ], [ -70.882889223999939, -33.527901079999936 ], [ -70.88323, -33.527810000999978 ], [ -70.883765592999964, -33.528050248999932 ], [ -70.884231744999965, -33.528199417999929 ], [ -70.884660606999944, -33.528274001999925 ], [ -70.885033529999987, -33.528367232999983 ], [ -70.88555562199997, -33.528348587999957 ], [ -70.885909896999976, -33.528311293999941 ], [ -70.886357404999956, -33.528106186999935 ], [ -70.886674389999939, -33.527919725999936 ], [ -70.887103249999939, -33.527658679999945 ], [ -70.887420233999933, -33.527397634999943 ], [ -70.888016910999966, -33.526912834999962 ], [ -70.888277956999957, -33.526745019999964 ], [ -70.88870681799996, -33.526428034999981 ], [ -70.888874633999933, -33.52611105099993 ], [ -70.888911924999945, -33.525887297999937 ], [ -70.888911924999945, -33.525533019999955 ], [ -70.888911924999945, -33.525122805999963 ], [ -70.889117032999934, -33.524861760999947 ], [ -70.889452662999986, -33.524414252999975 ], [ -70.889601831999983, -33.524190499999975 ], [ -70.889695062999976, -33.523910806999936 ], [ -70.890012046999971, -33.523537884999939 ], [ -70.890273093999951, -33.523071730999952 ], [ -70.89045955399996, -33.522792038999974 ], [ -70.890795184999945, -33.522624223999962 ], [ -70.891224045999934, -33.522363178999967 ], [ -70.891485091999982, -33.522139424999985 ], [ -70.891708844999982, -33.521915670999924 ], [ -70.891876660999969, -33.52165462499994 ], [ -70.892044476999956, -33.521300348999937 ], [ -70.892063121999968, -33.52092742699994 ], [ -70.892212289999975, -33.520517210999962 ], [ -70.892380105999962, -33.520200225999929 ], [ -70.892491982999957, -33.520032411999971 ], [ -70.892753028999948, -33.519845949999933 ], [ -70.893275121, -33.519734073999977 ], [ -70.893927734999977, -33.519640842999927 ], [ -70.894375241999967, -33.519417088999937 ], [ -70.895027857999935, -33.519211981999945 ], [ -70.895755055999985, -33.518988227999948 ], [ -70.896034748, -33.518764473999966 ], [ -70.896631424999953, -33.518447489999971 ], [ -70.897284039999988, -33.518279674999974 ], [ -70.897806130999982, -33.51811185899993 ], [ -70.898104469999964, -33.517944044999972 ], [ -70.898272284999962, -33.517720290999925 ], [ -70.898440099999959, -33.51742195199995 ], [ -70.898533329999964, -33.517198198999935 ], [ -70.898626560999958, -33.516918507999939 ], [ -70.898831668999946, -33.51654558499996 ], [ -70.899036775999946, -33.51630318499997 ], [ -70.899372406999987, -33.515911615999983 ], [ -70.899465635999945, -33.515687862999989 ], [ -70.899652098999979, -33.515352231999927 ], [ -70.899857205999979, -33.515091185999957 ], [ -70.900099605999969, -33.514718262999963 ], [ -70.90034200599996, -33.514363986999975 ], [ -70.900547112999959, -33.51404700299998 ], [ -70.900677635999955, -33.513841894999977 ], [ -70.901050558999941, -33.513413033999925 ], [ -70.901460773999986, -33.513133341999946 ], [ -70.901740464999989, -33.512928233999958 ], [ -70.902337141999965, -33.512555311999954 ], [ -70.902579540999966, -33.512312911999977 ], [ -70.902821939999967, -33.512126451999947 ], [ -70.903288093999947, -33.51184675899998 ], [ -70.903586432999987, -33.511567065999934 ], [ -70.903716955999982, -33.511455189999936 ], [ -70.903735601999983, -33.511082266999942 ], [ -70.903698308999935, -33.510858513999935 ], [ -70.903698309999982, -33.510746636999954 ], [ -70.90384, -33.510570000999955 ], [ -70.904183108999987, -33.510597467999958 ], [ -70.904481446999966, -33.510653406999964 ], [ -70.904761138999959, -33.510765282999955 ], [ -70.904966245999958, -33.510858513999949 ], [ -70.905432400999985, -33.510914451999945 ], [ -70.905786676999981, -33.510914451999952 ], [ -70.906396723999933, -33.510810109999952 ], [ -70.906642115999944, -33.510672688999932 ], [ -70.906980028999953, -33.510485591999945 ], [ -70.907166489999952, -33.510243191999955 ], [ -70.907315658999948, -33.510112668999973 ], [ -70.907781811999939, -33.509982145999977 ], [ -70.908415780999988, -33.509851621999928 ], [ -70.908714118999967, -33.509739745999987 ], [ -70.909404026999937, -33.509422761999922 ], [ -70.909832886999936, -33.50923630099993 ], [ -70.910149871999977, -33.509087130999944 ], [ -70.910336332999975, -33.508900669999939 ], [ -70.910522792999984, -33.508714208999955 ], [ -70.91067196399996, -33.508620977999946 ], [ -70.910872694999966, -33.508709543999935 ], [ -70.91102974599994, -33.508846964999975 ], [ -70.911194054999953, -33.509105776999938 ], [ -70.911361869999951, -33.509404115999985 ], [ -70.911492393999936, -33.509590576999983 ], [ -70.91179073099994, -33.50981433 ], [ -70.912294176999978, -33.510094021999976 ], [ -70.912834914999962, -33.51018725299997 ], [ -70.913319714999943, -33.510299129999957 ], [ -70.914028267999981, -33.510336420999977 ], [ -70.91512838899996, -33.510466944999969 ], [ -70.915675528999941, -33.510538212999968 ], [ -70.916138831999945, -33.51058532899998 ], [ -70.916445507999981, -33.510612963999961 ], [ -70.916631472999939, -33.510612962999964 ], [ -70.916823073999979, -33.510556609999966 ], [ -70.91697, -33.510480000999962 ], [ -70.917066130999956, -33.510456980999948 ], [ -70.917245725999976, -33.510455172999976 ], [ -70.917481622999958, -33.510506803999931 ], [ -70.918018539999935, -33.510690698999944 ], [ -70.918565279999939, -33.511001516999954 ], [ -70.9187773, -33.511111451999959 ], [ -70.919020728999953, -33.511142862999975 ], [ -70.919305122999958, -33.511287374999945 ], [ -70.919546851999939, -33.511472670999979 ], [ -70.919752630999938, -33.511734881999921 ], [ -70.92001367599994, -33.511977281999968 ], [ -70.92041, -33.512060001999934 ], [ -70.920927010999947, -33.511268548999965 ], [ -70.921371886999964, -33.510904754999942 ], [ -70.922143198999947, -33.510274019999933 ], [ -70.922816335999983, -33.509851552999976 ], [ -70.923288668999987, -33.50937922199995 ], [ -70.923895951999953, -33.508974365999954 ], [ -70.924604944999942, -33.508612770999946 ], [ -70.925018104999936, -33.50854391099994 ], [ -70.925650325999982, -33.508502034999935 ], [ -70.92652751199995, -33.508434559999955 ], [ -70.927809555999943, -33.50816465599997 ], [ -70.928754218999984, -33.507354943999928 ], [ -70.929631405999956, -33.506612709999956 ], [ -70.929968785999961, -33.505870472999966 ], [ -70.929968784999971, -33.50546561799996 ], [ -70.929968784999971, -33.504520954999961 ], [ -70.929766357999938, -33.503711242999941 ], [ -70.929226550999942, -33.502631629999932 ], [ -70.928754218999984, -33.501349585999947 ], [ -70.928416838999965, -33.500539874999959 ], [ -70.928360002999966, -33.499999931999987 ], [ -70.928281887999958, -33.499257832999945 ], [ -70.927742078999984, -33.49851559599994 ], [ -70.927067320999981, -33.497975789999956 ], [ -70.926372297999933, -33.497684071999956 ], [ -70.925852753999948, -33.497031125999953 ], [ -70.925380421999932, -33.495074323999965 ], [ -70.92463818799996, -33.492172858999929 ], [ -70.924098378999986, -33.491093242999973 ], [ -70.923954794999986, -33.490295614999965 ], [ -70.923458846999949, -33.489501644999969 ], [ -70.922927066999989, -33.489147238999969 ], [ -70.922350168999984, -33.48881261899993 ], [ -70.921570434, -33.488576579999972 ], [ -70.920926491999978, -33.488300254999956 ], [ -70.920432392999942, -33.488102736999956 ], [ -70.919867587999988, -33.488593838999975 ], [ -70.919278458999941, -33.488736578999983 ], [ -70.918729820999943, -33.488649640999938 ], [ -70.917950516999952, -33.488432658999947 ], [ -70.917148023, -33.488196943999988 ], [ -70.915844968999977, -33.487988052999974 ], [ -70.914539400999956, -33.487664662999975 ], [ -70.913688439999987, -33.487296060999924 ], [ -70.913193441999965, -33.486540206999969 ], [ -70.912898756999937, -33.485579865999959 ], [ -70.912647136999965, -33.485352124999956 ], [ -70.912290940999981, -33.485029729999944 ], [ -70.911654024999962, -33.484903359999976 ], [ -70.909710083999983, -33.484551590999956 ], [ -70.908716775999949, -33.48432104099993 ], [ -70.905314174999944, -33.483531285999952 ], [ -70.901143568999942, -33.482392839999932 ], [ -70.89830458199998, -33.481730131999932 ], [ -70.896646373999943, -33.480896586999954 ], [ -70.894407722999972, -33.47955653099995 ], [ -70.893076674999975, -33.479099685999969 ], [ -70.891414460999954, -33.479125071999931 ], [ -70.890488350999988, -33.47948278299998 ], [ -70.888663846999975, -33.480426813999934 ], [ -70.887224335999974, -33.481269515999934 ], [ -70.885550055999943, -33.481791285999982 ], [ -70.884139337999954, -33.481956805999971 ], [ -70.883199700999967, -33.481597982 ], [ -70.882052902999988, -33.481233654999983 ], [ -70.880186203999983, -33.480231264999922 ], [ -70.87784548999997, -33.479426906999933 ], [ -70.875317805999941, -33.479099147999925 ], [ -70.872961540999938, -33.478985464999944 ], [ -70.87086708399994, -33.479036195999981 ], [ -70.867086796999956, -33.479074131999944 ], [ -70.864263675999965, -33.479135729999925 ], [ -70.861200685999961, -33.47969714799995 ], [ -70.859817387999954, -33.479985147999962 ], [ -70.858863463999967, -33.48011398899996 ], [ -70.857368553999947, -33.479881310999929 ], [ -70.855716619999953, -33.479951195999938 ], [ -70.852781221999976, -33.480090565999937 ], [ -70.851467493999962, -33.480042404999949 ], [ -70.85080056399994, -33.480139255999973 ], [ -70.849727087999952, -33.48000258499998 ], [ -70.848736182999986, -33.479463827999965 ], [ -70.848223472999962, -33.478917931999945 ], [ -70.847725513999933, -33.476921140999934 ], [ -70.84724, -33.47574000099997 ], [ -70.846207140999979, -33.474206663999936 ], [ -70.84555, -33.473330000999958 ], [ -70.844533780999939, -33.472265724999943 ], [ -70.843864265999969, -33.470985087999964 ], [ -70.843385049999938, -33.469866035999935 ], [ -70.842706590999967, -33.46901717399993 ], [ -70.840899204, -33.467555184999981 ], [ -70.838842046999957, -33.46720397099994 ], [ -70.837675660999935, -33.466973129999928 ], [ -70.836876378999989, -33.466870452999956 ], [ -70.835848617999943, -33.466732979999961 ], [ -70.83512086099995, -33.466781934999972 ], [ -70.834234935999973, -33.466890489999962 ], [ -70.832497365999984, -33.466572613999958 ], [ -70.831096502999969, -33.466020683999943 ], [ -70.829781218999983, -33.465574308999976 ], [ -70.826716949999934, -33.466684732999965 ], [ -70.82668976399998, -33.466715738999945 ], [ -70.826500163999981, -33.466931243999966 ], [ -70.825910110999985, -33.467297812999966 ], [ -70.825622546999966, -33.467445366999989 ], [ -70.825454135999962, -33.467547974999938 ], [ -70.825149704999944, -33.467695559999981 ], [ -70.824810015999958, -33.467786401999952 ], [ -70.824570973999982, -33.467804262999941 ], [ -70.82438392399996, -33.467835696999934 ], [ -70.823972470999934, -33.467755833999952 ], [ -70.823508943, -33.467648113999935 ], [ -70.823216015999947, -33.467523571999948 ], [ -70.822531813999944, -33.467319238999941 ], [ -70.821965175999935, -33.467109848999932 ], [ -70.821266269999981, -33.466873856999939 ], [ -70.820567212999947, -33.466660624999982 ], [ -70.819641360999981, -33.466488145999961 ], [ -70.819128216999957, -33.466452734999955 ], [ -70.818394869999963, -33.466506446 ], [ -70.81830800299997, -33.466487016999956 ], [ -70.817808492999973, -33.466373197999921 ], [ -70.816994815999976, -33.466226982999942 ], [ -70.816647480999961, -33.466103490999942 ], [ -70.816200083999945, -33.466037764999953 ], [ -70.815869579999969, -33.466000841999978 ], [ -70.815382922999959, -33.466007971999943 ], [ -70.815087492999965, -33.46599657999996 ], [ -70.814797174999967, -33.465943817999964 ], [ -70.814435732999982, -33.465862988999959 ], [ -70.814263190999952, -33.465779627999943 ], [ -70.813709742999947, -33.465444192999932 ], [ -70.813342918999979, -33.465090797999949 ], [ -70.812786935999952, -33.464598903999956 ], [ -70.812540229999968, -33.46431003899994 ], [ -70.812520560999985, -33.464287004999953 ], [ -70.812436739999953, -33.464188854999961 ], [ -70.812260729999934, -33.463947813999944 ], [ -70.812051077999968, -33.463721854999953 ], [ -70.811964434999936, -33.463645052999929 ], [ -70.81192077299994, -33.463606349999964 ], [ -70.811685728999976, -33.463397990999958 ], [ -70.811469375999934, -33.463233189999983 ], [ -70.811428014999933, -33.463201683999948 ], [ -70.81142624499995, -33.463200335999936 ], [ -70.811424074999934, -33.463198682999966 ], [ -70.811406416999944, -33.463185216999932 ], [ -70.811390603999939, -33.463173187999928 ], [ -70.81097687099998, -33.462978994999958 ], [ -70.810637872999976, -33.462704609999939 ], [ -70.810627921999981, -33.462696554999987 ], [ -70.810620639999968, -33.462690660999947 ], [ -70.810614864999934, -33.46268598599994 ], [ -70.810611820999952, -33.46268351599997 ], [ -70.810412827999983, -33.462585478999983 ], [ -70.810301166999977, -33.462530559999941 ], [ -70.810128349999957, -33.462432862999947 ], [ -70.809767264999948, -33.462309306999934 ], [ -70.809458544999984, -33.462256473999958 ], [ -70.80916691799996, -33.462174916999963 ], [ -70.80854755999998, -33.461969288999953 ], [ -70.808426160999943, -33.461916118999966 ], [ -70.808178890999955, -33.461807542999956 ], [ -70.807960707999939, -33.461708657999971 ], [ -70.807949861999987, -33.461703725999939 ], [ -70.807948932999977, -33.461703302999972 ], [ -70.807948832999955, -33.461703257999929 ], [ -70.807948358999965, -33.461703042999936 ], [ -70.807942794999974, -33.461700511999936 ], [ -70.807938097, -33.46169837299994 ], [ -70.807771829999979, -33.461622825999946 ], [ -70.807355493999978, -33.461328077999944 ], [ -70.807040713999982, -33.46097475899996 ], [ -70.806798402999959, -33.460820816999949 ], [ -70.806606788999943, -33.460637465999987 ], [ -70.806417744999976, -33.460583012999976 ], [ -70.806256004999966, -33.460535448999963 ], [ -70.806171265, -33.460561219999924 ], [ -70.806063768999934, -33.460621175999954 ], [ -70.805917190999935, -33.460762874999944 ], [ -70.805725577999965, -33.460945104999965 ], [ -70.805480793999948, -33.461170873999947 ], [ -70.80530811899996, -33.461321099999957 ], [ -70.804840062999972, -33.461915469999937 ], [ -70.80462046699995, -33.46221938399998 ], [ -70.804504049999935, -33.462513305999956 ], [ -70.804406015999973, -33.462834204999972 ], [ -70.804257692999954, -33.46280318499997 ], [ -70.804241907999938, -33.462800902999952 ], [ -70.804217853999944, -33.462793964999932 ], [ -70.80421524999997, -33.462793214999962 ], [ -70.804084408999984, -33.462755476999959 ], [ -70.803499036999938, -33.462668556999965 ], [ -70.802814850999937, -33.462638652999942 ], [ -70.802401490999955, -33.462625042999953 ], [ -70.802145783999961, -33.462616652999934 ], [ -70.801733039999988, -33.462644249999975 ], [ -70.801463974999933, -33.462661997999923 ], [ -70.801248129999976, -33.462687371999948 ], [ -70.801008469999942, -33.462715808999981 ], [ -70.800635003999957, -33.462759779999935 ], [ -70.800311544999943, -33.462798574999965 ], [ -70.800194105999935, -33.462821529999928 ], [ -70.799915181999964, -33.462875736999933 ], [ -70.799405748999959, -33.46291829299998 ], [ -70.798612726999977, -33.462894491999968 ], [ -70.797511914999973, -33.462850573999951 ], [ -70.79700596899994, -33.462870735999957 ], [ -70.796607754999968, -33.462886648999977 ], [ -70.796571494999966, -33.462888367999938 ], [ -70.796246911999958, -33.462872717999971 ], [ -70.796023974999969, -33.462862047999977 ], [ -70.79599135999996, -33.462860285999966 ], [ -70.796545051999942, -33.460805802999985 ], [ -70.796591293999938, -33.460560168999976 ], [ -70.795690157999957, -33.460447666999983 ], [ -70.794538315999944, -33.460527130999935 ], [ -70.792892397999935, -33.460620010999946 ], [ -70.790473925999947, -33.461025378999985 ], [ -70.789488739999967, -33.461196559999962 ], [ -70.787301716999934, -33.461567134999932 ], [ -70.78514436899998, -33.461924687999947 ], [ -70.783210743999973, -33.462235038999957 ], [ -70.781993909999983, -33.462434604999942 ], [ -70.781431016999989, -33.462379916999964 ], [ -70.780770906999976, -33.462332899999979 ], [ -70.780007375999958, -33.462356424999932 ], [ -70.778542139999956, -33.462496743999971 ], [ -70.778094133999957, -33.462565953999956 ], [ -70.777084898999988, -33.462662043999956 ], [ -70.776400898999952, -33.460342674999936 ], [ -70.775869128999943, -33.45857892399993 ], [ -70.775776714999949, -33.458583826999977 ], [ -70.775652997999941, -33.458184389999921 ], [ -70.775466242999983, -33.458197444999946 ], [ -70.770319860999962, -33.458563223999917 ], [ -70.768981305999944, -33.458659406999978 ], [ -70.765122278999968, -33.458917242999966 ], [ -70.764851472999965, -33.45892718399994 ], [ -70.764456919999986, -33.460057412999952 ], [ -70.764126080999986, -33.461094315999958 ], [ -70.763742312999966, -33.46234983599993 ], [ -70.763733214999959, -33.462379600999959 ], [ -70.763688772999956, -33.462524994999967 ], [ -70.763332480999964, -33.463498079999965 ], [ -70.763293451999971, -33.463499595999963 ], [ -70.763092248999953, -33.46350741 ], [ -70.762995615999955, -33.463522601999955 ], [ -70.762801895999985, -33.463561912999971 ], [ -70.762576166999963, -33.463638117999956 ], [ -70.762379098999986, -33.463747097999928 ], [ -70.76220032599997, -33.463871902999983 ], [ -70.762134879999962, -33.463917591999973 ], [ -70.762023527999986, -33.463957803999961 ], [ -70.761849439999935, -33.464020669999975 ], [ -70.761043900999937, -33.464177508999967 ], [ -70.760421701999974, -33.464298649999918 ], [ -70.759894711999948, -33.464493436999923 ], [ -70.759316515999956, -33.464590671999936 ], [ -70.759065565999947, -33.464635936999969 ], [ -70.758359435999978, -33.464763305999945 ], [ -70.756864511999936, -33.465038110999956 ], [ -70.753886947999945, -33.465626546999943 ], [ -70.753409126999941, -33.465693143999935 ], [ -70.752342935999934, -33.465874448999948 ], [ -70.752214920999961, -33.465896216999951 ], [ -70.751964851999958, -33.465939487999947 ], [ -70.750969029, -33.466117605999955 ], [ -70.749966564999966, -33.466301919999964 ], [ -70.748444748999987, -33.466576520999986 ], [ -70.747632512999985, -33.46672390699996 ], [ -70.746787564999977, -33.46687722799993 ], [ -70.744419661999984, -33.467306899999983 ], [ -70.743731467999964, -33.467431777999934 ], [ -70.743391162999956, -33.46749352799997 ], [ -70.742888540999957, -33.467584731999985 ], [ -70.742085451999969, -33.467730514999978 ], [ -70.741328481999972, -33.467863051999977 ], [ -70.741214528999933, -33.467883003999923 ], [ -70.740802465999934, -33.467953283999975 ], [ -70.740162276999968, -33.468062471999929 ], [ -70.739664374999961, -33.468147392999988 ], [ -70.739131515999986, -33.468238274999983 ], [ -70.738657694999972, -33.468318743999923 ], [ -70.738365668999961, -33.46836833899993 ], [ -70.738268235999954, -33.468388061 ], [ -70.738042662999987, -33.468433721999922 ], [ -70.738004094999951, -33.468441528999961 ], [ -70.737792636999984, -33.468526123999943 ], [ -70.737552559999983, -33.468661989999916 ], [ -70.73745734299996, -33.468677754999923 ], [ -70.737303991999966, -33.468703145999932 ], [ -70.737204533999943, -33.470277334999935 ], [ -70.737186601999952, -33.470561149999973 ], [ -70.737175856999954, -33.47073121699998 ], [ -70.737157706999938, -33.471018491999985 ], [ -70.73712967199998, -33.471205787999956 ], [ -70.737124335999965, -33.471213392999985 ], [ -70.737027374999968, -33.471351579999983 ], [ -70.736993532999975, -33.471399811999945 ], [ -70.736905700999955, -33.471467326999971 ], [ -70.736786331999951, -33.471559084999967 ], [ -70.735590147999972, -33.470700030999986 ], [ -70.735430620999978, -33.470597910999963 ], [ -70.735083682999971, -33.470375822999983 ], [ -70.734922468999969, -33.470272623999961 ], [ -70.734253725999963, -33.469844535999975 ], [ -70.734238086999937, -33.469834524999953 ], [ -70.734229026999969, -33.469828724999957 ], [ -70.734047664999935, -33.469712627999961 ], [ -70.733857752999953, -33.469591057999935 ], [ -70.733830553999951, -33.46957364699994 ], [ -70.733823583999936, -33.469569184999955 ], [ -70.733627980999984, -33.469443972999947 ], [ -70.732834984999954, -33.469712378999922 ], [ -70.731310986999972, -33.470170323999973 ], [ -70.730325694999976, -33.470445355999971 ], [ -70.729515084999946, -33.470700047999962 ], [ -70.72880238099998, -33.470939051999949 ], [ -70.72693101699997, -33.47154137299998 ], [ -70.726701817999981, -33.471612568999944 ], [ -70.726485497999988, -33.471687163999945 ], [ -70.72627721899994, -33.471736592999939 ], [ -70.725966615999937, -33.47179460499995 ], [ -70.725613885999962, -33.471881835999973 ], [ -70.725397705999967, -33.471963585999958 ], [ -70.725082669999949, -33.472099680999982 ], [ -70.724838395999953, -33.472186114999943 ], [ -70.724352636999981, -33.472327447999923 ], [ -70.724152280999988, -33.472388931999937 ], [ -70.723873990999948, -33.472482995999925 ], [ -70.723492035999982, -33.472604270999966 ], [ -70.72306214799994, -33.472720483999971 ], [ -70.722713948999967, -33.472821243999924 ], [ -70.722458373999984, -33.472888554999948 ], [ -70.722331249999968, -33.472948251999973 ], [ -70.722156723999944, -33.473065324999929 ], [ -70.721986673999936, -33.473210360999921 ] ] ] } },
{ "type": "Feature", "properties": { "OA_ID": "13123", "REGION": "Metropolitana de Santiago", "PROVINCIA": "Santiago", "COMUNA": "Providencia", "area_km2": 14.44774237289039 }, "geometry": { "type": "Polygon", "coordinates": [ [ [ -70.631555358999947, -33.44983042199992 ], [ -70.631634392999956, -33.449583554999947 ], [ -70.631985005999979, -33.448401360999974 ], [ -70.632260311999971, -33.447379113999943 ], [ -70.632847806999962, -33.445424851999967 ], [ -70.633233489999952, -33.444217093999946 ], [ -70.633479952999949, -33.44343510399996 ], [ -70.633926707999933, -33.441763352999942 ], [ -70.634429243999989, -33.440014920999943 ], [ -70.634775316999935, -33.438905596 ], [ -70.635010197999975, -33.437924623999933 ], [ -70.635220125999979, -33.437166380999933 ], [ -70.635389266999937, -33.436460578999956 ], [ -70.635376432999976, -33.435695335999988 ], [ -70.635642805999964, -33.434144248999907 ], [ -70.635861241999976, -33.432785430999957 ], [ -70.636036918999935, -33.431786651999971 ], [ -70.636234701999967, -33.430623187999977 ], [ -70.634287006999955, -33.427871718999938 ], [ -70.633437676999961, -33.426671886999934 ], [ -70.633232116999977, -33.425333920999947 ], [ -70.633065772999942, -33.424941823999959 ], [ -70.632923192999954, -33.424419027999932 ], [ -70.632840019999946, -33.42344472599995 ], [ -70.632733084999984, -33.42275558499994 ], [ -70.632626147999986, -33.422387250999961 ], [ -70.632424158999982, -33.422113971999977 ], [ -70.631925126999988, -33.421579292999972 ], [ -70.631164695999985, -33.420997088999975 ], [ -70.630748834999963, -33.42071192699995 ], [ -70.630356737999989, -33.420414883999968 ], [ -70.629850485999953, -33.420155299999976 ], [ -70.62940795599998, -33.419978287999982 ], [ -70.628943298999957, -33.419779149999961 ], [ -70.628434390999985, -33.419624263999921 ], [ -70.62706254699998, -33.419137480999943 ], [ -70.625699998999949, -33.418530000999965 ], [ -70.624600000999976, -33.417700000999957 ], [ -70.62367719199996, -33.416415921999935 ], [ -70.622902764999935, -33.415420229999938 ], [ -70.622061956999971, -33.414446662999978 ], [ -70.621508794999954, -33.413428844999949 ], [ -70.621357707999948, -33.413234588999956 ], [ -70.621044137999945, -33.41283142899993 ], [ -70.620601608999948, -33.412499530999966 ], [ -70.620076069999982, -33.412202044999965 ], [ -70.619258998999953, -33.411953817999965 ], [ -70.618549427999938, -33.411778816999977 ], [ -70.617877596999961, -33.41146045899994 ], [ -70.617236231999982, -33.411164443999951 ], [ -70.616446857999961, -33.410786203999962 ], [ -70.615512513999988, -33.410154120999962 ], [ -70.614859449999983, -33.40970271499998 ], [ -70.614522120999936, -33.409400892999933 ], [ -70.61397, -33.408940000999962 ], [ -70.605382887999951, -33.409257631999935 ], [ -70.605404672999953, -33.409319174999943 ], [ -70.605511927999942, -33.409509038999943 ], [ -70.60562970999996, -33.409823728999989 ], [ -70.605977673999973, -33.41072209299994 ], [ -70.606096486999945, -33.411193995999938 ], [ -70.606259050999938, -33.411496930999931 ], [ -70.606491690999974, -33.412092378999944 ], [ -70.606870187999959, -33.413326522999974 ], [ -70.607019101999981, -33.413992182999948 ], [ -70.607241162999969, -33.414974272999977 ], [ -70.607543074999967, -33.415760537 ], [ -70.607719403999965, -33.416096756999927 ], [ -70.60697023299997, -33.41625437499993 ], [ -70.606517664999956, -33.416318351999969 ], [ -70.605329111999936, -33.416904824999961 ], [ -70.604855354999984, -33.417185427999989 ], [ -70.604345537999961, -33.417267798999951 ], [ -70.603196134999962, -33.417380987999934 ], [ -70.602736526999934, -33.417499728999928 ], [ -70.602274792999935, -33.417664622999958 ], [ -70.602042772999937, -33.417765843999966 ], [ -70.601595386999975, -33.418028397999926 ], [ -70.601228919999983, -33.418288679999932 ], [ -70.600610848999963, -33.418760578999965 ], [ -70.600251760999981, -33.419021408999981 ], [ -70.599650888999989, -33.419454027999954 ], [ -70.598743641999988, -33.420102268999976 ], [ -70.596870569999965, -33.421491021999934 ], [ -70.595221540999944, -33.422736344999976 ], [ -70.593730069999935, -33.423913484999957 ], [ -70.592278058999966, -33.425049313999978 ], [ -70.590989051999941, -33.426071057999927 ], [ -70.590728645999945, -33.426239454999973 ], [ -70.589826407999965, -33.426938412999959 ], [ -70.588776663999965, -33.427768299999968 ], [ -70.587557102999938, -33.428817583999951 ], [ -70.586549107999986, -33.429690812999965 ], [ -70.585523506999948, -33.430605909999933 ], [ -70.584912933999988, -33.431203422999936 ], [ -70.584499427999958, -33.431758026999937 ], [ -70.584493466999959, -33.431765905999946 ], [ -70.584430018999967, -33.431849710999984 ], [ -70.584061401999975, -33.432306759999953 ], [ -70.583701514999973, -33.432716296999956 ], [ -70.583286657999963, -33.433079433999978 ], [ -70.582953251999982, -33.433341363999951 ], [ -70.582260048999956, -33.433795387999965 ], [ -70.582333616999961, -33.433902504999935 ], [ -70.582450184999971, -33.434073826999963 ], [ -70.583205113999952, -33.434931466999949 ], [ -70.583694898999966, -33.435486538999946 ], [ -70.583866571999977, -33.435682391999933 ], [ -70.58415691099998, -33.436013896999945 ], [ -70.584242214999961, -33.43611080799996 ], [ -70.584531553999966, -33.436427327999979 ], [ -70.584946478999939, -33.436888606999958 ], [ -70.585034246999953, -33.436986473999973 ], [ -70.585178274999976, -33.437150096999972 ], [ -70.585249034999947, -33.437225739999974 ], [ -70.58544300899996, -33.437442268999966 ], [ -70.585563160999982, -33.437575672999962 ], [ -70.585842587999934, -33.437889144999929 ], [ -70.58677060499997, -33.438932468999944 ], [ -70.587025194999967, -33.439226387999938 ], [ -70.587185188999968, -33.439428523999929 ], [ -70.587395903999948, -33.439744226999949 ], [ -70.587543297999957, -33.439978230999934 ], [ -70.587911374999976, -33.440535517999933 ], [ -70.58803931999995, -33.440730745999929 ], [ -70.588139681999962, -33.440878670999943 ], [ -70.588389654999958, -33.44130674299997 ], [ -70.588460277999957, -33.441427636999947 ], [ -70.588601805999986, -33.441641986999961 ], [ -70.588775208999948, -33.44191112599998 ], [ -70.588886427999967, -33.442086859999961 ], [ -70.589173016999951, -33.442535576999937 ], [ -70.589540401999955, -33.443122186999965 ], [ -70.590080514999954, -33.443959677999928 ], [ -70.59039809899997, -33.44447314199995 ], [ -70.590796175999969, -33.445056348999969 ], [ -70.591015035999988, -33.445388099999946 ], [ -70.591237154999988, -33.445762376999923 ], [ -70.591721100999962, -33.446487456999932 ], [ -70.592322274999958, -33.44721823499998 ], [ -70.592808169999955, -33.447758710999942 ], [ -70.594566905999955, -33.446812838999953 ], [ -70.595790728999987, -33.446157900999935 ], [ -70.596110962999944, -33.445983550999983 ], [ -70.596405135999987, -33.445797093999921 ], [ -70.597032283999965, -33.445404466999946 ], [ -70.597221998999942, -33.445280749999938 ], [ -70.598053655999934, -33.44473993299993 ], [ -70.598220983999965, -33.444619601999932 ], [ -70.599187307999955, -33.444662958999963 ], [ -70.599528974999942, -33.444682340999975 ], [ -70.601098897999975, -33.444823121999939 ], [ -70.601733111999977, -33.444880453999929 ], [ -70.602193507999971, -33.444942111999985 ], [ -70.602999602999944, -33.445019499999937 ], [ -70.60393665, -33.445120474999939 ], [ -70.604576251999973, -33.445189110999934 ], [ -70.60600227499998, -33.445393441999947 ], [ -70.607725378999987, -33.445591753999956 ], [ -70.608211133999987, -33.445644146999939 ], [ -70.608539407999956, -33.445687789999965 ], [ -70.608820545999947, -33.445741606999945 ], [ -70.60969, -33.445970000999971 ], [ -70.610898955999971, -33.446341396999969 ], [ -70.611157154999944, -33.446407293999982 ], [ -70.611881886999981, -33.446521711999928 ], [ -70.612744561999989, -33.44665410399994 ], [ -70.613893719999965, -33.446826514999941 ], [ -70.613750094999943, -33.447560126999974 ], [ -70.616130994999949, -33.447948934999943 ], [ -70.617518373999985, -33.448202566999946 ], [ -70.618431916999953, -33.448370524999973 ], [ -70.618602688999943, -33.447822821999985 ], [ -70.618769439999937, -33.447257668999946 ], [ -70.620464855999955, -33.447595223999933 ], [ -70.621552837999957, -33.447811188999935 ], [ -70.622632968999937, -33.44803038699996 ], [ -70.624109791999956, -33.448325523999983 ], [ -70.625140457999976, -33.448532698999934 ], [ -70.62561594999994, -33.44862672499994 ], [ -70.626783693999982, -33.448913908999955 ], [ -70.627118949999954, -33.448979374999965 ], [ -70.628098018999935, -33.449164717999977 ], [ -70.628592522999952, -33.449262764999951 ], [ -70.62926110099994, -33.449392717999956 ], [ -70.62958882199996, -33.449456933999954 ], [ -70.630580382999938, -33.449645278999967 ], [ -70.631555358999947, -33.44983042199992 ] ] ] } },
{ "type": "Feature", "properties": { "OA_ID": "13131", "REGION": "Metropolitana de Santiago", "PROVINCIA": "Santiago", "COMUNA": "San Ramón", "area_km2": 6.3157788616657902 }, "geometry": { "type": "Polygon", "coordinates": [ [ [ -70.654950697999936, -33.554969235999977 ], [ -70.654491826999958, -33.552839451999937 ], [ -70.654154552999955, -33.551415694999946 ], [ -70.65413, -33.551160000999978 ], [ -70.653844968999977, -33.549965832999938 ], [ -70.653552830999956, -33.548935768999968 ], [ -70.653498777999971, -33.548760485999921 ], [ -70.653367482999954, -33.548334717999971 ], [ -70.653166486999964, -33.547573497999956 ], [ -70.653114917999972, -33.547380044999947 ], [ -70.652835998999933, -33.546364525999934 ], [ -70.652490403999934, -33.54515575399995 ], [ -70.652395792999982, -33.544844082999923 ], [ -70.65213, -33.544880000999953 ], [ -70.651863684999967, -33.543924343999947 ], [ -70.65159508399995, -33.54291147199995 ], [ -70.651346463999971, -33.542049845999948 ], [ -70.651141557999949, -33.541314095999958 ], [ -70.650972514999978, -33.540590991999977 ], [ -70.65095669699997, -33.540358562999984 ], [ -70.65092, -33.5401 ], [ -70.65127843099998, -33.540041651999964 ], [ -70.651044456999955, -33.539204929999975 ], [ -70.650730558999953, -33.538280941999965 ], [ -70.650506001999986, -33.537559769999966 ], [ -70.650147291999986, -33.536301136999953 ], [ -70.649884914999973, -33.53538838999998 ], [ -70.649696952999989, -33.534718027999922 ], [ -70.649364339999977, -33.533632032999947 ], [ -70.649151220999954, -33.532836736999961 ], [ -70.648912422999956, -33.531964235999972 ], [ -70.648722398999951, -33.531334461999961 ], [ -70.648453428999971, -33.530372884999963 ], [ -70.648127991999957, -33.529212821999977 ], [ -70.647968542999934, -33.528617237999981 ], [ -70.647942318999981, -33.528511406999932 ], [ -70.647930088999942, -33.528467427999942 ], [ -70.647896292999974, -33.528412997999958 ], [ -70.647837292999952, -33.528381571999944 ], [ -70.647772392999968, -33.528339486999975 ], [ -70.647719403999986, -33.528249521999953 ], [ -70.647653958999967, -33.528028488999951 ], [ -70.647548588999939, -33.527580119999982 ], [ -70.647369119999951, -33.526980027999969 ], [ -70.647182915999963, -33.526325146999966 ], [ -70.64709434699995, -33.525936204999944 ], [ -70.646894630999952, -33.525244518999948 ], [ -70.646663587999967, -33.524478087999981 ], [ -70.646476061999977, -33.523827994999969 ], [ -70.64630323199998, -33.523276726999939 ], [ -70.646001677999948, -33.52232153999995 ], [ -70.645701826999982, -33.521305484999964 ], [ -70.645519198999978, -33.520612375999981 ], [ -70.645287052999947, -33.519786304999968 ], [ -70.645076766999978, -33.519061349999951 ], [ -70.644995988999938, -33.518782060999968 ], [ -70.644783222999934, -33.518001065999947 ], [ -70.644672863999972, -33.517588549999971 ], [ -70.64462277299998, -33.517365893999958 ], [ -70.644336674999977, -33.517421480999936 ], [ -70.643826889999957, -33.517522132999943 ], [ -70.642760500999955, -33.517739019999958 ], [ -70.642156929999942, -33.517862679999958 ], [ -70.640935268999954, -33.518115625999933 ], [ -70.63963724499996, -33.518368210999931 ], [ -70.6388, -33.518530000999917 ], [ -70.638224522999963, -33.518654954999924 ], [ -70.637696702999961, -33.518747656999949 ], [ -70.637399940999956, -33.518774711999988 ], [ -70.63715803599996, -33.518781991999965 ], [ -70.636927192999963, -33.518772797999922 ], [ -70.636749813999984, -33.518756093 ], [ -70.636604642999941, -33.518729771999979 ], [ -70.636525244999973, -33.519554382999949 ], [ -70.636417232999975, -33.520474444999948 ], [ -70.636288393999962, -33.52165008999998 ], [ -70.636171320999964, -33.52269434699997 ], [ -70.636074245999964, -33.52359040299995 ], [ -70.635922909999977, -33.524933369999928 ], [ -70.635873449999963, -33.525332496 ], [ -70.63575450899998, -33.526429269999937 ], [ -70.635660634999965, -33.52734437099997 ], [ -70.635545858999933, -33.528359963999939 ], [ -70.635427037999989, -33.529160862999959 ], [ -70.63531385999994, -33.529656272999944 ], [ -70.635181234999948, -33.530178185999937 ], [ -70.635081711999987, -33.530642395999962 ], [ -70.634970800999952, -33.531409785999983 ], [ -70.634854388999941, -33.532357992999948 ], [ -70.634649370999966, -33.533953394999969 ], [ -70.634554586999968, -33.535388667999939 ], [ -70.634498082999983, -33.536852067999966 ], [ -70.634460495999988, -33.537655472999973 ], [ -70.634409031999951, -33.538251473999928 ], [ -70.634350091999977, -33.539131514999951 ], [ -70.63432, -33.53967 ], [ -70.634300001, -33.53994 ], [ -70.634274271, -33.540477058999947 ], [ -70.634230935999938, -33.54112663899997 ], [ -70.634168306999982, -33.541750081999965 ], [ -70.634155540999984, -33.542060736999936 ], [ -70.634109998999975, -33.54261000099995 ], [ -70.63364, -33.545240000999975 ], [ -70.63311, -33.548030000999979 ], [ -70.632720000999939, -33.550160000999938 ], [ -70.632488166999963, -33.551147332999953 ], [ -70.631933137999965, -33.553793503999941 ], [ -70.631447666999975, -33.555937807999953 ], [ -70.63100757899997, -33.558084942999976 ], [ -70.631172859999936, -33.558098697999988 ], [ -70.631861446999949, -33.55817001499998 ], [ -70.632182985999975, -33.558173411 ], [ -70.632419112999969, -33.558151692999957 ], [ -70.633284967999941, -33.558032427999926 ], [ -70.633973655999966, -33.55793180899996 ], [ -70.634860050999976, -33.557811355999959 ], [ -70.635438646999944, -33.55772758899996 ], [ -70.636096031999955, -33.557631902999958 ], [ -70.636657413999956, -33.557553794999926 ], [ -70.638040266999951, -33.557356972999969 ], [ -70.638589894999939, -33.557287167999952 ], [ -70.639374981999936, -33.557190679999955 ], [ -70.640436100999977, -33.557037967999968 ], [ -70.641678926999987, -33.556878304999934 ], [ -70.643002787999933, -33.556711210999929 ], [ -70.643545862999986, -33.556638751999962 ], [ -70.644073785999979, -33.556566491999938 ], [ -70.644750767999938, -33.556477749999942 ], [ -70.645381181999937, -33.55638780999994 ], [ -70.646518402999959, -33.556196878999963 ], [ -70.647197094999967, -33.556084537999936 ], [ -70.648327076999976, -33.555911810999923 ], [ -70.648929467999949, -33.55582857099995 ], [ -70.649950597999975, -33.555680840999969 ], [ -70.650848689999975, -33.555551961999981 ], [ -70.651437059999978, -33.555471614999931 ], [ -70.652237947999936, -33.555353991999937 ], [ -70.65446591999995, -33.555036050999945 ], [ -70.654950697999936, -33.554969235999977 ] ] ] } },
{ "type": "Feature", "properties": { "OA_ID": "13120", "REGION": "Metropolitana de Santiago", "PROVINCIA": "Santiago", "COMUNA": "Ñuñoa", "area_km2": 16.896907907275061 }, "geometry": { "type": "Polygon", "coordinates": [ [ [ -70.576454399999989, -33.469403456999935 ], [ -70.577624035999975, -33.470050055999927 ], [ -70.578157441999963, -33.470329248999981 ], [ -70.581866562999949, -33.472263026999947 ], [ -70.583569110999974, -33.473144166999916 ], [ -70.584263221999947, -33.473388547999932 ], [ -70.584859641999969, -33.473477656999926 ], [ -70.585909249999986, -33.473580505999969 ], [ -70.58624, -33.473610000999948 ], [ -70.586535594999987, -33.473645006999952 ], [ -70.587384601999986, -33.473779706999949 ], [ -70.588795607999941, -33.474037151999937 ], [ -70.589354620999984, -33.474089635999974 ], [ -70.58966216999994, -33.474062943999968 ], [ -70.59032551699994, -33.473972880999959 ], [ -70.590950047999968, -33.473888838999983 ], [ -70.591811900999971, -33.473794263999942 ], [ -70.592258941999958, -33.473755685999947 ], [ -70.592908317999957, -33.473718559999945 ], [ -70.59413961599995, -33.473649608999949 ], [ -70.595294691999982, -33.473588073999956 ], [ -70.596342896999943, -33.473534522999948 ], [ -70.597173579999946, -33.473614810999948 ], [ -70.597912985999983, -33.473634620999974 ], [ -70.598684582999965, -33.473660053999936 ], [ -70.599395387999948, -33.473722270999929 ], [ -70.60015, -33.47376000099996 ], [ -70.600680000999944, -33.473780000999966 ], [ -70.602400650999982, -33.473882366999931 ], [ -70.604824683999936, -33.474009216999931 ], [ -70.60700144499998, -33.47412060299996 ], [ -70.60789755899998, -33.474162911999954 ], [ -70.608715414999949, -33.474204490999952 ], [ -70.609201995999967, -33.474230214999977 ], [ -70.610124237999969, -33.474278211999945 ], [ -70.610938840999964, -33.474320565999939 ], [ -70.611403679999967, -33.474344731999956 ], [ -70.612099236999939, -33.474379179999964 ], [ -70.612507476999951, -33.474399109999972 ], [ -70.613751943999944, -33.474459852999928 ], [ -70.614410862999989, -33.474492009999949 ], [ -70.615873052999973, -33.474569293999934 ], [ -70.616930997999987, -33.474625738999968 ], [ -70.617645852999942, -33.474661849999954 ], [ -70.617818928999952, -33.474670497999966 ], [ -70.618603986999972, -33.474709723999972 ], [ -70.618903759999966, -33.47472470099995 ], [ -70.619229860999951, -33.474739997999954 ], [ -70.619443716999967, -33.474750028999949 ], [ -70.619872037999983, -33.474770118999956 ], [ -70.620896280999943, -33.474820350999941 ], [ -70.623049187999982, -33.474926258999957 ], [ -70.623189981999985, -33.474329864999959 ], [ -70.623435208999979, -33.473424191999982 ], [ -70.623559496999974, -33.472903061999943 ], [ -70.623844007999935, -33.471840590999932 ], [ -70.623996466999984, -33.471182827999932 ], [ -70.62410377599997, -33.470525247999944 ], [ -70.624213001999976, -33.470275662999939 ], [ -70.624312444999987, -33.470112105999945 ], [ -70.624409974999935, -33.469998680999936 ], [ -70.624644694999972, -33.469836093999959 ], [ -70.625106645999949, -33.469561183999922 ], [ -70.625630109999975, -33.469239621999968 ], [ -70.625867472999971, -33.469032451999972 ], [ -70.625951482999938, -33.468910925999971 ], [ -70.62604069799994, -33.468724720999937 ], [ -70.626126892999935, -33.468461096999931 ], [ -70.626365735999968, -33.467503491999928 ], [ -70.626818305999961, -33.465943759999959 ], [ -70.626975803999983, -33.46545331599998 ], [ -70.62725181899998, -33.464447924999945 ], [ -70.62761934599996, -33.46328507099998 ], [ -70.627990706999981, -33.461943189999928 ], [ -70.628868775999933, -33.458947929999972 ], [ -70.629786580999962, -33.455696547999928 ], [ -70.630082957999946, -33.454714187999961 ], [ -70.630289526999945, -33.454095551999963 ], [ -70.630566388999966, -33.453218889999953 ], [ -70.63095332599994, -33.451906455999953 ], [ -70.631555358999947, -33.44983042199992 ], [ -70.630580382999938, -33.449645278999967 ], [ -70.62958882199996, -33.449456933999954 ], [ -70.62926110099994, -33.449392717999956 ], [ -70.628592522999952, -33.449262764999951 ], [ -70.628098018999935, -33.449164717999977 ], [ -70.627118949999954, -33.448979374999965 ], [ -70.626783693999982, -33.448913908999955 ], [ -70.62561594999994, -33.44862672499994 ], [ -70.625140457999976, -33.448532698999934 ], [ -70.624109791999956, -33.448325523999983 ], [ -70.622632968999937, -33.44803038699996 ], [ -70.621552837999957, -33.447811188999935 ], [ -70.620464855999955, -33.447595223999933 ], [ -70.618769439999937, -33.447257668999946 ], [ -70.618602688999943, -33.447822821999985 ], [ -70.618431916999953, -33.448370524999973 ], [ -70.617518373999985, -33.448202566999946 ], [ -70.616130994999949, -33.447948934999943 ], [ -70.613750094999943, -33.447560126999974 ], [ -70.613893719999965, -33.446826514999941 ], [ -70.612744561999989, -33.44665410399994 ], [ -70.611881886999981, -33.446521711999928 ], [ -70.611157154999944, -33.446407293999982 ], [ -70.610898955999971, -33.446341396999969 ], [ -70.60969, -33.445970000999971 ], [ -70.608820545999947, -33.445741606999945 ], [ -70.608539407999956, -33.445687789999965 ], [ -70.608211133999987, -33.445644146999939 ], [ -70.607725378999987, -33.445591753999956 ], [ -70.60600227499998, -33.445393441999947 ], [ -70.604576251999973, -33.445189110999934 ], [ -70.60393665, -33.445120474999939 ], [ -70.602999602999944, -33.445019499999937 ], [ -70.602193507999971, -33.444942111999985 ], [ -70.601733111999977, -33.444880453999929 ], [ -70.601098897999975, -33.444823121999939 ], [ -70.599528974999942, -33.444682340999975 ], [ -70.599187307999955, -33.444662958999963 ], [ -70.598220983999965, -33.444619601999932 ], [ -70.598053655999934, -33.44473993299993 ], [ -70.597221998999942, -33.445280749999938 ], [ -70.597032283999965, -33.445404466999946 ], [ -70.596405135999987, -33.445797093999921 ], [ -70.596110962999944, -33.445983550999983 ], [ -70.595790728999987, -33.446157900999935 ], [ -70.594566905999955, -33.446812838999953 ], [ -70.592808169999955, -33.447758710999942 ], [ -70.592322274999958, -33.44721823499998 ], [ -70.591721100999962, -33.446487456999932 ], [ -70.591237154999988, -33.445762376999923 ], [ -70.591015035999988, -33.445388099999946 ], [ -70.590796175999969, -33.445056348999969 ], [ -70.59039809899997, -33.44447314199995 ], [ -70.590080514999954, -33.443959677999928 ], [ -70.589540401999955, -33.443122186999965 ], [ -70.589173016999951, -33.442535576999937 ], [ -70.588886427999967, -33.442086859999961 ], [ -70.588775208999948, -33.44191112599998 ], [ -70.588601805999986, -33.441641986999961 ], [ -70.588460277999957, -33.441427636999947 ], [ -70.588389654999958, -33.44130674299997 ], [ -70.588139681999962, -33.440878670999943 ], [ -70.58803931999995, -33.440730745999929 ], [ -70.587911374999976, -33.440535517999933 ], [ -70.587543297999957, -33.439978230999934 ], [ -70.587395903999948, -33.439744226999949 ], [ -70.587185188999968, -33.439428523999929 ], [ -70.587025194999967, -33.439226387999938 ], [ -70.58677060499997, -33.438932468999944 ], [ -70.585842587999934, -33.437889144999929 ], [ -70.585563160999982, -33.437575672999962 ], [ -70.58544300899996, -33.437442268999966 ], [ -70.585249034999947, -33.437225739999974 ], [ -70.585178274999976, -33.437150096999972 ], [ -70.585034246999953, -33.436986473999973 ], [ -70.584946478999939, -33.436888606999958 ], [ -70.584531553999966, -33.436427327999979 ], [ -70.584242214999961, -33.43611080799996 ], [ -70.58415691099998, -33.436013896999945 ], [ -70.583866571999977, -33.435682391999933 ], [ -70.583694898999966, -33.435486538999946 ], [ -70.583205113999952, -33.434931466999949 ], [ -70.582450184999971, -33.434073826999963 ], [ -70.582333616999961, -33.433902504999935 ], [ -70.582260048999956, -33.433795387999965 ], [ -70.58089589399998, -33.434598225999942 ], [ -70.579623043999959, -33.435313453999981 ], [ -70.578664350999986, -33.435811968999914 ], [ -70.578115499999967, -33.436073411999921 ], [ -70.57750017799998, -33.436259519999957 ], [ -70.576807793999933, -33.436403619999965 ], [ -70.576369019999959, -33.436549502999981 ], [ -70.57586058399994, -33.436762126999945 ], [ -70.57504378699997, -33.437108948999921 ], [ -70.574443193999969, -33.437419374999926 ], [ -70.57392879799994, -33.437680743999977 ], [ -70.573527207, -33.437900591999956 ], [ -70.573403780999968, -33.43817369899994 ], [ -70.573293148999937, -33.438509159999967 ], [ -70.573123788999965, -33.439217600999939 ], [ -70.572966631999975, -33.440256015999985 ], [ -70.572721175999959, -33.441669328999986 ], [ -70.572536810999978, -33.442720140999931 ], [ -70.572323047999987, -33.443916825999963 ], [ -70.572085037999955, -33.445261215999935 ], [ -70.571844977999945, -33.44661799499994 ], [ -70.571631331999981, -33.447803972999964 ], [ -70.57143537099995, -33.448973647999935 ], [ -70.571278714999949, -33.449964441999946 ], [ -70.57118251299994, -33.450580711999983 ], [ -70.570976310999981, -33.451354289999976 ], [ -70.570867872999941, -33.452079692999973 ], [ -70.570770503999938, -33.452961745 ], [ -70.570763632999956, -33.453366324999934 ], [ -70.570968711999967, -33.454249040999962 ], [ -70.571080264999978, -33.454708765999946 ], [ -70.571383805999972, -33.455712840999972 ], [ -70.57154877399995, -33.456306032999976 ], [ -70.571701246999964, -33.456954627999949 ], [ -70.571882452999944, -33.457668049999931 ], [ -70.572287299999971, -33.458888897999934 ], [ -70.572332461999963, -33.459013692999974 ], [ -70.57233916399997, -33.459032212999936 ], [ -70.572395641999947, -33.459181182999941 ], [ -70.572560918999955, -33.459634519999952 ], [ -70.572694601999956, -33.460059962999928 ], [ -70.573143158999983, -33.460997375999973 ], [ -70.573502473999952, -33.461664631999952 ], [ -70.573632963999955, -33.461871920999947 ], [ -70.573780853999949, -33.462134978999977 ], [ -70.573940020999942, -33.46255385999995 ], [ -70.57428312899998, -33.463436112999943 ], [ -70.574377770999945, -33.463696680999931 ], [ -70.574840815999949, -33.464964932999962 ], [ -70.575006782999935, -33.465454127999983 ], [ -70.575170593999985, -33.465969941999951 ], [ -70.575505797999938, -33.466799562999938 ], [ -70.575671730999943, -33.467249538999958 ], [ -70.575787868999953, -33.467568179999944 ], [ -70.575973837999982, -33.468020852999985 ], [ -70.576235256999951, -33.468711413999976 ], [ -70.576341642999978, -33.469012796999941 ], [ -70.576454399999989, -33.469403456999935 ] ] ] } },
{ "type": "Feature", "properties": { "OA_ID": "13102", "REGION": "Metropolitana de Santiago", "PROVINCIA": "Santiago", "COMUNA": "Cerrillos", "area_km2": 16.820678828661006 }, "geometry": { "type": "Polygon", "coordinates": [ [ [ -70.695378421999976, -33.501996862999924 ], [ -70.696196715999974, -33.50363200299995 ], [ -70.696721212999933, -33.504689937999956 ], [ -70.69712564799994, -33.505506904999947 ], [ -70.697635428999945, -33.506533478999977 ], [ -70.697865628999978, -33.506987929999973 ], [ -70.698309637999955, -33.507901 ], [ -70.698932931999934, -33.509192288999941 ], [ -70.699966254999936, -33.511341875999953 ], [ -70.700288401999956, -33.512041614999923 ], [ -70.700684108999951, -33.512890246999959 ], [ -70.701429159999975, -33.514503329999968 ], [ -70.701719376999961, -33.515134466999939 ], [ -70.701972586999943, -33.515679324999951 ], [ -70.70232680099997, -33.516451596999964 ], [ -70.702587351999966, -33.517010158999945 ], [ -70.703113713999983, -33.518154823999964 ], [ -70.703544022999949, -33.519083838999968 ], [ -70.704020120999985, -33.520185796999954 ], [ -70.704543322999939, -33.521407422999971 ], [ -70.705034773999955, -33.522570309999928 ], [ -70.705390206999937, -33.523401727999946 ], [ -70.705462353999962, -33.523597976999945 ], [ -70.705690955999955, -33.524206282999955 ], [ -70.705843996999988, -33.524924111999944 ], [ -70.705951390999985, -33.52585503499995 ], [ -70.705993945999978, -33.526174757999968 ], [ -70.706017490999955, -33.526720833999946 ], [ -70.706055077999963, -33.527561092999981 ], [ -70.706067428999972, -33.527769282999941 ], [ -70.706097039999989, -33.528362995999942 ], [ -70.706125435999979, -33.528807836999938 ], [ -70.706161591999944, -33.529185731999981 ], [ -70.706167639999933, -33.529389922999933 ], [ -70.70620938999997, -33.529835061999961 ], [ -70.706265934999976, -33.530332719999919 ], [ -70.70638401399998, -33.531412343999925 ], [ -70.707437221999953, -33.531002179 ], [ -70.708737629999987, -33.530501834999946 ], [ -70.710548384999981, -33.529839825999943 ], [ -70.711260978999974, -33.529587032999984 ], [ -70.712666385999967, -33.529064272999953 ], [ -70.713673268999969, -33.528673717999936 ], [ -70.715164075999951, -33.528119524999973 ], [ -70.716168367999956, -33.527739447999977 ], [ -70.716851674999987, -33.527481216999931 ], [ -70.718561631999933, -33.526851874999984 ], [ -70.720089491999943, -33.526279673999973 ], [ -70.721717997999974, -33.525674668999947 ], [ -70.722626142999957, -33.525348184999984 ], [ -70.723386579999953, -33.525062110999954 ], [ -70.724961793999967, -33.524481711999947 ], [ -70.72624764699998, -33.52397724399998 ], [ -70.725147050999965, -33.522513646999982 ], [ -70.724052798999935, -33.521204644999955 ], [ -70.722935801999938, -33.519824368999942 ], [ -70.721988099999976, -33.518540150999968 ], [ -70.721246150999946, -33.517575177999952 ], [ -70.720731000999933, -33.516914250999939 ], [ -70.720508308999968, -33.516636986999963 ], [ -70.719426848999944, -33.515247233999943 ], [ -70.718824585999982, -33.514501013999954 ], [ -70.718364754999982, -33.51393474899993 ], [ -70.719231229999934, -33.513278495999941 ], [ -70.719992027999979, -33.512680372999966 ], [ -70.721335263999947, -33.511468697999931 ], [ -70.723083375999977, -33.509848733999945 ], [ -70.723256900999957, -33.509702100999966 ], [ -70.727042064999978, -33.509885274999931 ], [ -70.728528071999975, -33.509927717999965 ], [ -70.729110000999981, -33.509950000999929 ], [ -70.73048440599996, -33.509990590999962 ], [ -70.732072441999946, -33.510009908999955 ], [ -70.734247323999966, -33.51006250699993 ], [ -70.737236011999983, -33.510031596999966 ], [ -70.738617659999989, -33.510070904999964 ], [ -70.738782147999984, -33.51009351099998 ], [ -70.738936787999933, -33.510133709999934 ], [ -70.739330736999989, -33.510090000999973 ], [ -70.739653851999947, -33.510075295999961 ], [ -70.739854289999982, -33.510078628999963 ], [ -70.738782776999983, -33.50772227899995 ], [ -70.737950996999984, -33.505865699999966 ], [ -70.737120364999953, -33.504097937999973 ], [ -70.736694066999974, -33.503162530999923 ], [ -70.736274127999934, -33.502232568999943 ], [ -70.735282886999983, -33.500111385999951 ], [ -70.734991075999972, -33.499443780999968 ], [ -70.734368399999937, -33.498138994999977 ], [ -70.734215914999936, -33.497828616999989 ], [ -70.733796726999969, -33.49707734199994 ], [ -70.733489497999983, -33.496691084999952 ], [ -70.733171643999981, -33.496291992999943 ], [ -70.732790870999963, -33.495869912999972 ], [ -70.732440243999974, -33.495517132999964 ], [ -70.731852604, -33.494997764999923 ], [ -70.731479871999966, -33.494716584999942 ], [ -70.731304888999944, -33.485553937999953 ], [ -70.731354009999961, -33.482455306999945 ], [ -70.731002214999933, -33.482484081999907 ], [ -70.730528548999985, -33.482469820999938 ], [ -70.730289998999979, -33.482470000999953 ], [ -70.729639986999985, -33.482532931999962 ], [ -70.72934939299995, -33.482596638999951 ], [ -70.728910357999965, -33.482713119999971 ], [ -70.728534542, -33.48278696199997 ], [ -70.728136664999965, -33.482825319999961 ], [ -70.727775795999946, -33.482755788999945 ], [ -70.727369505999945, -33.482549693999935 ], [ -70.727048977999971, -33.482181343999976 ], [ -70.726731766999933, -33.481979969999941 ], [ -70.726366811999981, -33.481883648999947 ], [ -70.726032571999951, -33.481900235999944 ], [ -70.724583997999957, -33.482299976999961 ], [ -70.724542778999933, -33.481956491999931 ], [ -70.724452668999959, -33.48156134699996 ], [ -70.724179429999936, -33.481050126999946 ], [ -70.72387712699998, -33.48071634799993 ], [ -70.723619663999955, -33.480296408999941 ], [ -70.723517567999977, -33.479993608999962 ], [ -70.723052000999985, -33.477691593999957 ], [ -70.722349864999956, -33.474044751999926 ], [ -70.722264155999937, -33.473670141999939 ], [ -70.722141315999977, -33.473397454999933 ], [ -70.721986673999936, -33.473210360999921 ], [ -70.721535467999956, -33.47359518899998 ], [ -70.720815842999968, -33.474206465999941 ], [ -70.720726315999983, -33.474286448999976 ], [ -70.720627989999969, -33.474353429999958 ], [ -70.720433019999973, -33.474500492999944 ], [ -70.720341667999946, -33.474560218999954 ], [ -70.720176088999949, -33.474681819999944 ], [ -70.720072932999983, -33.474770699999958 ], [ -70.719976390999989, -33.474877860999982 ], [ -70.71976796499996, -33.475064478999961 ], [ -70.719612800999982, -33.475208360999943 ], [ -70.719391840999947, -33.475409708999962 ], [ -70.719091293999952, -33.475689466999938 ], [ -70.718710588999954, -33.47601924899994 ], [ -70.71853854799997, -33.476174341999979 ], [ -70.718386125999984, -33.476313652999977 ], [ -70.718226950999977, -33.476399371999939 ], [ -70.717945097999973, -33.476616829999955 ], [ -70.717721454999946, -33.476826322999955 ], [ -70.717516629999977, -33.47697948299998 ], [ -70.717324800999961, -33.477142005999937 ], [ -70.717011573999969, -33.477429092999955 ], [ -70.716747358999953, -33.477674936999961 ], [ -70.716589119999981, -33.477808360999965 ], [ -70.716422470999987, -33.478020640999937 ], [ -70.716300353999941, -33.478181003999964 ], [ -70.716128469999944, -33.478344442999962 ], [ -70.715892749999966, -33.478519501999983 ], [ -70.715636844999949, -33.478681717999955 ], [ -70.715431846999934, -33.478826524999931 ], [ -70.715218472999936, -33.478979799999927 ], [ -70.714858029999959, -33.479255603999938 ], [ -70.714503746999981, -33.479555182999945 ], [ -70.714295616999948, -33.479685715999942 ], [ -70.714071570999977, -33.479803344999944 ], [ -70.713903032999951, -33.479920206999957 ], [ -70.713850897999976, -33.480019947999949 ], [ -70.713796292999973, -33.48013881299994 ], [ -70.713728665999952, -33.480247119999937 ], [ -70.713688188999981, -33.480288242999961 ], [ -70.713599390999946, -33.480333611999981 ], [ -70.713452707999977, -33.480403642999924 ], [ -70.713275275999933, -33.480502730999945 ], [ -70.713119623999944, -33.480626619999953 ], [ -70.712917077, -33.480798575999977 ], [ -70.712720784999988, -33.480974481999965 ], [ -70.712620678999954, -33.481096360999963 ], [ -70.712566319999951, -33.481155569999927 ], [ -70.712509951999948, -33.481184981999945 ], [ -70.712414988999967, -33.481206575999977 ], [ -70.71227, -33.481210000999958 ], [ -70.711932871999977, -33.481196535999956 ], [ -70.711763170999973, -33.481182177999983 ], [ -70.711606677999953, -33.481187918999971 ], [ -70.711534417999985, -33.481205618999979 ], [ -70.711470540999983, -33.481287626999979 ], [ -70.71142, -33.48132 ], [ -70.711275414999989, -33.481355937999986 ], [ -70.711077801999977, -33.481297822999977 ], [ -70.710437919999947, -33.481047772999943 ], [ -70.709939562999978, -33.480899557999976 ], [ -70.709602374999974, -33.480838594999966 ], [ -70.709282946999963, -33.480811983999956 ], [ -70.708942207999939, -33.480830049999945 ], [ -70.708158010999966, -33.480945605999985 ], [ -70.707832402999941, -33.480966796999944 ], [ -70.70732989399994, -33.480957854999929 ], [ -70.706734469999958, -33.480880518999982 ], [ -70.705926541999986, -33.480772342999941 ], [ -70.705150369999956, -33.480613616999953 ], [ -70.70433868799995, -33.480458954999953 ], [ -70.702374371999952, -33.480040960999922 ], [ -70.700748369999985, -33.479741173999962 ], [ -70.699549829999967, -33.479459362999926 ], [ -70.69914463899994, -33.479414812999941 ], [ -70.698711959999969, -33.47942074499997 ], [ -70.698527704999947, -33.479389866999952 ], [ -70.697963442999935, -33.479145871999947 ], [ -70.697635393999974, -33.479041801999969 ], [ -70.696972456999958, -33.478920842999969 ], [ -70.695822138999972, -33.478701565999977 ], [ -70.694872739999937, -33.478491459999923 ], [ -70.693639068999971, -33.478231545999961 ], [ -70.692758529999949, -33.478047921999966 ], [ -70.692328456999974, -33.477967898999957 ], [ -70.692219555999941, -33.47795 ], [ -70.692094611999948, -33.47790875699998 ], [ -70.692012346999945, -33.477878817999958 ], [ -70.69187, -33.477820001999923 ], [ -70.691514, -33.477613177999949 ], [ -70.691024949999985, -33.477281987999966 ], [ -70.690785373999972, -33.477129209999937 ], [ -70.690602848999958, -33.477055107999945 ], [ -70.690427218999957, -33.477028154999978 ], [ -70.690045599999962, -33.477038371999981 ], [ -70.689460761999953, -33.477096453999927 ], [ -70.68911709799994, -33.47708181199993 ], [ -70.688768768999978, -33.477002808999941 ], [ -70.688419800999952, -33.476890886999961 ], [ -70.687912166999979, -33.476701668999972 ], [ -70.687425681999969, -33.476545803999954 ], [ -70.686875068999939, -33.476386515999927 ], [ -70.686541412999986, -33.476267759999971 ], [ -70.68644016099995, -33.476367542999981 ], [ -70.686327251999955, -33.476476928999944 ], [ -70.686292990999959, -33.476530842999978 ], [ -70.686131155999988, -33.476760197999965 ], [ -70.68600620999996, -33.476953736999967 ], [ -70.68591153999995, -33.477240396999939 ], [ -70.685892560999946, -33.47731891799998 ], [ -70.685797775999959, -33.47771724699993 ], [ -70.685748291, -33.477925983999953 ], [ -70.68564134199994, -33.478284392999967 ], [ -70.685580865999952, -33.478572496999966 ], [ -70.685536654999964, -33.478818384999954 ], [ -70.685504217999949, -33.479084154999953 ], [ -70.685513322999952, -33.479201424999928 ], [ -70.685533374999977, -33.479472207999947 ], [ -70.68569002199996, -33.479947839999951 ], [ -70.68576498699997, -33.480148894999942 ], [ -70.686000000999968, -33.48077 ], [ -70.68617742899994, -33.481219938999971 ], [ -70.686256921999984, -33.481412062999929 ], [ -70.686333967999985, -33.481620455999973 ], [ -70.686572045999981, -33.482224465999941 ], [ -70.686778224999955, -33.482725115999976 ], [ -70.687161105999962, -33.483674323999935 ], [ -70.687733984999966, -33.485169734999943 ], [ -70.688107096999943, -33.486054648999982 ], [ -70.688439389999985, -33.486831313999971 ], [ -70.688931819999937, -33.487994243999928 ], [ -70.68913404999995, -33.488460247999953 ], [ -70.689467136999951, -33.489341267999976 ], [ -70.68973682799998, -33.48994316899995 ], [ -70.690263708999964, -33.491118506999953 ], [ -70.690769242999977, -33.492249753999928 ], [ -70.690850090999959, -33.492453372999925 ], [ -70.691274324999938, -33.493532756999961 ], [ -70.691470994, -33.493966121999954 ], [ -70.691821131, -33.494727260999973 ], [ -70.692123596999977, -33.495379889999988 ], [ -70.692422756999974, -33.496008701999983 ], [ -70.692724276999968, -33.496648813999968 ], [ -70.69291433099994, -33.497048861999922 ], [ -70.693117102999963, -33.497480350999965 ], [ -70.693340689999957, -33.497956889999948 ], [ -70.693540981999945, -33.498370515999959 ], [ -70.693712493999953, -33.498732042999961 ], [ -70.693849892999935, -33.499023647999927 ], [ -70.694048955999961, -33.499410446999953 ], [ -70.694237659999942, -33.499777106999936 ], [ -70.694341263999945, -33.499978502999966 ], [ -70.694481764999978, -33.500250038999972 ], [ -70.69453301599998, -33.500355260999974 ], [ -70.694959811999979, -33.501174395999946 ], [ -70.695336683999983, -33.50191583099997 ], [ -70.695378421999976, -33.501996862999924 ] ] ] } },
{ "type": "Feature", "properties": { "OA_ID": "13113", "REGION": "Metropolitana de Santiago", "PROVINCIA": "Santiago", "COMUNA": "La Reina", "area_km2": 23.392383536062887 }, "geometry": { "type": "Polygon", "coordinates": [ [ [ -70.500248148999958, -33.460289821999943 ], [ -70.518236807999983, -33.459829698999954 ], [ -70.520840358, -33.459762886999954 ], [ -70.520972179999944, -33.459702235999934 ], [ -70.521111852999979, -33.459655115999965 ], [ -70.521357386999966, -33.459630627999957 ], [ -70.521625445999973, -33.459624473999945 ], [ -70.52194485299998, -33.45960009099997 ], [ -70.522338953999977, -33.459572681999937 ], [ -70.529338901999964, -33.459179372999976 ], [ -70.529564175999951, -33.459194385999979 ], [ -70.529652269999985, -33.459239174999929 ], [ -70.529886460999933, -33.459820769999958 ], [ -70.530261684999971, -33.461124442999967 ], [ -70.530564779999963, -33.462177771999961 ], [ -70.530617796999934, -33.462438041999967 ], [ -70.530725128999961, -33.463916483999988 ], [ -70.530756484999984, -33.464123115999939 ], [ -70.530856425999957, -33.464433202999928 ], [ -70.53097010099998, -33.464659097999963 ], [ -70.531378822999955, -33.465471296999965 ], [ -70.533421570999963, -33.46488261099995 ], [ -70.534387138999989, -33.464618579999971 ], [ -70.535667582999963, -33.464249155999937 ], [ -70.53581369699998, -33.46422213499995 ], [ -70.535957614999973, -33.46417252599997 ], [ -70.536469011999941, -33.464027861999973 ], [ -70.536750788999939, -33.463948773999952 ], [ -70.537324361999936, -33.463781148999942 ], [ -70.538443719999975, -33.463460802999961 ], [ -70.538844721999965, -33.463344055999976 ], [ -70.539360389999956, -33.463197673999964 ], [ -70.540092199999947, -33.462995952999961 ], [ -70.541462276999937, -33.462875992999955 ], [ -70.54179, -33.462870000999942 ], [ -70.542032033999988, -33.462864494999955 ], [ -70.542208444999972, -33.462884521999968 ], [ -70.542318807999948, -33.462907808999944 ], [ -70.542459933999965, -33.462945778999938 ], [ -70.542505067999969, -33.462965899999965 ], [ -70.54336370599998, -33.463348883999963 ], [ -70.543791742999986, -33.463539959999927 ], [ -70.543999268999983, -33.463615587999989 ], [ -70.544133408999983, -33.463642015999923 ], [ -70.544232540999985, -33.463648754999952 ], [ -70.544388513999934, -33.463646810999919 ], [ -70.544823773999951, -33.463582550999945 ], [ -70.54525, -33.463520001999932 ], [ -70.547989548999965, -33.463168011999983 ], [ -70.550552675999938, -33.46273178999995 ], [ -70.550982753999961, -33.462654302999958 ], [ -70.551010000999952, -33.462650000999929 ], [ -70.551132758999984, -33.462647458999982 ], [ -70.551421898999934, -33.462641469999937 ], [ -70.551544848999981, -33.462638922999929 ], [ -70.551650658999961, -33.462636730999975 ], [ -70.551767943999948, -33.462634763999965 ], [ -70.552079890999948, -33.462630858999944 ], [ -70.552510239999947, -33.462625468999931 ], [ -70.552888222999968, -33.462620771999987 ], [ -70.553344763999974, -33.462615326999973 ], [ -70.553492765999977, -33.462613560999955 ], [ -70.553784287999974, -33.462610967999971 ], [ -70.554553922999958, -33.462606396999945 ], [ -70.55485226899998, -33.462604620999961 ], [ -70.555496782999967, -33.462600608999942 ], [ -70.555695961999959, -33.462599354999952 ], [ -70.556348377999939, -33.462593541999986 ], [ -70.557035172999974, -33.462591156999956 ], [ -70.557358342999976, -33.46258963799994 ], [ -70.557679452999935, -33.462587451999973 ], [ -70.558049489999974, -33.46258493299996 ], [ -70.558624491999979, -33.46257972599993 ], [ -70.559751682999945, -33.462571546999968 ], [ -70.560478179999961, -33.46256795599993 ], [ -70.561925003999988, -33.462551929999954 ], [ -70.56204953799994, -33.462547044999951 ], [ -70.562086682999961, -33.462545587999955 ], [ -70.562296701999983, -33.462511454999969 ], [ -70.562526325999954, -33.462455338999973 ], [ -70.562826762999975, -33.462355626999965 ], [ -70.563374017999934, -33.462174008999973 ], [ -70.564458659999957, -33.461814196999967 ], [ -70.565502970999944, -33.46144209999995 ], [ -70.566408622999973, -33.461128316999975 ], [ -70.567533083999948, -33.46073612899994 ], [ -70.568138259999955, -33.460516902999977 ], [ -70.568674718999944, -33.460317468999961 ], [ -70.569254369999953, -33.460090991999948 ], [ -70.570359443999962, -33.45965794399995 ], [ -70.570898944999954, -33.45947356799995 ], [ -70.571478812999942, -33.45927643299995 ], [ -70.57172695099996, -33.45919739499994 ], [ -70.572332461999963, -33.459013692999974 ], [ -70.572287299999971, -33.458888897999934 ], [ -70.571882452999944, -33.457668049999931 ], [ -70.571701246999964, -33.456954627999949 ], [ -70.57154877399995, -33.456306032999976 ], [ -70.571383805999972, -33.455712840999972 ], [ -70.571080264999978, -33.454708765999946 ], [ -70.570968711999967, -33.454249040999962 ], [ -70.570763632999956, -33.453366324999934 ], [ -70.570770503999938, -33.452961745 ], [ -70.570867872999941, -33.452079692999973 ], [ -70.570976310999981, -33.451354289999976 ], [ -70.57118251299994, -33.450580711999983 ], [ -70.571278714999949, -33.449964441999946 ], [ -70.57143537099995, -33.448973647999935 ], [ -70.571631331999981, -33.447803972999964 ], [ -70.571844977999945, -33.44661799499994 ], [ -70.572085037999955, -33.445261215999935 ], [ -70.572323047999987, -33.443916825999963 ], [ -70.572536810999978, -33.442720140999931 ], [ -70.572721175999959, -33.441669328999986 ], [ -70.572966631999975, -33.440256015999985 ], [ -70.573123788999965, -33.439217600999939 ], [ -70.573293148999937, -33.438509159999967 ], [ -70.573403780999968, -33.43817369899994 ], [ -70.573527207, -33.437900591999956 ], [ -70.57392879799994, -33.437680743999977 ], [ -70.574443193999969, -33.437419374999926 ], [ -70.57504378699997, -33.437108948999921 ], [ -70.57586058399994, -33.436762126999945 ], [ -70.576369019999959, -33.436549502999981 ], [ -70.576807793999933, -33.436403619999965 ], [ -70.57750017799998, -33.436259519999957 ], [ -70.578115499999967, -33.436073411999921 ], [ -70.578664350999986, -33.435811968999914 ], [ -70.579623043999959, -33.435313453999981 ], [ -70.58089589399998, -33.434598225999942 ], [ -70.582260048999956, -33.433795387999965 ], [ -70.582953251999982, -33.433341363999951 ], [ -70.583286657999963, -33.433079433999978 ], [ -70.583701514999973, -33.432716296999956 ], [ -70.584061401999975, -33.432306759999953 ], [ -70.584430018999967, -33.431849710999984 ], [ -70.584493466999959, -33.431765905999946 ], [ -70.584176968999941, -33.43170486799994 ], [ -70.584012418999976, -33.43168136799995 ], [ -70.583698180999988, -33.431664579999953 ], [ -70.582955344999959, -33.431638862999932 ], [ -70.58194472699995, -33.431579753999983 ], [ -70.580766005999976, -33.431511579999949 ], [ -70.580100007999988, -33.431460863999959 ], [ -70.579776202999938, -33.431442587999989 ], [ -70.579728416999956, -33.431438395999976 ], [ -70.579661406999946, -33.431426448999957 ], [ -70.579578972999968, -33.431405896999934 ], [ -70.579501526999934, -33.43139728299996 ], [ -70.578665028999978, -33.431363131999937 ], [ -70.578099868, -33.431347923999958 ], [ -70.577232366999965, -33.431340559999974 ], [ -70.574867405999953, -33.431262609999976 ], [ -70.574096328999985, -33.431258 ], [ -70.573358339, -33.431236162999923 ], [ -70.572803483999962, -33.431210398999951 ], [ -70.572120796999968, -33.431186253999947 ], [ -70.570966294999948, -33.431137680999953 ], [ -70.570204210999975, -33.431102529999954 ], [ -70.569412985999975, -33.431091744999947 ], [ -70.568459339999947, -33.431069407999935 ], [ -70.567641087999959, -33.431041351999966 ], [ -70.566925141999945, -33.431024798999935 ], [ -70.566217737999978, -33.431005733999939 ], [ -70.56544527799997, -33.430977084999938 ], [ -70.564995664999969, -33.430966758999944 ], [ -70.563703564, -33.430907052999942 ], [ -70.562722849999943, -33.430865011999963 ], [ -70.560633250999956, -33.430768833999934 ], [ -70.559019585999977, -33.430703609999966 ], [ -70.558539928999949, -33.430667235999977 ], [ -70.556563997999945, -33.430572044999955 ], [ -70.555036743999949, -33.430498523999972 ], [ -70.554484328999933, -33.430491723999985 ], [ -70.553486718999977, -33.430411417999935 ], [ -70.552260894999961, -33.430268355999942 ], [ -70.551443803999973, -33.430197774999954 ], [ -70.550683953999965, -33.430126471999984 ], [ -70.541478557999937, -33.429084697999933 ], [ -70.539152030999958, -33.428836804999932 ], [ -70.539218919999939, -33.429079360999935 ], [ -70.539227155999981, -33.429384683999949 ], [ -70.539219814999967, -33.429935973999925 ], [ -70.539196140999934, -33.430368158999947 ], [ -70.539081944999964, -33.430992358999951 ], [ -70.53892435299997, -33.431576532999927 ], [ -70.538742480999986, -33.432075106999946 ], [ -70.538018087999944, -33.433439421999935 ], [ -70.534880833999978, -33.43305363199994 ], [ -70.532859797999947, -33.43280292799993 ], [ -70.531250330999967, -33.432600385999933 ], [ -70.529673822999939, -33.432401217999939 ], [ -70.527373018999981, -33.432115517999918 ], [ -70.524230555999964, -33.431737404999971 ], [ -70.524024918999942, -33.431729983999958 ], [ -70.523605994999969, -33.431681667999953 ], [ -70.523422598999957, -33.431657723999926 ], [ -70.523125304999965, -33.431620123999949 ], [ -70.52300033299997, -33.431615437999938 ], [ -70.522958641999935, -33.431633986999934 ], [ -70.522917285999938, -33.431652531999916 ], [ -70.52259058999995, -33.431822881999949 ], [ -70.522327495999946, -33.431961860999941 ], [ -70.522236782999983, -33.432009779999937 ], [ -70.522006715999964, -33.432134306999956 ], [ -70.521762475999935, -33.432278478999933 ], [ -70.521552639999982, -33.432397888999958 ], [ -70.521391378999965, -33.432472888999932 ], [ -70.521128660999977, -33.432556435999977 ], [ -70.520822576999933, -33.432650249999938 ], [ -70.520586021999975, -33.432735908999966 ], [ -70.520062638999946, -33.432949594999975 ], [ -70.519654116999959, -33.433116385999938 ], [ -70.519516488999969, -33.433172575999947 ], [ -70.519454653999958, -33.433209105999936 ], [ -70.519431144999942, -33.43322299499993 ], [ -70.519384842999955, -33.433266304999954 ], [ -70.519371981999939, -33.433278333999965 ], [ -70.519329614999947, -33.433339068999942 ], [ -70.519302472999982, -33.433410820999939 ], [ -70.51929787399996, -33.433506866999949 ], [ -70.519297574999939, -33.433513107999936 ], [ -70.519305761999988, -33.43364084399996 ], [ -70.519305977999977, -33.433644218999966 ], [ -70.51930600299994, -33.433644640999937 ], [ -70.519306004999976, -33.433644679999929 ], [ -70.519306004999976, -33.433644718999972 ], [ -70.519306005999965, -33.43364500399997 ], [ -70.519306007999944, -33.433645551999966 ], [ -70.519306007999944, -33.433645638999963 ], [ -70.519305076999956, -33.433644991999984 ], [ -70.519281125999967, -33.433628356999975 ], [ -70.519266538999943, -33.433618224999975 ], [ -70.519254122999939, -33.433609600999944 ], [ -70.519239535999986, -33.433599468999937 ], [ -70.519230357999959, -33.433593094999942 ], [ -70.519227333999936, -33.433590993999928 ], [ -70.519212746999983, -33.433580861999921 ], [ -70.519166030999941, -33.433548414999954 ], [ -70.519043239999974, -33.433448625999972 ], [ -70.518928792999986, -33.433393830999925 ], [ -70.518861332999975, -33.433372223999982 ], [ -70.518855378999945, -33.433370316999984 ], [ -70.518822363999959, -33.433367886999982 ], [ -70.51880237599994, -33.433377950999947 ], [ -70.518569055999933, -33.433495424999933 ], [ -70.518276673999935, -33.433585827999934 ], [ -70.517686735999973, -33.433784058999954 ], [ -70.517118805999985, -33.433956072999926 ], [ -70.517115882999974, -33.433956957999946 ], [ -70.516701541999964, -33.434082450999938 ], [ -70.51610214599998, -33.434309306999985 ], [ -70.515524680999988, -33.434488168999962 ], [ -70.515376957999948, -33.434531469999961 ], [ -70.515363366999964, -33.434535453999963 ], [ -70.514709197999935, -33.434727202999959 ], [ -70.514120344999981, -33.434906197999943 ], [ -70.513626424999984, -33.435006677999972 ], [ -70.513608467999973, -33.43501033099993 ], [ -70.513371651999933, -33.435058506999958 ], [ -70.512726891999932, -33.435228597999973 ], [ -70.511969514999976, -33.435270626 ], [ -70.511926686999971, -33.435273001999974 ], [ -70.51155640099995, -33.435293547999933 ], [ -70.510681524999939, -33.435541932999968 ], [ -70.509956886999987, -33.43573962499994 ], [ -70.509902778999958, -33.435750215999974 ], [ -70.509734826999988, -33.435783087999937 ], [ -70.509332880999978, -33.43586175799993 ], [ -70.508359373999951, -33.436071012999953 ], [ -70.506905126999982, -33.436349426999975 ], [ -70.506032855999933, -33.436598639999936 ], [ -70.505048080999984, -33.436925568999982 ], [ -70.504474691999974, -33.437342945999944 ], [ -70.503967944999943, -33.437777101999977 ], [ -70.503482498999972, -33.438383909999963 ], [ -70.50254, -33.440040000999943 ], [ -70.50192478699995, -33.440773308999951 ], [ -70.501420665999945, -33.441130997999942 ], [ -70.500733407999974, -33.441549736999953 ], [ -70.499730534999969, -33.442179955999954 ], [ -70.498998896999979, -33.442639715999974 ], [ -70.497627114999943, -33.443639388999927 ], [ -70.496360253999967, -33.444947788999961 ], [ -70.496125191999965, -33.445190551999922 ], [ -70.495803673999944, -33.445522601999983 ], [ -70.49536, -33.446240000999971 ], [ -70.495108548999951, -33.446757858999938 ], [ -70.494744468999954, -33.447492022999938 ], [ -70.49485083999997, -33.449046511999946 ], [ -70.49495476, -33.450457860999954 ], [ -70.49491610299998, -33.450859200999957 ], [ -70.494507900999963, -33.451637889999972 ], [ -70.493201153999962, -33.452819586999958 ], [ -70.491436174999933, -33.4537645 ], [ -70.4902, -33.454320000999935 ], [ -70.489614213999971, -33.454778612999974 ], [ -70.488848011999949, -33.455561364999937 ], [ -70.488170851999939, -33.456581224999972 ], [ -70.488058439999975, -33.457648899999981 ], [ -70.487316582999938, -33.458696062999934 ], [ -70.486976476999985, -33.459190273999972 ], [ -70.486536788999956, -33.460252614999938 ], [ -70.486535033999985, -33.460256854999948 ], [ -70.48638828199995, -33.460611420999939 ], [ -70.500248148999958, -33.460289821999943 ] ] ] } },
{ "type": "Feature", "properties": { "OA_ID": "13105", "REGION": "Metropolitana de Santiago", "PROVINCIA": "Santiago", "COMUNA": "El Bosque", "area_km2": 14.254736084770675 }, "geometry": { "type": "Polygon", "coordinates": [ [ [ -70.685404303999974, -33.539130403999927 ], [ -70.684759198999984, -33.539355215999926 ], [ -70.683353435999948, -33.53985918099994 ], [ -70.68113, -33.540690000999966 ], [ -70.680989998999962, -33.540740000999953 ], [ -70.680578222999941, -33.54089090799993 ], [ -70.679522031999966, -33.541277224999916 ], [ -70.677786431999948, -33.541908720999963 ], [ -70.677267070999974, -33.542104732999974 ], [ -70.676665969999988, -33.542317597999947 ], [ -70.675601623999967, -33.542711388999969 ], [ -70.674946316999979, -33.54295074799996 ], [ -70.673453515999938, -33.543502059999973 ], [ -70.671355802999983, -33.54427055799993 ], [ -70.668302632999939, -33.545411742999939 ], [ -70.668138519999957, -33.545625613999952 ], [ -70.666781941999943, -33.546383744999957 ], [ -70.666650986999969, -33.546419866999948 ], [ -70.665578426999957, -33.546568875999974 ], [ -70.664743234999946, -33.54670322999992 ], [ -70.664058238999985, -33.546824106999964 ], [ -70.663129414999958, -33.54697975299996 ], [ -70.66157315199996, -33.547226848999976 ], [ -70.660458687999949, -33.547420755999937 ], [ -70.659132781999972, -33.547644688999981 ], [ -70.658135013999981, -33.547802174999958 ], [ -70.656797112999982, -33.548025289999941 ], [ -70.656848073999981, -33.548220280999935 ], [ -70.655759935999981, -33.548384608999967 ], [ -70.654674381999939, -33.548573426999937 ], [ -70.653498777999971, -33.548760485999921 ], [ -70.653552830999956, -33.548935768999968 ], [ -70.653844968999977, -33.549965832999938 ], [ -70.65413, -33.551160000999978 ], [ -70.654154552999955, -33.551415694999946 ], [ -70.654491826999958, -33.552839451999937 ], [ -70.654950697999936, -33.554969235999977 ], [ -70.655365010999958, -33.556706066999929 ], [ -70.655808725, -33.558179174999964 ], [ -70.65621245799997, -33.559869615999958 ], [ -70.656503565999969, -33.561057229999953 ], [ -70.656795690999957, -33.562304629999971 ], [ -70.657145257999957, -33.563576773999948 ], [ -70.657389670999976, -33.564465044999956 ], [ -70.65764126299996, -33.56537075499994 ], [ -70.658122470999956, -33.567105161999969 ], [ -70.658285991999946, -33.567697093999982 ], [ -70.658460512999966, -33.568327531999955 ], [ -70.658596229999944, -33.568806738 ], [ -70.658717476999982, -33.569244619999949 ], [ -70.658830763999958, -33.569623912999937 ], [ -70.658898980999936, -33.569882121999974 ], [ -70.659333744999984, -33.571421011999973 ], [ -70.659467898999935, -33.571907395999979 ], [ -70.659680891999983, -33.572670456999958 ], [ -70.659848770999986, -33.573220809999953 ], [ -70.660012996999967, -33.573669567999964 ], [ -70.660176778999983, -33.573916471999958 ], [ -70.660342094, -33.574511239999929 ], [ -70.660509805999936, -33.575141764999962 ], [ -70.660673415999952, -33.575736554999935 ], [ -70.660746662999955, -33.575988967999926 ], [ -70.660842650999939, -33.576357037999955 ], [ -70.66100146499997, -33.576969070999951 ], [ -70.661243379999974, -33.57781190999998 ], [ -70.66137, -33.578330000999976 ], [ -70.661535354999955, -33.578946126999938 ], [ -70.66164938199995, -33.579362627999949 ], [ -70.661897455999963, -33.580258351999923 ], [ -70.662188955, -33.58136680399997 ], [ -70.662368912999966, -33.582010045999937 ], [ -70.662605534999955, -33.582842930999959 ], [ -70.662774023999987, -33.583512094999939 ], [ -70.66290287, -33.583987091999965 ], [ -70.663034085999982, -33.584496415999979 ], [ -70.663237562999939, -33.585197187999938 ], [ -70.66368, -33.585120000999943 ], [ -70.6654, -33.584770000999967 ], [ -70.667212950999954, -33.584415834999959 ], [ -70.668357905999983, -33.584182794999947 ], [ -70.671324216999949, -33.583580133999924 ], [ -70.67468060899995, -33.582896246999951 ], [ -70.676755992999972, -33.58248589699997 ], [ -70.678298842999936, -33.581869425999976 ], [ -70.680854606999958, -33.580831170999936 ], [ -70.683370388999947, -33.579860627999949 ], [ -70.68522, -33.57912 ], [ -70.685780000999955, -33.578890000999934 ], [ -70.686219998999945, -33.578720000999965 ], [ -70.686959998999953, -33.578440000999926 ], [ -70.689223682999966, -33.577529469999938 ], [ -70.690201541999954, -33.577155349999948 ], [ -70.691106697999942, -33.576795576999984 ], [ -70.691704249999987, -33.576565985999927 ], [ -70.693315323999968, -33.57592167599995 ], [ -70.694666884999947, -33.575418332999966 ], [ -70.696280230999946, -33.574775861999967 ], [ -70.69790745499995, -33.574144631999957 ], [ -70.700803732999987, -33.572993926999985 ], [ -70.700510116999965, -33.572324151999958 ], [ -70.699886574999937, -33.570992733999958 ], [ -70.699278299999946, -33.569624833999967 ], [ -70.699006308999969, -33.569010112999926 ], [ -70.698717650999981, -33.568410055999948 ], [ -70.698242525999945, -33.567325892999975 ], [ -70.69790470199996, -33.56659471599994 ], [ -70.697203084999956, -33.565041497999964 ], [ -70.696826911999949, -33.564242567999933 ], [ -70.696727094999972, -33.564020843999955 ], [ -70.696716142999946, -33.563970887999965 ], [ -70.696732094999959, -33.563912211999934 ], [ -70.696752601999947, -33.563867788999978 ], [ -70.696818767999957, -33.563826318999915 ], [ -70.696900815999982, -33.563795368999926 ], [ -70.696962987999939, -33.563768270999944 ], [ -70.697018059999948, -33.563742461999936 ], [ -70.697061453999936, -33.563702497999941 ], [ -70.697104708999973, -33.563655376999975 ], [ -70.697116363999953, -33.563595566999929 ], [ -70.697100086999967, -33.563491997999954 ], [ -70.697042543999942, -33.563245833999929 ], [ -70.696887080999943, -33.562583458999931 ], [ -70.696613950999961, -33.561296366999962 ], [ -70.695856168999967, -33.557627231999966 ], [ -70.695576363999976, -33.556316208999931 ], [ -70.695572354999968, -33.556111054999974 ], [ -70.69557072799995, -33.556001666999968 ], [ -70.695543961999988, -33.555934240999939 ], [ -70.695482919999961, -33.555888589999938 ], [ -70.695431572999951, -33.55586638799997 ], [ -70.695301874999984, -33.555858142999952 ], [ -70.693331622999949, -33.556112664999944 ], [ -70.693218320999961, -33.55612836399996 ], [ -70.693120000999954, -33.556140000999953 ], [ -70.69306477799995, -33.556089240999945 ], [ -70.693033955999965, -33.556028579999975 ], [ -70.692695369999967, -33.555267773999958 ], [ -70.690711970999985, -33.550942770999924 ], [ -70.69049, -33.550410000999932 ], [ -70.690079998999977, -33.54953000099993 ], [ -70.689508908999983, -33.548289089999976 ], [ -70.689355243999955, -33.547959809999945 ], [ -70.68923717499996, -33.547706806999933 ], [ -70.689011719999939, -33.547223684999942 ], [ -70.688808706999964, -33.546788658999951 ], [ -70.688452886999983, -33.54601080999997 ], [ -70.688077483999962, -33.545178500999953 ], [ -70.68714, -33.543100000999978 ], [ -70.686191821999955, -33.541116717999948 ], [ -70.686227391999978, -33.540600849999969 ], [ -70.686008895999976, -33.540265963999964 ], [ -70.685691818999942, -33.539667091999938 ], [ -70.685404303999974, -33.539130403999927 ] ] ] } },
{ "type": "Feature", "properties": { "OA_ID": "13108", "REGION": "Metropolitana de Santiago", "PROVINCIA": "Santiago", "COMUNA": "Independencia", "area_km2": 7.3540221867703721 }, "geometry": { "type": "Polygon", "coordinates": [ [ [ -70.681872857999977, -33.403030893999976 ], [ -70.680801271999954, -33.402724818999964 ], [ -70.679939945999934, -33.402481708999964 ], [ -70.679036831999952, -33.402194583999965 ], [ -70.678157986999963, -33.401877633999959 ], [ -70.676928565999958, -33.40142511199997 ], [ -70.675596264999967, -33.40094341799994 ], [ -70.674744385999986, -33.400638042999958 ], [ -70.673549200999958, -33.400204710999958 ], [ -70.672611127999971, -33.399854454999968 ], [ -70.672184515999959, -33.39970752399995 ], [ -70.672103729999947, -33.399869622999972 ], [ -70.670300102999988, -33.399755394999936 ], [ -70.667636586999947, -33.399578140999942 ], [ -70.668154916999981, -33.399115959999961 ], [ -70.66804093199994, -33.399075523999954 ], [ -70.666778165999972, -33.398953204999934 ], [ -70.666485528999942, -33.398952906999952 ], [ -70.661055445999978, -33.399366088999948 ], [ -70.659822777999977, -33.399466853999968 ], [ -70.658199977999971, -33.399677915999973 ], [ -70.658262199999982, -33.399908264999965 ], [ -70.658270743999935, -33.399977398 ], [ -70.658271291999938, -33.400072489999957 ], [ -70.658268473999954, -33.400135423999977 ], [ -70.658247267999968, -33.400315223999939 ], [ -70.658206749999977, -33.400559912999952 ], [ -70.658002185999976, -33.401446627999967 ], [ -70.657890952999935, -33.401922125999917 ], [ -70.657680712999934, -33.402880601999982 ], [ -70.657452615999944, -33.404059325999981 ], [ -70.65730530899998, -33.404817799999933 ], [ -70.657210431999943, -33.405276023999932 ], [ -70.655417500999988, -33.405802669999964 ], [ -70.654833397999937, -33.405972716999941 ], [ -70.65396586199995, -33.406207 ], [ -70.653053839999984, -33.40640055199998 ], [ -70.653253482999958, -33.407205905999945 ], [ -70.653152560999956, -33.407232060999952 ], [ -70.653170984, -33.408319412999951 ], [ -70.653156333999959, -33.409408127999932 ], [ -70.653245871999957, -33.409605083999949 ], [ -70.653479189999985, -33.409596581999942 ], [ -70.653486128999987, -33.410497739999983 ], [ -70.653493995999952, -33.411276555999947 ], [ -70.652689470999974, -33.411274698999932 ], [ -70.652687395999976, -33.412217395999953 ], [ -70.652687878999984, -33.412961145999923 ], [ -70.652682537999965, -33.413810640999948 ], [ -70.652671106999946, -33.415278335999972 ], [ -70.652646726999933, -33.417437636999978 ], [ -70.651563867999982, -33.417464318999961 ], [ -70.650519375999977, -33.41764609899996 ], [ -70.650526214999957, -33.417693012999962 ], [ -70.650112837999984, -33.417763941999965 ], [ -70.650171383999975, -33.418097630999959 ], [ -70.650350635999985, -33.419037368999959 ], [ -70.650501117999966, -33.419826409999985 ], [ -70.650631416999943, -33.42050848599996 ], [ -70.650779145999934, -33.421306672999947 ], [ -70.651044295999952, -33.423306719999971 ], [ -70.651175839999951, -33.424817439999977 ], [ -70.651252313999976, -33.425752126999939 ], [ -70.65128033799995, -33.42609463999996 ], [ -70.651288664999981, -33.42619641899995 ], [ -70.651361186999964, -33.426988967999932 ], [ -70.651497381999945, -33.428578983999955 ], [ -70.651660023, -33.430432535999948 ], [ -70.651701209999942, -33.43119562399994 ], [ -70.651607317999947, -33.431931206999927 ], [ -70.653549452999982, -33.431506982999963 ], [ -70.655507016999934, -33.431047550999949 ], [ -70.656527320999942, -33.430801109999948 ], [ -70.657042370999989, -33.430532731999961 ], [ -70.658012283999938, -33.430156562999969 ], [ -70.658563584999968, -33.429979880999944 ], [ -70.658987678999949, -33.429877210999969 ], [ -70.660140877999936, -33.429654003999921 ], [ -70.661048938999954, -33.429350446999933 ], [ -70.661429109999972, -33.429185490999934 ], [ -70.661828626999977, -33.429041409999961 ], [ -70.662584832999983, -33.428864678999958 ], [ -70.663109706999933, -33.428809252999933 ], [ -70.663802671999974, -33.428724569999922 ], [ -70.664237218999972, -33.428599654999957 ], [ -70.664807134999933, -33.428387322999974 ], [ -70.665483391999942, -33.428086153999963 ], [ -70.666492581999933, -33.427677808999931 ], [ -70.667797286999985, -33.427210638999938 ], [ -70.668844586999967, -33.426849731999937 ], [ -70.669781742999987, -33.426497251999933 ], [ -70.670471680999981, -33.426238786999932 ], [ -70.67053623399994, -33.426214603999938 ], [ -70.670695201999933, -33.426155050999959 ], [ -70.671146310999973, -33.426038440999946 ], [ -70.671279141999946, -33.426004104999954 ], [ -70.671141185999943, -33.425587791999931 ], [ -70.671360343999936, -33.425468734999974 ], [ -70.671651285999985, -33.425283690999947 ], [ -70.671939957999939, -33.425030519999943 ], [ -70.672293233999937, -33.424605639999974 ], [ -70.672548624999934, -33.424284191999952 ], [ -70.672835870999961, -33.423914039999943 ], [ -70.673364693999986, -33.423242124999938 ], [ -70.674128782999958, -33.422263428999926 ], [ -70.674652279999989, -33.421718380999948 ], [ -70.675107482999977, -33.421374592999939 ], [ -70.675555255999939, -33.421106211999984 ], [ -70.676692299999957, -33.420422279999976 ], [ -70.677130058999978, -33.420098088999964 ], [ -70.677403186999982, -33.419835178999953 ], [ -70.677664420999974, -33.41958610599994 ], [ -70.678028921999967, -33.419124475999972 ], [ -70.678238901999975, -33.418798006999971 ], [ -70.678427949999957, -33.41843299199995 ], [ -70.678655047999939, -33.417863978999947 ], [ -70.678759089999971, -33.417424195999956 ], [ -70.678919442999984, -33.416282714999959 ], [ -70.679172913999935, -33.414388329999952 ], [ -70.679476131999934, -33.412103476999967 ], [ -70.679724960999977, -33.410307770999957 ], [ -70.679879060999951, -33.409212976999989 ], [ -70.680262654999979, -33.406452414999926 ], [ -70.680336370999953, -33.405981181999941 ], [ -70.680483132999939, -33.405511935999982 ], [ -70.680717042999959, -33.405004130999941 ], [ -70.681493035999949, -33.403683522999984 ], [ -70.681872857999977, -33.403030893999976 ] ] ] } },
{ "type": "Feature", "properties": { "OA_ID": "13117", "REGION": "Metropolitana de Santiago", "PROVINCIA": "Santiago", "COMUNA": "Lo Prado", "area_km2": 6.5438984840272907 }, "geometry": { "type": "Polygon", "coordinates": [ [ [ -70.721533074999968, -33.436598295999936 ], [ -70.720486679999965, -33.436741273999914 ], [ -70.719905443999949, -33.436820692999959 ], [ -70.718533653999941, -33.437014230999971 ], [ -70.717667426999981, -33.437145107999982 ], [ -70.717038504999948, -33.437224636999915 ], [ -70.715504091999946, -33.437433039999966 ], [ -70.714811980999968, -33.437521019999956 ], [ -70.713383261999979, -33.437735521999969 ], [ -70.712522801999967, -33.437853636999932 ], [ -70.710678866999956, -33.438124426999941 ], [ -70.710203145999969, -33.438171457999943 ], [ -70.707069549999972, -33.438057830999981 ], [ -70.707087810999951, -33.438537611999941 ], [ -70.707173037999951, -33.439575804999947 ], [ -70.707249821999937, -33.44079306899993 ], [ -70.707325434999973, -33.441340343999968 ], [ -70.707349055999941, -33.442091583999968 ], [ -70.707343431999959, -33.44347895799995 ], [ -70.707334292999974, -33.444494112999955 ], [ -70.707333897999945, -33.444608777999967 ], [ -70.707330973999944, -33.445457647999952 ], [ -70.707324622999977, -33.446179278999978 ], [ -70.707268553999938, -33.447326788999931 ], [ -70.707231627999988, -33.447795441999972 ], [ -70.707153088999974, -33.448406398999957 ], [ -70.707102471999974, -33.44878647899997 ], [ -70.706934628999988, -33.449897740999972 ], [ -70.706859040999973, -33.450392749999935 ], [ -70.706673799999976, -33.45122724699997 ], [ -70.706456014999958, -33.451785958999949 ], [ -70.706342039999981, -33.452102757999967 ], [ -70.706264473999966, -33.452497049999963 ], [ -70.705923525999935, -33.454487364999977 ], [ -70.705672619999973, -33.456113924999954 ], [ -70.705572479999944, -33.457150523999921 ], [ -70.706300729999953, -33.45731598899993 ], [ -70.706861166999943, -33.457425264999976 ], [ -70.707395047999967, -33.457564151999975 ], [ -70.708684447999985, -33.457874611999948 ], [ -70.709229705999974, -33.458000335999934 ], [ -70.71009, -33.458230000999933 ], [ -70.71019999899994, -33.458260000999935 ], [ -70.711560196999983, -33.458413396999958 ], [ -70.713025597999945, -33.458406150999963 ], [ -70.713791007999987, -33.458291576999954 ], [ -70.714428123999937, -33.458159274999964 ], [ -70.717452287999947, -33.457571443999946 ], [ -70.718696062999982, -33.457336469 ], [ -70.721283916999937, -33.456842338999927 ], [ -70.725605720999965, -33.456005549999922 ], [ -70.728139355999986, -33.455518531999921 ], [ -70.729487329999984, -33.455262497999968 ], [ -70.731268609999972, -33.454925088999971 ], [ -70.73149540199995, -33.454882128999934 ], [ -70.733187219999934, -33.454547864999938 ], [ -70.73631779699997, -33.453935951999931 ], [ -70.738918185999978, -33.453427671999975 ], [ -70.73896887899997, -33.453248222999946 ], [ -70.739044155999977, -33.452746702999946 ], [ -70.739071707999983, -33.452379092999927 ], [ -70.739133977999984, -33.451614522999925 ], [ -70.739230364999969, -33.450228768999978 ], [ -70.739330966999944, -33.449054190999952 ], [ -70.739392195999983, -33.448237639999945 ], [ -70.739480811999954, -33.447433702999945 ], [ -70.739524105999976, -33.446883883999931 ], [ -70.739554443999964, -33.44665597399996 ], [ -70.739576074999945, -33.446574426999973 ], [ -70.739624833999983, -33.446492497999941 ], [ -70.739793083999984, -33.446376394999966 ], [ -70.74026353499994, -33.446057813999964 ], [ -70.740470406999975, -33.445934667999957 ], [ -70.740561469999989, -33.445835895999942 ], [ -70.740617459999953, -33.445727867999942 ], [ -70.740622919999964, -33.445419062999974 ], [ -70.740593851999961, -33.444740268999965 ], [ -70.740574315999936, -33.443762361999973 ], [ -70.740513228999987, -33.441868601999936 ], [ -70.740648193999959, -33.440280817999955 ], [ -70.740683032999982, -33.439890355999957 ], [ -70.74069321199994, -33.439623731999966 ], [ -70.74071293999998, -33.439252980999989 ], [ -70.740738276999934, -33.43877490899996 ], [ -70.740813064999941, -33.437701045999965 ], [ -70.740862055999969, -33.436789147999946 ], [ -70.740876774999947, -33.436515169999943 ], [ -70.740883356999973, -33.436392656999935 ], [ -70.740457817999982, -33.436382399999964 ], [ -70.739929393999944, -33.436384643999915 ], [ -70.73973624599995, -33.436382397999971 ], [ -70.739526265999984, -33.436379956999922 ], [ -70.738699933999953, -33.436394994999937 ], [ -70.73757719799994, -33.436395218999962 ], [ -70.736472929999934, -33.436393448999965 ], [ -70.735862309999959, -33.436398551999964 ], [ -70.735079008999946, -33.43640606799994 ], [ -70.734597967999946, -33.436412798999989 ], [ -70.734161810999979, -33.436401659999937 ], [ -70.733795444999942, -33.436384370999967 ], [ -70.733013273999973, -33.436345308999925 ], [ -70.73271090999998, -33.436340914999967 ], [ -70.732408237999948, -33.436321007999936 ], [ -70.731704630999957, -33.436303252999942 ], [ -70.730957681999939, -33.436277477999973 ], [ -70.730324071999974, -33.43626390999998 ], [ -70.729759121999962, -33.436290757999984 ], [ -70.729110570999978, -33.436353248999978 ], [ -70.728995619999978, -33.436363471999975 ], [ -70.728831571999933, -33.436386447999944 ], [ -70.728707026999984, -33.436431285999952 ], [ -70.728574634999973, -33.43649519699995 ], [ -70.72837279099997, -33.436582488999932 ], [ -70.728097487999946, -33.436698387999961 ], [ -70.727883581999947, -33.43679963999994 ], [ -70.727773699999943, -33.436858063999978 ], [ -70.727482562999967, -33.437005215999932 ], [ -70.727309190999961, -33.437076592999972 ], [ -70.727033508999966, -33.437173530999921 ], [ -70.72675131699998, -33.437253318999979 ], [ -70.726536008999972, -33.437283901999933 ], [ -70.725978411999961, -33.43737097099995 ], [ -70.725234422999975, -33.437495111999965 ], [ -70.72468983999994, -33.437616475999967 ], [ -70.724317292999956, -33.437702686999948 ], [ -70.72424622799997, -33.437748499999934 ], [ -70.724174060999985, -33.437842601999932 ], [ -70.724130402999947, -33.437922514999961 ], [ -70.724071183999968, -33.438047468999962 ], [ -70.723971429999949, -33.43820229499994 ], [ -70.723854638999981, -33.438431491999943 ], [ -70.723740185999986, -33.438571005999961 ], [ -70.723530825999944, -33.438694598999973 ], [ -70.723278814999958, -33.438741202999942 ], [ -70.72301214099997, -33.438774217999928 ], [ -70.722775996999985, -33.438791291999969 ], [ -70.72245933499994, -33.438792243999956 ], [ -70.722336652999957, -33.438770043999952 ], [ -70.722109922999948, -33.43817644399995 ], [ -70.721880703999943, -33.437607247999949 ], [ -70.721768218999955, -33.43732606799994 ], [ -70.721627444999967, -33.436965974999971 ], [ -70.721533074999968, -33.436598295999936 ] ] ] } },
{ "type": "Feature", "properties": { "OA_ID": "13127", "REGION": "Metropolitana de Santiago", "PROVINCIA": "Santiago", "COMUNA": "Recoleta", "area_km2": 15.614484361763905 }, "geometry": { "type": "Polygon", "coordinates": [ [ [ -70.635376432999976, -33.435695335999988 ], [ -70.635401, -33.435690783999966 ], [ -70.635715853999955, -33.435632447999978 ], [ -70.636708706999968, -33.435407497999947 ], [ -70.638783940999986, -33.434934363999965 ], [ -70.640354313999978, -33.434560339999962 ], [ -70.642365095999935, -33.434084359999936 ], [ -70.643294047999973, -33.433886508999926 ], [ -70.64495739299997, -33.43349268399993 ], [ -70.64653863999996, -33.433112114999972 ], [ -70.64834325399994, -33.432663715999979 ], [ -70.649352774999954, -33.432436391999929 ], [ -70.64941091299994, -33.432424540999932 ], [ -70.650299475999986, -33.43224340699993 ], [ -70.651526348999937, -33.431950534999942 ], [ -70.651607317999947, -33.431931206999927 ], [ -70.651701209999942, -33.43119562399994 ], [ -70.651660023, -33.430432535999948 ], [ -70.651497381999945, -33.428578983999955 ], [ -70.651361186999964, -33.426988967999932 ], [ -70.651288664999981, -33.42619641899995 ], [ -70.65128033799995, -33.42609463999996 ], [ -70.651252313999976, -33.425752126999939 ], [ -70.651175839999951, -33.424817439999977 ], [ -70.651044295999952, -33.423306719999971 ], [ -70.650779145999934, -33.421306672999947 ], [ -70.650631416999943, -33.42050848599996 ], [ -70.650501117999966, -33.419826409999985 ], [ -70.650350635999985, -33.419037368999959 ], [ -70.650171383999975, -33.418097630999959 ], [ -70.650112837999984, -33.417763941999965 ], [ -70.650526214999957, -33.417693012999962 ], [ -70.650519375999977, -33.41764609899996 ], [ -70.651563867999982, -33.417464318999961 ], [ -70.652646726999933, -33.417437636999978 ], [ -70.652671106999946, -33.415278335999972 ], [ -70.652682537999965, -33.413810640999948 ], [ -70.652687878999984, -33.412961145999923 ], [ -70.652687395999976, -33.412217395999953 ], [ -70.652689470999974, -33.411274698999932 ], [ -70.653493995999952, -33.411276555999947 ], [ -70.653486128999987, -33.410497739999983 ], [ -70.653479189999985, -33.409596581999942 ], [ -70.653245871999957, -33.409605083999949 ], [ -70.653156333999959, -33.409408127999932 ], [ -70.653170984, -33.408319412999951 ], [ -70.653152560999956, -33.407232060999952 ], [ -70.653253482999958, -33.407205905999945 ], [ -70.653053839999984, -33.40640055199998 ], [ -70.65396586199995, -33.406207 ], [ -70.654833397999937, -33.405972716999941 ], [ -70.655417500999988, -33.405802669999964 ], [ -70.657210431999943, -33.405276023999932 ], [ -70.65730530899998, -33.404817799999933 ], [ -70.657452615999944, -33.404059325999981 ], [ -70.657680712999934, -33.402880601999982 ], [ -70.657890952999935, -33.401922125999917 ], [ -70.658002185999976, -33.401446627999967 ], [ -70.658206749999977, -33.400559912999952 ], [ -70.658247267999968, -33.400315223999939 ], [ -70.658268473999954, -33.400135423999977 ], [ -70.658271291999938, -33.400072489999957 ], [ -70.658270743999935, -33.399977398 ], [ -70.658262199999982, -33.399908264999965 ], [ -70.658199977999971, -33.399677915999973 ], [ -70.65788443699995, -33.398509744999956 ], [ -70.657795857999986, -33.397928706999949 ], [ -70.65775935399995, -33.397433235999983 ], [ -70.65775, -33.396480000999937 ], [ -70.65767, -33.39561 ], [ -70.657618039999988, -33.395076159999974 ], [ -70.65754422599997, -33.394563271999964 ], [ -70.657486076999987, -33.394224077999979 ], [ -70.657414955999968, -33.393926766999975 ], [ -70.657266576999973, -33.393315377999947 ], [ -70.657233110999982, -33.393185624999937 ], [ -70.657204453999952, -33.392945169999962 ], [ -70.657220177999989, -33.391945466999978 ], [ -70.657303917999968, -33.391166984999977 ], [ -70.657354918999943, -33.390440151999933 ], [ -70.657415690999983, -33.389548303999959 ], [ -70.657424597999977, -33.388642298999976 ], [ -70.657238353999958, -33.38729249599993 ], [ -70.65717574599995, -33.386779497999946 ], [ -70.657148828999937, -33.386365223999967 ], [ -70.657156579999949, -33.386249763999949 ], [ -70.657212447999939, -33.385224857999944 ], [ -70.657252641999946, -33.384945018999929 ], [ -70.657336820999944, -33.384344208999948 ], [ -70.657529067999974, -33.383107726999981 ], [ -70.657603488999939, -33.381566872999947 ], [ -70.65764870199996, -33.380640031999974 ], [ -70.657733137999969, -33.378904183999971 ], [ -70.65773543499995, -33.378439121999968 ], [ -70.657694596999988, -33.378204875999984 ], [ -70.657594339999946, -33.37794049699994 ], [ -70.657258844999944, -33.377280229999947 ], [ -70.657130872999986, -33.377062248999955 ], [ -70.656760334999944, -33.376408943999934 ], [ -70.655623510999988, -33.376839060999949 ], [ -70.652938191999965, -33.377819003999946 ], [ -70.652091465999945, -33.378127569999947 ], [ -70.650996022999948, -33.378535946999932 ], [ -70.648697263999964, -33.379394178999974 ], [ -70.646264376999966, -33.380308434999954 ], [ -70.645633693999969, -33.38054873599998 ], [ -70.644334066999988, -33.381073614999934 ], [ -70.64302, -33.381750000999936 ], [ -70.641317551999975, -33.382734669999934 ], [ -70.64028628899996, -33.383414141999928 ], [ -70.639926070999934, -33.383656180999928 ], [ -70.638711848999947, -33.384524600999953 ], [ -70.636902263999957, -33.385855819999954 ], [ -70.635080845999951, -33.387206768999931 ], [ -70.633352811999941, -33.388470130999956 ], [ -70.632058443999938, -33.389430607999934 ], [ -70.631146332999947, -33.390103437999976 ], [ -70.630127757999958, -33.390887476999978 ], [ -70.628899145999981, -33.391771835999968 ], [ -70.628349197999967, -33.39216958399993 ], [ -70.627645883999946, -33.392659068999933 ], [ -70.627383793999968, -33.392818968999961 ], [ -70.626714583999956, -33.393227251999974 ], [ -70.625876850999987, -33.393657348999952 ], [ -70.624832051999988, -33.394147065999945 ], [ -70.623550016999957, -33.39472935799995 ], [ -70.623718989999986, -33.394980251999982 ], [ -70.623016210999936, -33.395853043999978 ], [ -70.622947955999962, -33.395853936999977 ], [ -70.622733245999939, -33.396239716999958 ], [ -70.622940871999958, -33.396390904999976 ], [ -70.622573515999989, -33.396828789999979 ], [ -70.620001481999978, -33.397571077999942 ], [ -70.619915618999983, -33.397481610999932 ], [ -70.619801327999937, -33.397362520999927 ], [ -70.619671936999964, -33.397518113999986 ], [ -70.619426233999945, -33.397614379999936 ], [ -70.619211786999983, -33.397785400999958 ], [ -70.619034286999977, -33.397905284999972 ], [ -70.618733222999936, -33.39821040899993 ], [ -70.617560014999981, -33.398683846 ], [ -70.617446333999965, -33.398996715999935 ], [ -70.617183559999944, -33.399093199999975 ], [ -70.616865235999967, -33.399415895999937 ], [ -70.616725130999953, -33.399579901999985 ], [ -70.616067501999964, -33.400349716999983 ], [ -70.615456431999974, -33.400994768999965 ], [ -70.614235057999963, -33.402102508999974 ], [ -70.613454532999981, -33.402810408999976 ], [ -70.611873636999974, -33.40431989699993 ], [ -70.610917470999937, -33.405194408999925 ], [ -70.610348912999939, -33.40571441099997 ], [ -70.610403771999984, -33.405878985999948 ], [ -70.610619860999975, -33.406243636999918 ], [ -70.61099801599994, -33.406594780999974 ], [ -70.611322149999978, -33.406851385999971 ], [ -70.611629400999959, -33.407043839999965 ], [ -70.612000803999933, -33.407145131999975 ], [ -70.612362078999979, -33.407715741999944 ], [ -70.612834772999975, -33.408188436999978 ], [ -70.61397, -33.408940000999962 ], [ -70.614522120999936, -33.409400892999933 ], [ -70.614859449999983, -33.40970271499998 ], [ -70.615512513999988, -33.410154120999962 ], [ -70.616446857999961, -33.410786203999962 ], [ -70.617236231999982, -33.411164443999951 ], [ -70.617877596999961, -33.41146045899994 ], [ -70.618549427999938, -33.411778816999977 ], [ -70.619258998999953, -33.411953817999965 ], [ -70.620076069999982, -33.412202044999965 ], [ -70.620601608999948, -33.412499530999966 ], [ -70.621044137999945, -33.41283142899993 ], [ -70.621357707999948, -33.413234588999956 ], [ -70.621508794999954, -33.413428844999949 ], [ -70.622061956999971, -33.414446662999978 ], [ -70.622902764999935, -33.415420229999938 ], [ -70.62367719199996, -33.416415921999935 ], [ -70.624600000999976, -33.417700000999957 ], [ -70.625699998999949, -33.418530000999965 ], [ -70.62706254699998, -33.419137480999943 ], [ -70.628434390999985, -33.419624263999921 ], [ -70.628943298999957, -33.419779149999961 ], [ -70.62940795599998, -33.419978287999982 ], [ -70.629850485999953, -33.420155299999976 ], [ -70.630356737999989, -33.420414883999968 ], [ -70.630748834999963, -33.42071192699995 ], [ -70.631164695999985, -33.420997088999975 ], [ -70.631925126999988, -33.421579292999972 ], [ -70.632424158999982, -33.422113971999977 ], [ -70.632626147999986, -33.422387250999961 ], [ -70.632733084999984, -33.42275558499994 ], [ -70.632840019999946, -33.42344472599995 ], [ -70.632923192999954, -33.424419027999932 ], [ -70.633065772999942, -33.424941823999959 ], [ -70.633232116999977, -33.425333920999947 ], [ -70.633437676999961, -33.426671886999934 ], [ -70.634287006999955, -33.427871718999938 ], [ -70.636234701999967, -33.430623187999977 ], [ -70.636036918999935, -33.431786651999971 ], [ -70.635861241999976, -33.432785430999957 ], [ -70.635642805999964, -33.434144248999907 ], [ -70.635376432999976, -33.435695335999988 ] ] ] } },
{ "type": "Feature", "properties": { "OA_ID": "13128", "REGION": "Metropolitana de Santiago", "PROVINCIA": "Santiago", "COMUNA": "Renca", "area_km2": 23.684823388690305 }, "geometry": { "type": "Polygon", "coordinates": [ [ [ -70.722407694999958, -33.411677984999983 ], [ -70.723523745999955, -33.412124055999982 ], [ -70.724195109999982, -33.412454540999931 ], [ -70.725508692999938, -33.413033425999977 ], [ -70.726337256999955, -33.413355113999962 ], [ -70.726815421999959, -33.413463928999931 ], [ -70.727169969999977, -33.413488684999948 ], [ -70.727845970999965, -33.413456174999965 ], [ -70.728403490999938, -33.413343404999971 ], [ -70.728985015999967, -33.413166468999975 ], [ -70.729762686999948, -33.412904887999957 ], [ -70.730431738999982, -33.41272069799993 ], [ -70.731203434999955, -33.412554867999958 ], [ -70.732019370999978, -33.412437901999965 ], [ -70.733009068999934, -33.412354794999935 ], [ -70.734292940999978, -33.412227975999947 ], [ -70.735282699999971, -33.412148148999961 ], [ -70.736058120999985, -33.412170289999942 ], [ -70.737219943999946, -33.412236500999938 ], [ -70.737987893999957, -33.412278529999966 ], [ -70.739196715999981, -33.412334166999976 ], [ -70.740248158999975, -33.412388700999941 ], [ -70.741011322999952, -33.412387887999955 ], [ -70.741904335999948, -33.412388546999978 ], [ -70.742402880999975, -33.412335354999975 ], [ -70.742866227999968, -33.412292553999976 ], [ -70.743518479999977, -33.412253694999954 ], [ -70.743991207999954, -33.412286637999955 ], [ -70.744543647999933, -33.412371245999957 ], [ -70.745395905999942, -33.412497820999931 ], [ -70.745913348999977, -33.412602709999923 ], [ -70.746436478999954, -33.412598643999956 ], [ -70.746895693999988, -33.412545988999959 ], [ -70.747589620999975, -33.412427339999958 ], [ -70.748602630999983, -33.412330582999964 ], [ -70.749364336999975, -33.412257157999925 ], [ -70.749999946999935, -33.412209926999928 ], [ -70.750272018999965, -33.412205835999941 ], [ -70.750689620999935, -33.412235158999977 ], [ -70.750936488999969, -33.41226576199994 ], [ -70.751246395999942, -33.412339470999939 ], [ -70.751954099999978, -33.41231957899997 ], [ -70.75254401799998, -33.412311243999973 ], [ -70.752994466999951, -33.412325364999958 ], [ -70.753360093999959, -33.412398684999971 ], [ -70.753929333999963, -33.412535799999944 ], [ -70.754446253999959, -33.412614266999981 ], [ -70.754801334, -33.412665329999982 ], [ -70.755204470999956, -33.412758600999943 ], [ -70.755453298999953, -33.412807865999959 ], [ -70.756176934999985, -33.412797620999974 ], [ -70.756746128999964, -33.412736773999931 ], [ -70.757688205999955, -33.412634348999973 ], [ -70.75870940199998, -33.412553889999963 ], [ -70.759326316999989, -33.412518746999972 ], [ -70.759967160999963, -33.412499756999964 ], [ -70.760443426999984, -33.412512792999955 ], [ -70.760810373999959, -33.412566968999947 ], [ -70.761082467999984, -33.412599396999944 ], [ -70.761497874999975, -33.412715566999957 ], [ -70.762091390999956, -33.412885289999963 ], [ -70.762845886999969, -33.413039526999974 ], [ -70.763624248999989, -33.413206615999975 ], [ -70.764279819999956, -33.413338316999955 ], [ -70.764710181999988, -33.413428256999971 ], [ -70.765236107999954, -33.413543292999975 ], [ -70.76585629799996, -33.413669729999974 ], [ -70.766516618999958, -33.413835181999957 ], [ -70.767567562999943, -33.414057747999955 ], [ -70.768776962999937, -33.414334130999976 ], [ -70.769420022999952, -33.414423932999959 ], [ -70.770078548999948, -33.414500313999952 ], [ -70.770819598999935, -33.414572213999982 ], [ -70.771229284999947, -33.414599355999933 ], [ -70.771700150999948, -33.414585526999936 ], [ -70.771842340999967, -33.414567504999972 ], [ -70.772105305999958, -33.414537353999947 ], [ -70.772356203999948, -33.414494178999981 ], [ -70.772575839999959, -33.414461347999968 ], [ -70.772728080999968, -33.414403086999982 ], [ -70.772907382999961, -33.414321343999973 ], [ -70.773302989999934, -33.414236507999917 ], [ -70.773592342999962, -33.414149891999948 ], [ -70.774071652999964, -33.413925292999977 ], [ -70.774536571999988, -33.413766880999958 ], [ -70.774995032999982, -33.413677841999963 ], [ -70.775398768999935, -33.413606079999965 ], [ -70.77585023499995, -33.41356002699996 ], [ -70.776235379999946, -33.413541314999982 ], [ -70.776605599999982, -33.413562404999936 ], [ -70.77705343599996, -33.413634713999961 ], [ -70.77737877999995, -33.413666797999952 ], [ -70.77777360499995, -33.413737018999946 ], [ -70.777994917999933, -33.413786632999972 ], [ -70.778263792999951, -33.413844353999941 ], [ -70.778551325999956, -33.413871030999921 ], [ -70.778956672999982, -33.413878414999935 ], [ -70.779492341999969, -33.41391031999995 ], [ -70.780121522999934, -33.413897991999924 ], [ -70.780768549999948, -33.413796326999943 ], [ -70.780941348999988, -33.413783225999971 ], [ -70.781251677999933, -33.413759696999932 ], [ -70.781861798999955, -33.413777325999945 ], [ -70.782271391999984, -33.413784520999961 ], [ -70.782296007999946, -33.413237430999985 ], [ -70.782339406999952, -33.412826933999952 ], [ -70.782345566999936, -33.412766148999928 ], [ -70.782363648999933, -33.412587718999916 ], [ -70.782380401999944, -33.412457187999955 ], [ -70.782425003999947, -33.411788805999954 ], [ -70.782450338999979, -33.411286278999974 ], [ -70.782464655999945, -33.41056132999995 ], [ -70.782473443999947, -33.40988260499995 ], [ -70.782495320999942, -33.409369269999956 ], [ -70.782528045999982, -33.407327573999964 ], [ -70.782536093999965, -33.406771007999964 ], [ -70.782523191999985, -33.406456322999929 ], [ -70.782492928999943, -33.406242320999972 ], [ -70.782391561999987, -33.405874619999963 ], [ -70.782281431999934, -33.405553188999924 ], [ -70.782139890999986, -33.405278353999968 ], [ -70.78189, -33.404880000999981 ], [ -70.78148, -33.404420000999941 ], [ -70.779432922999945, -33.402683716999945 ], [ -70.776660629999981, -33.400346171999956 ], [ -70.77602, -33.399860000999972 ], [ -70.775254893999943, -33.39917195999994 ], [ -70.772972987999935, -33.397239364999947 ], [ -70.771442270999955, -33.39596103199996 ], [ -70.769479940999986, -33.394300674999947 ], [ -70.768419954999956, -33.393411890999971 ], [ -70.765687426999989, -33.391102844999978 ], [ -70.764364010999941, -33.389984333999948 ], [ -70.763336860999971, -33.389114036999956 ], [ -70.762323218999938, -33.388270683999956 ], [ -70.760205088999953, -33.386480037999938 ], [ -70.758425626999951, -33.38497819599997 ], [ -70.758042513999953, -33.384667472999979 ], [ -70.757666631999939, -33.384362611999947 ], [ -70.756911380999952, -33.383715594999956 ], [ -70.756869998999946, -33.383726908999947 ], [ -70.756812682999964, -33.383747089999929 ], [ -70.756524633999959, -33.383870614999971 ], [ -70.756312486999946, -33.383941412999945 ], [ -70.755932918999974, -33.384106584999977 ], [ -70.755488500999945, -33.384300114999974 ], [ -70.754916274, -33.384548717999955 ], [ -70.753569254999945, -33.38501972399996 ], [ -70.753409167999962, -33.385096237999953 ], [ -70.752985844999955, -33.385190996999938 ], [ -70.752157318999934, -33.385420609999983 ], [ -70.751698046999934, -33.385641776999925 ], [ -70.751572113999941, -33.385790441999973 ], [ -70.751446043999977, -33.385977386999961 ], [ -70.751449348999984, -33.38611382299996 ], [ -70.751537828999972, -33.386412739999969 ], [ -70.751700519999986, -33.387036543999962 ], [ -70.751603535999948, -33.387419681999958 ], [ -70.75139898499998, -33.387771887999975 ], [ -70.751350699999989, -33.387860375999921 ], [ -70.751137638999978, -33.388128712999958 ], [ -70.751084119999973, -33.388410067999978 ], [ -70.751148912999952, -33.388804283999946 ], [ -70.751297224999973, -33.389164870999934 ], [ -70.751392581999937, -33.389381132999972 ], [ -70.75128276099997, -33.389464762999978 ], [ -70.75106130599994, -33.389626799999967 ], [ -70.750001938999958, -33.389569806999923 ], [ -70.749702513999978, -33.389553697999922 ], [ -70.749574997999957, -33.389961752999973 ], [ -70.749319961999959, -33.390140276999951 ], [ -70.748870628999953, -33.390201788999939 ], [ -70.748302576999947, -33.390281306999945 ], [ -70.746067431999975, -33.389580733999928 ], [ -70.743845993999969, -33.389313248999933 ], [ -70.742541517999939, -33.389324056999953 ], [ -70.741638952999949, -33.389307341999931 ], [ -70.74055, -33.389420000999948 ], [ -70.739396675999956, -33.389561817999954 ], [ -70.738841913999977, -33.389984768999952 ], [ -70.738038914999947, -33.390797736999964 ], [ -70.737391736999939, -33.39172304799996 ], [ -70.737047675999989, -33.392443683999936 ], [ -70.736772142999939, -33.393177675999937 ], [ -70.736164734999988, -33.393529769999923 ], [ -70.735074741999938, -33.393645232999972 ], [ -70.733821517999957, -33.393276211999925 ], [ -70.732018339999968, -33.39271442699993 ], [ -70.731228088999956, -33.392453444999951 ], [ -70.730268923999972, -33.392280712999934 ], [ -70.729753560999939, -33.39211270699996 ], [ -70.728003979999983, -33.391668043 ], [ -70.726856014999953, -33.391440646999961 ], [ -70.726003200999969, -33.391466830999939 ], [ -70.725063200999955, -33.391763993999966 ], [ -70.724224488999937, -33.391817410999977 ], [ -70.723413629999982, -33.391796301999925 ], [ -70.722303858999979, -33.391675719999967 ], [ -70.720648558999983, -33.391684371999922 ], [ -70.719794254999954, -33.391766777999983 ], [ -70.718976195999971, -33.391693236999963 ], [ -70.718344899999977, -33.391701981999972 ], [ -70.716925088999972, -33.391535524999945 ], [ -70.715115385999979, -33.391503289999946 ], [ -70.712738984999987, -33.391292738999944 ], [ -70.71116, -33.390870000999946 ], [ -70.70777, -33.38687 ], [ -70.707021468999983, -33.386045812999953 ], [ -70.706932635999976, -33.385969043999978 ], [ -70.706912452999973, -33.385951601999984 ], [ -70.70648334599997, -33.385580771999983 ], [ -70.705802030999962, -33.38477410199993 ], [ -70.705175158999964, -33.384137068999962 ], [ -70.705020270999967, -33.384008545999961 ], [ -70.704785624999943, -33.383873362999957 ], [ -70.704542113999935, -33.383731313999931 ], [ -70.704329041999983, -33.383548681999969 ], [ -70.704024653999966, -33.383386340999934 ], [ -70.70369997499995, -33.383274732999944 ], [ -70.70329, -33.38321 ], [ -70.702543906999949, -33.383058590999944 ], [ -70.701119172999938, -33.382754328999951 ], [ -70.700008221999951, -33.382577294999976 ], [ -70.698401476999948, -33.382441815999982 ], [ -70.697563011999989, -33.382324440999987 ], [ -70.69637, -33.382160000999924 ], [ -70.696176009999988, -33.382086414999947 ], [ -70.695837171999983, -33.382998007999952 ], [ -70.695609300999934, -33.383566623999968 ], [ -70.695518977999953, -33.383777080999948 ], [ -70.694150896999986, -33.383381340999961 ], [ -70.694668006999962, -33.38218123799993 ], [ -70.694850966999979, -33.381716434999937 ], [ -70.69429985499994, -33.381530091999927 ], [ -70.693487381999944, -33.381292208999987 ], [ -70.693433738999943, -33.381411182999948 ], [ -70.692499978999933, -33.383472968999961 ], [ -70.691833905999943, -33.384934659999935 ], [ -70.691686394, -33.385262108999932 ], [ -70.690937816999963, -33.386923816999968 ], [ -70.690249129999984, -33.388481808999984 ], [ -70.689280051999958, -33.390649024999945 ], [ -70.688894287999972, -33.391383565999938 ], [ -70.688761261999957, -33.391553481999942 ], [ -70.687937295999973, -33.392934540999931 ], [ -70.687514906999979, -33.393647464999951 ], [ -70.68665, -33.395100000999946 ], [ -70.686335100999941, -33.395604823999975 ], [ -70.68538426899994, -33.397197264999932 ], [ -70.684627125999953, -33.39845018799997 ], [ -70.68385524699994, -33.39972916399995 ], [ -70.683056948999933, -33.401071403999921 ], [ -70.682487782999942, -33.402037179999979 ], [ -70.681872857999977, -33.403030893999976 ], [ -70.681493035999949, -33.403683522999984 ], [ -70.680717042999959, -33.405004130999941 ], [ -70.680483132999939, -33.405511935999982 ], [ -70.680336370999953, -33.405981181999941 ], [ -70.680262654999979, -33.406452414999926 ], [ -70.679879060999951, -33.409212976999989 ], [ -70.679724960999977, -33.410307770999957 ], [ -70.679476131999934, -33.412103476999967 ], [ -70.679172913999935, -33.414388329999952 ], [ -70.678919442999984, -33.416282714999959 ], [ -70.678759089999971, -33.417424195999956 ], [ -70.678655047999939, -33.417863978999947 ], [ -70.678427949999957, -33.41843299199995 ], [ -70.678238901999975, -33.418798006999971 ], [ -70.678028921999967, -33.419124475999972 ], [ -70.677664420999974, -33.41958610599994 ], [ -70.677403186999982, -33.419835178999953 ], [ -70.677130058999978, -33.420098088999964 ], [ -70.676692299999957, -33.420422279999976 ], [ -70.675555255999939, -33.421106211999984 ], [ -70.675107482999977, -33.421374592999939 ], [ -70.674652279999989, -33.421718380999948 ], [ -70.674128782999958, -33.422263428999926 ], [ -70.673364693999986, -33.423242124999938 ], [ -70.672835870999961, -33.423914039999943 ], [ -70.672548624999934, -33.424284191999952 ], [ -70.672293233999937, -33.424605639999974 ], [ -70.671939957999939, -33.425030519999943 ], [ -70.671651285999985, -33.425283690999947 ], [ -70.671360343999936, -33.425468734999974 ], [ -70.671141185999943, -33.425587791999931 ], [ -70.671279141999946, -33.426004104999954 ], [ -70.671362371999976, -33.426287674999962 ], [ -70.671414269999957, -33.426464123999942 ], [ -70.672208208999962, -33.426225189999961 ], [ -70.672970329999941, -33.426004402999972 ], [ -70.673423296999943, -33.425854259999937 ], [ -70.674302913999952, -33.425559863999979 ], [ -70.675037007999947, -33.42525634899993 ], [ -70.67587485599995, -33.424851712999953 ], [ -70.676436897999963, -33.424533894999975 ], [ -70.676802179999981, -33.424290750999951 ], [ -70.677409593999982, -33.42392799799994 ], [ -70.678249549999975, -33.423634110999963 ], [ -70.679200497999943, -33.423272239999967 ], [ -70.679857006999953, -33.423058380999969 ], [ -70.680604802999937, -33.422782345999963 ], [ -70.68149746499995, -33.422482183999932 ], [ -70.682186877999982, -33.422262326999935 ], [ -70.682488225999975, -33.422130826999933 ], [ -70.683037229999968, -33.421824235999956 ], [ -70.683304377999946, -33.421632261999939 ], [ -70.683602621999967, -33.421340150999981 ], [ -70.684020811999972, -33.421101807999946 ], [ -70.684536995999963, -33.420806735999975 ], [ -70.684911624999984, -33.420707471999954 ], [ -70.685298713999941, -33.420569260999969 ], [ -70.685777618999964, -33.420396561999951 ], [ -70.686204544999967, -33.420268885999974 ], [ -70.686579169999959, -33.420169617999925 ], [ -70.686834916999942, -33.420071964999977 ], [ -70.687012268999979, -33.420019695999926 ], [ -70.687223606999979, -33.420016820999933 ], [ -70.687488849999966, -33.420068608999934 ], [ -70.687666522999962, -33.420032952999968 ], [ -70.687955182999985, -33.419929310999976 ], [ -70.688346185999933, -33.419652545999952 ], [ -70.688539810999941, -33.419417243999938 ], [ -70.68884699299997, -33.419246871999974 ], [ -70.689212645999987, -33.419025845999947 ], [ -70.689571478999952, -33.418793831999935 ], [ -70.690074957999968, -33.418526608999962 ], [ -70.690499612999986, -33.418282615999949 ], [ -70.690772907999985, -33.41806838399998 ], [ -70.691057905999969, -33.417776435999947 ], [ -70.691501292999988, -33.417476788999977 ], [ -70.691805776999956, -33.417167954999968 ], [ -70.691985211999963, -33.416882984999965 ], [ -70.692292426999984, -33.416374684999937 ], [ -70.692689622999978, -33.415737744999944 ], [ -70.692918348999967, -33.415374092999961 ], [ -70.69306987799996, -33.415191875999938 ], [ -70.693316229999937, -33.415009036999948 ], [ -70.693610286999956, -33.414844372999944 ], [ -70.693812425999965, -33.414708660999949 ], [ -70.694014349999975, -33.414561871999979 ], [ -70.694281127999943, -33.414353260999974 ], [ -70.694527124999979, -33.414095076999949 ], [ -70.694714438999938, -33.413876470999966 ], [ -70.694968220999954, -33.413679114999987 ], [ -70.69547122299997, -33.413389717999955 ], [ -70.696489885999938, -33.412783046999941 ], [ -70.697291259999986, -33.41221257899997 ], [ -70.69772117399998, -33.411902014999946 ], [ -70.698132783999938, -33.411669253999939 ], [ -70.698608917999934, -33.411358053999962 ], [ -70.698986425999976, -33.411070361999975 ], [ -70.699330697999983, -33.410772043999934 ], [ -70.699616830999958, -33.410540997999924 ], [ -70.70001425099997, -33.410258569999925 ], [ -70.700353531999951, -33.410043412999983 ], [ -70.700829540999962, -33.409726665999983 ], [ -70.70137688799997, -33.409342463999955 ], [ -70.701978353999948, -33.409023991999959 ], [ -70.702593130999958, -33.40871087499994 ], [ -70.703129310999941, -33.408432070999943 ], [ -70.703444326999943, -33.408328031999936 ], [ -70.703824834, -33.408195393999968 ], [ -70.704114731999937, -33.408158173999922 ], [ -70.704556181999976, -33.408102250999939 ], [ -70.704800071999955, -33.408076740999945 ], [ -70.705056303999982, -33.40800674299993 ], [ -70.705325091999953, -33.407903334999958 ], [ -70.705645513999968, -33.407738278999943 ], [ -70.705823045999978, -33.407697059999968 ], [ -70.706239269999969, -33.407702414999967 ], [ -70.706484241999988, -33.40773228299998 ], [ -70.706769050999981, -33.407772680999983 ], [ -70.707158753999977, -33.40777285799993 ], [ -70.707694054999934, -33.407787647999953 ], [ -70.708096855999941, -33.407782101999942 ], [ -70.70856536499997, -33.407759029999973 ], [ -70.709299198999986, -33.407793236999971 ], [ -70.710198548999983, -33.407847315999966 ], [ -70.710774230999959, -33.407900313999946 ], [ -70.711191432999954, -33.40795549499996 ], [ -70.711628662999942, -33.408021476999984 ], [ -70.712038393999933, -33.408032440999925 ], [ -70.712342037999974, -33.408022709999948 ], [ -70.712547065999956, -33.408036498999934 ], [ -70.712876034999965, -33.407971019999927 ], [ -70.713133780999954, -33.407978539999917 ], [ -70.713346391999949, -33.408042079 ], [ -70.713540191999982, -33.408138630999915 ], [ -70.713820773999942, -33.40831804699998 ], [ -70.714175645999944, -33.408562425999961 ], [ -70.714410789999988, -33.408764142999921 ], [ -70.714567455999941, -33.409005720999964 ], [ -70.714823716999945, -33.409273619999965 ], [ -70.71503125299995, -33.409414780999953 ], [ -70.715226344999962, -33.409594890999976 ], [ -70.715447087999962, -33.409735868999974 ], [ -70.715866153999968, -33.409885181999982 ], [ -70.716377341999987, -33.410016599999949 ], [ -70.716860918999942, -33.410087461999979 ], [ -70.71716500399998, -33.410099870999936 ], [ -70.71744162899995, -33.410046853 ], [ -70.71771105199997, -33.409974403999961 ], [ -70.717857976999937, -33.409922738999967 ], [ -70.718028257999947, -33.409901291999965 ], [ -70.718177631999936, -33.409932159999975 ], [ -70.7183, -33.409980000999951 ], [ -70.718537100999981, -33.410008852999965 ], [ -70.718821702999946, -33.410038146999959 ], [ -70.719125024999983, -33.410011784999938 ], [ -70.719442316999974, -33.410024004999975 ], [ -70.719780292999985, -33.410080255999958 ], [ -70.720171750999953, -33.410169000999936 ], [ -70.720423773999983, -33.410220901999935 ], [ -70.720789803999935, -33.410359853999985 ], [ -70.720957620999968, -33.410496015999946 ], [ -70.72127388399997, -33.410790766999966 ], [ -70.721837538999978, -33.41123719199993 ], [ -70.722407694999958, -33.411677984999983 ] ] ] } },
{ "type": "Feature", "properties": { "OA_ID": "13124", "REGION": "Metropolitana de Santiago", "PROVINCIA": "Santiago", "COMUNA": "Pudahuel", "area_km2": 198.58053221900047 }, "geometry": { "type": "Polygon", "coordinates": [ [ [ -70.803694716999985, -33.350734842999948 ], [ -70.803485064999961, -33.350722606999966 ], [ -70.80335377199998, -33.350766376999957 ], [ -70.803326780999953, -33.350775374999948 ], [ -70.802772655999945, -33.350960105999945 ], [ -70.802606658999935, -33.351073208999921 ], [ -70.802410362999979, -33.351204209999942 ], [ -70.80164068299996, -33.351863669999943 ], [ -70.801351173999933, -33.35202534999997 ], [ -70.800925586999938, -33.352344095999968 ], [ -70.799179005999974, -33.35368174599995 ], [ -70.797212824999974, -33.355127536999923 ], [ -70.795757724999987, -33.356265263999944 ], [ -70.795500338999943, -33.356469414999935 ], [ -70.795336713999973, -33.356593263999955 ], [ -70.793848473999958, -33.357719723999935 ], [ -70.792884137999977, -33.358439333999975 ], [ -70.792459451999946, -33.358756243999949 ], [ -70.790740255999935, -33.360055205999963 ], [ -70.790135451999959, -33.360512506999953 ], [ -70.789435263999962, -33.361033216999942 ], [ -70.787446843999987, -33.362519740999964 ], [ -70.787198053999987, -33.362705775999984 ], [ -70.786020969999981, -33.363590126999952 ], [ -70.785073423999975, -33.364314123999968 ], [ -70.784464515999971, -33.364782192999918 ], [ -70.783057411999948, -33.365849293999929 ], [ -70.781783724999968, -33.366836916999929 ], [ -70.779836691999947, -33.368448592999982 ], [ -70.777016211999978, -33.370706840999958 ], [ -70.774316324999972, -33.372713959999935 ], [ -70.772059888999934, -33.374156951999964 ], [ -70.770597408999947, -33.374962240999949 ], [ -70.76992678299996, -33.375270749999956 ], [ -70.768463050999969, -33.375944112999946 ], [ -70.767844932999935, -33.376316792999944 ], [ -70.767443651999955, -33.376513392999989 ], [ -70.766490617999978, -33.377025050999961 ], [ -70.765701113999967, -33.377537357999977 ], [ -70.765237839999941, -33.37783325799996 ], [ -70.764787875999957, -33.37808422799997 ], [ -70.763993532999962, -33.378533958999974 ], [ -70.763496935999967, -33.37894068099996 ], [ -70.763262008999959, -33.379102095999947 ], [ -70.762243555999987, -33.379897994999951 ], [ -70.760704184999952, -33.381130768999967 ], [ -70.758847032999938, -33.382509401999982 ], [ -70.758717263999984, -33.382703318999958 ], [ -70.758151398999985, -33.382991698999945 ], [ -70.757607760999974, -33.383395485999984 ], [ -70.757414551999958, -33.383475768999965 ], [ -70.757203046999976, -33.383636243999952 ], [ -70.756911380999952, -33.383715594999956 ], [ -70.757666631999939, -33.384362611999947 ], [ -70.758042513999953, -33.384667472999979 ], [ -70.758425626999951, -33.38497819599997 ], [ -70.760205088999953, -33.386480037999938 ], [ -70.762323218999938, -33.388270683999956 ], [ -70.763336860999971, -33.389114036999956 ], [ -70.764364010999941, -33.389984333999948 ], [ -70.765687426999989, -33.391102844999978 ], [ -70.768419954999956, -33.393411890999971 ], [ -70.769479940999986, -33.394300674999947 ], [ -70.771442270999955, -33.39596103199996 ], [ -70.772972987999935, -33.397239364999947 ], [ -70.775254893999943, -33.39917195999994 ], [ -70.77602, -33.399860000999972 ], [ -70.776660629999981, -33.400346171999956 ], [ -70.779432922999945, -33.402683716999945 ], [ -70.78148, -33.404420000999941 ], [ -70.78189, -33.404880000999981 ], [ -70.782139890999986, -33.405278353999968 ], [ -70.782281431999934, -33.405553188999924 ], [ -70.782391561999987, -33.405874619999963 ], [ -70.782492928999943, -33.406242320999972 ], [ -70.782523191999985, -33.406456322999929 ], [ -70.782536093999965, -33.406771007999964 ], [ -70.782528045999982, -33.407327573999964 ], [ -70.782495320999942, -33.409369269999956 ], [ -70.782473443999947, -33.40988260499995 ], [ -70.782464655999945, -33.41056132999995 ], [ -70.782450338999979, -33.411286278999974 ], [ -70.782425003999947, -33.411788805999954 ], [ -70.782380401999944, -33.412457187999955 ], [ -70.782363648999933, -33.412587718999916 ], [ -70.782345566999936, -33.412766148999928 ], [ -70.782339406999952, -33.412826933999952 ], [ -70.782296007999946, -33.413237430999985 ], [ -70.782271391999984, -33.413784520999961 ], [ -70.782271359999982, -33.413785230999963 ], [ -70.782219862999966, -33.414606765999963 ], [ -70.782195150999939, -33.415346789999937 ], [ -70.782167939999965, -33.415685996999969 ], [ -70.782160230999978, -33.416144224999982 ], [ -70.782148720999942, -33.416416397999967 ], [ -70.782136626999943, -33.416659946999971 ], [ -70.781937323999969, -33.416653265999962 ], [ -70.781580489999953, -33.416734745999953 ], [ -70.781235908999975, -33.41685899699997 ], [ -70.781000503999962, -33.416922791999973 ], [ -70.780712884999957, -33.417062554999973 ], [ -70.780572904999985, -33.417174321999923 ], [ -70.780410362999987, -33.417295956999965 ], [ -70.780164728999978, -33.417528541999964 ], [ -70.77995614699995, -33.41790375599993 ], [ -70.779674093999972, -33.418303884999936 ], [ -70.77958186099994, -33.418524722999948 ], [ -70.779220158999976, -33.418925993999949 ], [ -70.778971552999963, -33.419292237 ], [ -70.778659975999972, -33.419640293999976 ], [ -70.778265636999947, -33.419836831999923 ], [ -70.777720368999951, -33.419987418999945 ], [ -70.777453324999954, -33.420287113999962 ], [ -70.777343821999978, -33.420498653999971 ], [ -70.77725488599998, -33.420881692999949 ], [ -70.77713599599997, -33.421470360999933 ], [ -70.776945917999967, -33.421916885999963 ], [ -70.776802965999934, -33.422205183999949 ], [ -70.776568191999957, -33.422370870999949 ], [ -70.776341252999941, -33.422584485999948 ], [ -70.77594738199997, -33.422804869999936 ], [ -70.775585434999982, -33.422842602999935 ], [ -70.775021658999947, -33.422843821999933 ], [ -70.774672359999954, -33.422944746 ], [ -70.774479378999956, -33.423098246999984 ], [ -70.774402710999937, -33.423346007999953 ], [ -70.77424022799994, -33.42379369799994 ], [ -70.774172181999973, -33.423889703999976 ], [ -70.774073422999948, -33.424029044999948 ], [ -70.773640227999977, -33.424298717999925 ], [ -70.773135411999988, -33.424423691999955 ], [ -70.772812568999939, -33.424806269999969 ], [ -70.772591851999948, -33.424951602999947 ], [ -70.772190237999951, -33.425042256999973 ], [ -70.77199795599995, -33.425046971999954 ], [ -70.771779759999959, -33.425064185999929 ], [ -70.771683921999966, -33.42507174699994 ], [ -70.771259307999969, -33.425105245999923 ], [ -70.770591255999989, -33.425277035999954 ], [ -70.769899667999937, -33.425410982999949 ], [ -70.769440085999975, -33.425479578999948 ], [ -70.768917725999984, -33.425539523999923 ], [ -70.768669133999936, -33.425628966999959 ], [ -70.768463269999984, -33.425860961999938 ], [ -70.768269170999986, -33.426111877999965 ], [ -70.768034180999962, -33.426310882999928 ], [ -70.767789146999988, -33.426295287999963 ], [ -70.767552493999972, -33.426131638999948 ], [ -70.767307444999972, -33.425834491999979 ], [ -70.767109179, -33.425765119999944 ], [ -70.766769613999941, -33.425845928999934 ], [ -70.766397390999941, -33.426027420999958 ], [ -70.765911172999949, -33.426291353999936 ], [ -70.765272072999949, -33.426639138999981 ], [ -70.764802580999969, -33.426893491999984 ], [ -70.763949044999947, -33.427237772999945 ], [ -70.763338165999983, -33.427508447999976 ], [ -70.763031422999973, -33.427621612999914 ], [ -70.762903899999969, -33.427647763 ], [ -70.762731823999957, -33.427665956999924 ], [ -70.761873962999971, -33.427712507999956 ], [ -70.761592328999939, -33.427716509999982 ], [ -70.761279392999938, -33.427692321999977 ], [ -70.761035947999972, -33.427642809999952 ], [ -70.760466694999934, -33.427523478999937 ], [ -70.759985445999973, -33.427450139999955 ], [ -70.759034954999947, -33.427390613999926 ], [ -70.757615046999945, -33.42733630399993 ], [ -70.757015272999979, -33.427311875999976 ], [ -70.756732278999948, -33.427333064999971 ], [ -70.756132700999956, -33.427403117999972 ], [ -70.75583304099996, -33.42744458399995 ], [ -70.755550506999953, -33.427488668999949 ], [ -70.755385862999958, -33.427536811999978 ], [ -70.755242218999967, -33.427610426999934 ], [ -70.755049737999968, -33.427717659999928 ], [ -70.754737335999948, -33.427889580999917 ], [ -70.754515261999984, -33.427968598999939 ], [ -70.754399538999962, -33.427987415999951 ], [ -70.753547996999941, -33.428093947999962 ], [ -70.752944967999952, -33.428162602999976 ], [ -70.752534527999956, -33.428214215999958 ], [ -70.752402138999969, -33.428253309999938 ], [ -70.752187492999951, -33.428362282999956 ], [ -70.751980075999938, -33.428491196999964 ], [ -70.751753853999958, -33.428618943999929 ], [ -70.751310412999942, -33.428812750999946 ], [ -70.750834825999959, -33.42902132599994 ], [ -70.750556933999974, -33.429126894999953 ], [ -70.750016204999952, -33.429237603999979 ], [ -70.749868162999974, -33.429262599999966 ], [ -70.749672643999986, -33.429304011999939 ], [ -70.749387605999971, -33.429393931999989 ], [ -70.748980127999971, -33.429508482999957 ], [ -70.748335760999964, -33.429644984999982 ], [ -70.74706, -33.42989 ], [ -70.746825462999936, -33.429938279999931 ], [ -70.746594495999943, -33.430000229999955 ], [ -70.74567180799994, -33.429965979999956 ], [ -70.744404691999989, -33.429955179999979 ], [ -70.744145009999968, -33.42994737999993 ], [ -70.74288645699994, -33.429937874999936 ], [ -70.741618854999956, -33.429902715999958 ], [ -70.741332089999958, -33.429906742999947 ], [ -70.740804104999938, -33.429886955999955 ], [ -70.740822248999962, -33.431052044999937 ], [ -70.740830573999972, -33.431554429999949 ], [ -70.740838638999946, -33.431701773999976 ], [ -70.740840585999933, -33.432141255999959 ], [ -70.740857655999946, -33.433052961999969 ], [ -70.740875703999961, -33.434170331999951 ], [ -70.740885637999966, -33.435024853999941 ], [ -70.740883356999973, -33.436392656999935 ], [ -70.740876774999947, -33.436515169999943 ], [ -70.740862055999969, -33.436789147999946 ], [ -70.740813064999941, -33.437701045999965 ], [ -70.740738276999934, -33.43877490899996 ], [ -70.74071293999998, -33.439252980999989 ], [ -70.74069321199994, -33.439623731999966 ], [ -70.740683032999982, -33.439890355999957 ], [ -70.740648193999959, -33.440280817999955 ], [ -70.740513228999987, -33.441868601999936 ], [ -70.740574315999936, -33.443762361999973 ], [ -70.740593851999961, -33.444740268999965 ], [ -70.740622919999964, -33.445419062999974 ], [ -70.740617459999953, -33.445727867999942 ], [ -70.740561469999989, -33.445835895999942 ], [ -70.740470406999975, -33.445934667999957 ], [ -70.74026353499994, -33.446057813999964 ], [ -70.739793083999984, -33.446376394999966 ], [ -70.739624833999983, -33.446492497999941 ], [ -70.739576074999945, -33.446574426999973 ], [ -70.739554443999964, -33.44665597399996 ], [ -70.739524105999976, -33.446883883999931 ], [ -70.739480811999954, -33.447433702999945 ], [ -70.739392195999983, -33.448237639999945 ], [ -70.739330966999944, -33.449054190999952 ], [ -70.739230364999969, -33.450228768999978 ], [ -70.739133977999984, -33.451614522999925 ], [ -70.739071707999983, -33.452379092999927 ], [ -70.739044155999977, -33.452746702999946 ], [ -70.73896887899997, -33.453248222999946 ], [ -70.738918185999978, -33.453427671999975 ], [ -70.73631779699997, -33.453935951999931 ], [ -70.733187219999934, -33.454547864999938 ], [ -70.73149540199995, -33.454882128999934 ], [ -70.731268609999972, -33.454925088999971 ], [ -70.731344709999973, -33.45589892299995 ], [ -70.73135435599994, -33.456890222999952 ], [ -70.731365997999944, -33.458120063999957 ], [ -70.731372161999957, -33.459575461999968 ], [ -70.731385820999947, -33.461121424999916 ], [ -70.731378563999954, -33.462044922999944 ], [ -70.731383497999957, -33.463008813999977 ], [ -70.731426859999942, -33.466334343999961 ], [ -70.731436281999947, -33.468096300999953 ], [ -70.732257331999961, -33.468582314999921 ], [ -70.733268803999977, -33.469194506999933 ], [ -70.733627980999984, -33.469443972999947 ], [ -70.733823583999936, -33.469569184999955 ], [ -70.733830553999951, -33.46957364699994 ], [ -70.733857752999953, -33.469591057999935 ], [ -70.734047664999935, -33.469712627999961 ], [ -70.734229026999969, -33.469828724999957 ], [ -70.734238086999937, -33.469834524999953 ], [ -70.734253725999963, -33.469844535999975 ], [ -70.734922468999969, -33.470272623999961 ], [ -70.735083682999971, -33.470375822999983 ], [ -70.735430620999978, -33.470597910999963 ], [ -70.735590147999972, -33.470700030999986 ], [ -70.736786331999951, -33.471559084999967 ], [ -70.736905700999955, -33.471467326999971 ], [ -70.736993532999975, -33.471399811999945 ], [ -70.737027374999968, -33.471351579999983 ], [ -70.737124335999965, -33.471213392999985 ], [ -70.73712967199998, -33.471205787999956 ], [ -70.737157706999938, -33.471018491999985 ], [ -70.737175856999954, -33.47073121699998 ], [ -70.737186601999952, -33.470561149999973 ], [ -70.737204533999943, -33.470277334999935 ], [ -70.737303991999966, -33.468703145999932 ], [ -70.73745734299996, -33.468677754999923 ], [ -70.737552559999983, -33.468661989999916 ], [ -70.737792636999984, -33.468526123999943 ], [ -70.738004094999951, -33.468441528999961 ], [ -70.738042662999987, -33.468433721999922 ], [ -70.738268235999954, -33.468388061 ], [ -70.738365668999961, -33.46836833899993 ], [ -70.738657694999972, -33.468318743999923 ], [ -70.739131515999986, -33.468238274999983 ], [ -70.739664374999961, -33.468147392999988 ], [ -70.740162276999968, -33.468062471999929 ], [ -70.740802465999934, -33.467953283999975 ], [ -70.741214528999933, -33.467883003999923 ], [ -70.741328481999972, -33.467863051999977 ], [ -70.742085451999969, -33.467730514999978 ], [ -70.742888540999957, -33.467584731999985 ], [ -70.743391162999956, -33.46749352799997 ], [ -70.743731467999964, -33.467431777999934 ], [ -70.744419661999984, -33.467306899999983 ], [ -70.746787564999977, -33.46687722799993 ], [ -70.747632512999985, -33.46672390699996 ], [ -70.748444748999987, -33.466576520999986 ], [ -70.749966564999966, -33.466301919999964 ], [ -70.750969029, -33.466117605999955 ], [ -70.751964851999958, -33.465939487999947 ], [ -70.752214920999961, -33.465896216999951 ], [ -70.752342935999934, -33.465874448999948 ], [ -70.753409126999941, -33.465693143999935 ], [ -70.753886947999945, -33.465626546999943 ], [ -70.756864511999936, -33.465038110999956 ], [ -70.758359435999978, -33.464763305999945 ], [ -70.759065565999947, -33.464635936999969 ], [ -70.759316515999956, -33.464590671999936 ], [ -70.759894711999948, -33.464493436999923 ], [ -70.760421701999974, -33.464298649999918 ], [ -70.761043900999937, -33.464177508999967 ], [ -70.761849439999935, -33.464020669999975 ], [ -70.762023527999986, -33.463957803999961 ], [ -70.762134879999962, -33.463917591999973 ], [ -70.76220032599997, -33.463871902999983 ], [ -70.762379098999986, -33.463747097999928 ], [ -70.762576166999963, -33.463638117999956 ], [ -70.762801895999985, -33.463561912999971 ], [ -70.762995615999955, -33.463522601999955 ], [ -70.763092248999953, -33.46350741 ], [ -70.763293451999971, -33.463499595999963 ], [ -70.763332480999964, -33.463498079999965 ], [ -70.763688772999956, -33.462524994999967 ], [ -70.763733214999959, -33.462379600999959 ], [ -70.763742312999966, -33.46234983599993 ], [ -70.764126080999986, -33.461094315999958 ], [ -70.764456919999986, -33.460057412999952 ], [ -70.764851472999965, -33.45892718399994 ], [ -70.765122278999968, -33.458917242999966 ], [ -70.768981305999944, -33.458659406999978 ], [ -70.770319860999962, -33.458563223999917 ], [ -70.775466242999983, -33.458197444999946 ], [ -70.775652997999941, -33.458184389999921 ], [ -70.775776714999949, -33.458583826999977 ], [ -70.775869128999943, -33.45857892399993 ], [ -70.776400898999952, -33.460342674999936 ], [ -70.777084898999988, -33.462662043999956 ], [ -70.778094133999957, -33.462565953999956 ], [ -70.778542139999956, -33.462496743999971 ], [ -70.780007375999958, -33.462356424999932 ], [ -70.780770906999976, -33.462332899999979 ], [ -70.781431016999989, -33.462379916999964 ], [ -70.781993909999983, -33.462434604999942 ], [ -70.783210743999973, -33.462235038999957 ], [ -70.78514436899998, -33.461924687999947 ], [ -70.787301716999934, -33.461567134999932 ], [ -70.789488739999967, -33.461196559999962 ], [ -70.790473925999947, -33.461025378999985 ], [ -70.792892397999935, -33.460620010999946 ], [ -70.794538315999944, -33.460527130999935 ], [ -70.795690157999957, -33.460447666999983 ], [ -70.796591293999938, -33.460560168999976 ], [ -70.796545051999942, -33.460805802999985 ], [ -70.79599135999996, -33.462860285999966 ], [ -70.796023974999969, -33.462862047999977 ], [ -70.796246911999958, -33.462872717999971 ], [ -70.796571494999966, -33.462888367999938 ], [ -70.796607754999968, -33.462886648999977 ], [ -70.79700596899994, -33.462870735999957 ], [ -70.797511914999973, -33.462850573999951 ], [ -70.798612726999977, -33.462894491999968 ], [ -70.799405748999959, -33.46291829299998 ], [ -70.799915181999964, -33.462875736999933 ], [ -70.800194105999935, -33.462821529999928 ], [ -70.800311544999943, -33.462798574999965 ], [ -70.800635003999957, -33.462759779999935 ], [ -70.801008469999942, -33.462715808999981 ], [ -70.801248129999976, -33.462687371999948 ], [ -70.801463974999933, -33.462661997999923 ], [ -70.801733039999988, -33.462644249999975 ], [ -70.802145783999961, -33.462616652999934 ], [ -70.802401490999955, -33.462625042999953 ], [ -70.802814850999937, -33.462638652999942 ], [ -70.803499036999938, -33.462668556999965 ], [ -70.804084408999984, -33.462755476999959 ], [ -70.80421524999997, -33.462793214999962 ], [ -70.804217853999944, -33.462793964999932 ], [ -70.804241907999938, -33.462800902999952 ], [ -70.804257692999954, -33.46280318499997 ], [ -70.804406015999973, -33.462834204999972 ], [ -70.804504049999935, -33.462513305999956 ], [ -70.80462046699995, -33.46221938399998 ], [ -70.804840062999972, -33.461915469999937 ], [ -70.80530811899996, -33.461321099999957 ], [ -70.805480793999948, -33.461170873999947 ], [ -70.805725577999965, -33.460945104999965 ], [ -70.805917190999935, -33.460762874999944 ], [ -70.806063768999934, -33.460621175999954 ], [ -70.806171265, -33.460561219999924 ], [ -70.806256004999966, -33.460535448999963 ], [ -70.806417744999976, -33.460583012999976 ], [ -70.806606788999943, -33.460637465999987 ], [ -70.806798402999959, -33.460820816999949 ], [ -70.807040713999982, -33.46097475899996 ], [ -70.807355493999978, -33.461328077999944 ], [ -70.807771829999979, -33.461622825999946 ], [ -70.807938097, -33.46169837299994 ], [ -70.807942794999974, -33.461700511999936 ], [ -70.807948358999965, -33.461703042999936 ], [ -70.807948832999955, -33.461703257999929 ], [ -70.807948932999977, -33.461703302999972 ], [ -70.807949861999987, -33.461703725999939 ], [ -70.807960707999939, -33.461708657999971 ], [ -70.808178890999955, -33.461807542999956 ], [ -70.808426160999943, -33.461916118999966 ], [ -70.80854755999998, -33.461969288999953 ], [ -70.80916691799996, -33.462174916999963 ], [ -70.809458544999984, -33.462256473999958 ], [ -70.809767264999948, -33.462309306999934 ], [ -70.810128349999957, -33.462432862999947 ], [ -70.810301166999977, -33.462530559999941 ], [ -70.810412827999983, -33.462585478999983 ], [ -70.810611820999952, -33.46268351599997 ], [ -70.810614864999934, -33.46268598599994 ], [ -70.810620639999968, -33.462690660999947 ], [ -70.810627921999981, -33.462696554999987 ], [ -70.810637872999976, -33.462704609999939 ], [ -70.81097687099998, -33.462978994999958 ], [ -70.811390603999939, -33.463173187999928 ], [ -70.811406416999944, -33.463185216999932 ], [ -70.811424074999934, -33.463198682999966 ], [ -70.81142624499995, -33.463200335999936 ], [ -70.811428014999933, -33.463201683999948 ], [ -70.811469375999934, -33.463233189999983 ], [ -70.811685728999976, -33.463397990999958 ], [ -70.81192077299994, -33.463606349999964 ], [ -70.811964434999936, -33.463645052999929 ], [ -70.812051077999968, -33.463721854999953 ], [ -70.812260729999934, -33.463947813999944 ], [ -70.812436739999953, -33.464188854999961 ], [ -70.812520560999985, -33.464287004999953 ], [ -70.812540229999968, -33.46431003899994 ], [ -70.812786935999952, -33.464598903999956 ], [ -70.813342918999979, -33.465090797999949 ], [ -70.813709742999947, -33.465444192999932 ], [ -70.814263190999952, -33.465779627999943 ], [ -70.814435732999982, -33.465862988999959 ], [ -70.814797174999967, -33.465943817999964 ], [ -70.815087492999965, -33.46599657999996 ], [ -70.815382922999959, -33.466007971999943 ], [ -70.815869579999969, -33.466000841999978 ], [ -70.816200083999945, -33.466037764999953 ], [ -70.816647480999961, -33.466103490999942 ], [ -70.816994815999976, -33.466226982999942 ], [ -70.817808492999973, -33.466373197999921 ], [ -70.81830800299997, -33.466487016999956 ], [ -70.818394869999963, -33.466506446 ], [ -70.819128216999957, -33.466452734999955 ], [ -70.819641360999981, -33.466488145999961 ], [ -70.820567212999947, -33.466660624999982 ], [ -70.821266269999981, -33.466873856999939 ], [ -70.821965175999935, -33.467109848999932 ], [ -70.822531813999944, -33.467319238999941 ], [ -70.823216015999947, -33.467523571999948 ], [ -70.823508943, -33.467648113999935 ], [ -70.823972470999934, -33.467755833999952 ], [ -70.82438392399996, -33.467835696999934 ], [ -70.824570973999982, -33.467804262999941 ], [ -70.824810015999958, -33.467786401999952 ], [ -70.825149704999944, -33.467695559999981 ], [ -70.825454135999962, -33.467547974999938 ], [ -70.825622546999966, -33.467445366999989 ], [ -70.825910110999985, -33.467297812999966 ], [ -70.826500163999981, -33.466931243999966 ], [ -70.82668976399998, -33.466715738999945 ], [ -70.826716949999934, -33.466684732999965 ], [ -70.829781218999983, -33.465574308999976 ], [ -70.831096502999969, -33.466020683999943 ], [ -70.832497365999984, -33.466572613999958 ], [ -70.834234935999973, -33.466890489999962 ], [ -70.83512086099995, -33.466781934999972 ], [ -70.835848617999943, -33.466732979999961 ], [ -70.836876378999989, -33.466870452999956 ], [ -70.837675660999935, -33.466973129999928 ], [ -70.838842046999957, -33.46720397099994 ], [ -70.840899204, -33.467555184999981 ], [ -70.842706590999967, -33.46901717399993 ], [ -70.843385049999938, -33.469866035999935 ], [ -70.843864265999969, -33.470985087999964 ], [ -70.844533780999939, -33.472265724999943 ], [ -70.84555, -33.473330000999958 ], [ -70.846207140999979, -33.474206663999936 ], [ -70.84724, -33.47574000099997 ], [ -70.847725513999933, -33.476921140999934 ], [ -70.848223472999962, -33.478917931999945 ], [ -70.848736182999986, -33.479463827999965 ], [ -70.849727087999952, -33.48000258499998 ], [ -70.85080056399994, -33.480139255999973 ], [ -70.851467493999962, -33.480042404999949 ], [ -70.852781221999976, -33.480090565999937 ], [ -70.855716619999953, -33.479951195999938 ], [ -70.857368553999947, -33.479881310999929 ], [ -70.858863463999967, -33.48011398899996 ], [ -70.859817387999954, -33.479985147999962 ], [ -70.861200685999961, -33.47969714799995 ], [ -70.864263675999965, -33.479135729999925 ], [ -70.867086796999956, -33.479074131999944 ], [ -70.87086708399994, -33.479036195999981 ], [ -70.872961540999938, -33.478985464999944 ], [ -70.875317805999941, -33.479099147999925 ], [ -70.87784548999997, -33.479426906999933 ], [ -70.880186203999983, -33.480231264999922 ], [ -70.882052902999988, -33.481233654999983 ], [ -70.883199700999967, -33.481597982 ], [ -70.884139337999954, -33.481956805999971 ], [ -70.885550055999943, -33.481791285999982 ], [ -70.887224335999974, -33.481269515999934 ], [ -70.888663846999975, -33.480426813999934 ], [ -70.890488350999988, -33.47948278299998 ], [ -70.891414460999954, -33.479125071999931 ], [ -70.893076674999975, -33.479099685999969 ], [ -70.894407722999972, -33.47955653099995 ], [ -70.896646373999943, -33.480896586999954 ], [ -70.89830458199998, -33.481730131999932 ], [ -70.901143568999942, -33.482392839999932 ], [ -70.905314174999944, -33.483531285999952 ], [ -70.908716775999949, -33.48432104099993 ], [ -70.909710083999983, -33.484551590999956 ], [ -70.911654024999962, -33.484903359999976 ], [ -70.912290940999981, -33.485029729999944 ], [ -70.912647136999965, -33.485352124999956 ], [ -70.912898756999937, -33.485579865999959 ], [ -70.913193441999965, -33.486540206999969 ], [ -70.913688439999987, -33.487296060999924 ], [ -70.914539400999956, -33.487664662999975 ], [ -70.915844968999977, -33.487988052999974 ], [ -70.917148023, -33.488196943999988 ], [ -70.917950516999952, -33.488432658999947 ], [ -70.918729820999943, -33.488649640999938 ], [ -70.919278458999941, -33.488736578999983 ], [ -70.919867587999988, -33.488593838999975 ], [ -70.920432392999942, -33.488102736999956 ], [ -70.921677984999974, -33.487019685999925 ], [ -70.922473306999962, -33.485900274999949 ], [ -70.923336921999976, -33.484779798999966 ], [ -70.924338406999937, -33.483714437999936 ], [ -70.924300806999952, -33.483198558999959 ], [ -70.925447897999959, -33.481714088999965 ], [ -70.926968674999955, -33.480085116999938 ], [ -70.928263529999981, -33.478900637999971 ], [ -70.929463040999963, -33.477526755999975 ], [ -70.929968785999961, -33.476720868999962 ], [ -70.931183351999948, -33.475438826999941 ], [ -70.931993064999972, -33.474899018999963 ], [ -70.932397918999982, -33.474831543999969 ], [ -70.933140154999933, -33.475168922999956 ], [ -70.933949864999988, -33.475573778999937 ], [ -70.934962004999988, -33.475776205999978 ], [ -70.935831014999962, -33.476072219999921 ], [ -70.936874976999945, -33.475903205999934 ], [ -70.937955970999951, -33.475351855999982 ], [ -70.939971951999951, -33.473831490999935 ], [ -70.941998931999933, -33.472807194999973 ], [ -70.943462642999975, -33.472058924999935 ], [ -70.944410352999967, -33.471662308999946 ], [ -70.945963383999981, -33.470836258999952 ], [ -70.947115971999949, -33.470436405999976 ], [ -70.947946394999974, -33.46988890799998 ], [ -70.948592143999974, -33.468691232999959 ], [ -70.948794570999951, -33.467679093999948 ], [ -70.94879457199994, -33.466329574999968 ], [ -70.948862047999967, -33.465249959999944 ], [ -70.94919942699994, -33.464305296999946 ], [ -70.949401854999962, -33.463428109999924 ], [ -70.949223591999953, -33.461833036999963 ], [ -70.949314773999959, -33.460819971999975 ], [ -70.949145170999941, -33.460364541999979 ], [ -70.949022506999938, -33.458954003999963 ], [ -70.949109418999967, -33.457750130999962 ], [ -70.94953564399998, -33.456445483999971 ], [ -70.949855304999986, -33.455466996999981 ], [ -70.949863542999935, -33.454817895999945 ], [ -70.95007835399997, -33.454241893999942 ], [ -70.951200352999933, -33.452487281999936 ], [ -70.952516807999984, -33.451283131999944 ], [ -70.953033059999939, -33.450950512999952 ], [ -70.954200836999973, -33.450225872999958 ], [ -70.954819749999956, -33.449395355999961 ], [ -70.955098945999964, -33.448646544 ], [ -70.955153096999936, -33.448015805999944 ], [ -70.955223583999953, -33.447098498999928 ], [ -70.955080217999978, -33.446128107999975 ], [ -70.955172638999954, -33.445203903999982 ], [ -70.955117186999985, -33.444538476999966 ], [ -70.95504324999996, -33.444002437999984 ], [ -70.954799929999979, -33.443320281999938 ], [ -70.954327597999963, -33.442510569999968 ], [ -70.954192645999967, -33.441768334999949 ], [ -70.953922741999975, -33.440756195999931 ], [ -70.953235020999969, -33.439647580999981 ], [ -70.951397865999979, -33.436908833999951 ], [ -70.950751373999935, -33.43603288099996 ], [ -70.950144089999981, -33.435088217999983 ], [ -70.949671758999955, -33.43454841099998 ], [ -70.949481934999937, -33.434232036999951 ], [ -70.949064474999943, -33.43353627099998 ], [ -70.948659618999955, -33.432591607999946 ], [ -70.948389714999976, -33.431579469999974 ], [ -70.948187287999986, -33.431107137999952 ], [ -70.948187288999975, -33.430027522999978 ], [ -70.948119811999959, -33.42827314799996 ], [ -70.948147407999954, -33.428052383999962 ], [ -70.948254763999955, -33.427193533999962 ], [ -70.948254763999955, -33.426316346999947 ], [ -70.94778243199994, -33.425236730999984 ], [ -70.947377576999941, -33.424022163999958 ], [ -70.947578178999947, -33.422551882999983 ], [ -70.947641554999961, -33.420612312999928 ], [ -70.947589353999945, -33.419867526999951 ], [ -70.947667384999988, -33.419333151999965 ], [ -70.947472972999947, -33.417841306999932 ], [ -70.947767638999949, -33.41670335699996 ], [ -70.948109168999963, -33.416071683999981 ], [ -70.950067377999972, -33.414579518999965 ], [ -70.95041355099994, -33.41415653599995 ], [ -70.951353403999974, -33.413247023999922 ], [ -70.951392487999954, -33.41181484599997 ], [ -70.951119634999941, -33.410745465999987 ], [ -70.950481469999943, -33.40944736299997 ], [ -70.950071031999983, -33.408309674999934 ], [ -70.949806709999962, -33.407220656999982 ], [ -70.949671758999955, -33.405871137999945 ], [ -70.949874186999978, -33.40411676399998 ], [ -70.949874186999978, -33.403374527999979 ], [ -70.95021156599995, -33.40269976899998 ], [ -70.950481470999989, -33.402294913999974 ], [ -70.951021277999985, -33.401620154999932 ], [ -70.95156108499998, -33.400810443999944 ], [ -70.951898464999942, -33.399865779999978 ], [ -70.951696036999977, -33.399123543999949 ], [ -70.951358657999947, -33.398516260999948 ], [ -70.95054894499998, -33.397976453999938 ], [ -70.950211564999961, -33.39709926699993 ], [ -70.949941661999958, -33.396154603999939 ], [ -70.949874186999978, -33.395277416999932 ], [ -70.949604281999939, -33.394265276999917 ], [ -70.949199427999986, -33.393523041999963 ], [ -70.948929522999947, -33.392645854999948 ], [ -70.948592143999974, -33.391836143999967 ], [ -70.948592143999974, -33.390891481 ], [ -70.948592143999974, -33.390284197999968 ], [ -70.948398645999987, -33.388694170999941 ], [ -70.948385604999942, -33.387537781999988 ], [ -70.948570772999972, -33.386110549999955 ], [ -70.948259009999958, -33.385869133999961 ], [ -70.947961861999943, -33.385611223999945 ], [ -70.947573695999949, -33.385352446999953 ], [ -70.947158971999954, -33.385072424999969 ], [ -70.946514983999975, -33.38455000099998 ], [ -70.945396953999989, -33.383857829999961 ], [ -70.944564983999953, -33.383070000999965 ], [ -70.943234982999968, -33.381670000999975 ], [ -70.942984982999974, -33.381430000999956 ], [ -70.941654982999978, -33.381100000999943 ], [ -70.939694983999971, -33.380770000999988 ], [ -70.93786498299994, -33.380350000999954 ], [ -70.936534982999945, -33.379830000999966 ], [ -70.935234982999987, -33.37969 ], [ -70.934284982999941, -33.379650000999959 ], [ -70.933344983999973, -33.379360000999938 ], [ -70.931774982999968, -33.37831 ], [ -70.930244982999966, -33.377440000999961 ], [ -70.928714983999953, -33.376640000999949 ], [ -70.925634982999952, -33.376350000999942 ], [ -70.924154983999983, -33.375570000999964 ], [ -70.92226498399998, -33.374830000999971 ], [ -70.920384982999963, -33.373640000999949 ], [ -70.918004982999946, -33.37279 ], [ -70.917204656999957, -33.372361940999937 ], [ -70.916684982999982, -33.371750000999953 ], [ -70.915870311999981, -33.370993383999966 ], [ -70.914614982999979, -33.370180000999937 ], [ -70.912904983999965, -33.369700000999956 ], [ -70.911494982999955, -33.369170000999929 ], [ -70.910304982999946, -33.368360000999921 ], [ -70.909424983999941, -33.368160000999971 ], [ -70.909014983999953, -33.368270000999942 ], [ -70.907436571999938, -33.368872118999938 ], [ -70.906221977999962, -33.369334006999964 ], [ -70.905161345999943, -33.369744574999963 ], [ -70.904034982999974, -33.370450000999931 ], [ -70.902774983999961, -33.370940000999951 ], [ -70.901724982999951, -33.371630001999961 ], [ -70.901384983999947, -33.37198000099994 ], [ -70.90064498299995, -33.372590000999935 ], [ -70.899054983999974, -33.373710000999957 ], [ -70.895054983999955, -33.37467000099997 ], [ -70.893084983999984, -33.37567 ], [ -70.891692451999972, -33.376262331999961 ], [ -70.890437940999973, -33.376353568999953 ], [ -70.889708042999985, -33.376057048999932 ], [ -70.888864097999942, -33.375555243999933 ], [ -70.888164983999957, -33.375260000999965 ], [ -70.887724982999941, -33.375100000999957 ], [ -70.886774983999942, -33.375200000999939 ], [ -70.885414983999965, -33.375490001999928 ], [ -70.882484983999973, -33.376020000999972 ], [ -70.881264983999984, -33.376170000999927 ], [ -70.879444982999985, -33.375970000999978 ], [ -70.879064982999978, -33.375700000999977 ], [ -70.87683498399997, -33.374730000999932 ], [ -70.875934983999969, -33.374470000999963 ], [ -70.874950424999952, -33.37446039799994 ], [ -70.873024983999983, -33.375290000999939 ], [ -70.870914983, -33.37592000199993 ], [ -70.870323030999941, -33.375942054999925 ], [ -70.870194047999973, -33.375655769999973 ], [ -70.870043764999934, -33.375543506999975 ], [ -70.869595790999938, -33.375447182999949 ], [ -70.869095315, -33.375448994999942 ], [ -70.868904148999945, -33.375446147999973 ], [ -70.868418728999984, -33.375473738999965 ], [ -70.867424933999985, -33.375519477999951 ], [ -70.866885323999952, -33.375539765999974 ], [ -70.866193961999969, -33.375565196999958 ], [ -70.865759193999963, -33.375581039999915 ], [ -70.864264470999956, -33.375607560999981 ], [ -70.863273253999978, -33.375634377999972 ], [ -70.862918777999937, -33.375681454999956 ], [ -70.861963140999933, -33.375909941999957 ], [ -70.861592419999965, -33.376028838999964 ], [ -70.861441172999946, -33.376037668999977 ], [ -70.861299178999957, -33.376080360999936 ], [ -70.861031053999966, -33.376109435999979 ], [ -70.860817845999989, -33.376146633999952 ], [ -70.860626620999938, -33.376247923999983 ], [ -70.860479955999949, -33.37630500099992 ], [ -70.860239548999971, -33.376333657999957 ], [ -70.860029398999984, -33.37641435299998 ], [ -70.859893330999967, -33.376468287999955 ], [ -70.85940033199995, -33.376688030999965 ], [ -70.858766576999983, -33.377008898999968 ], [ -70.85842372999997, -33.37720193199992 ], [ -70.857602136999958, -33.377650274999958 ], [ -70.856811505999985, -33.378017026999935 ], [ -70.856134628999939, -33.378317052999925 ], [ -70.85563022499997, -33.37853635499993 ], [ -70.855163145999938, -33.378738990999977 ], [ -70.854745374999936, -33.378920010999948 ], [ -70.854637741999966, -33.378974111999973 ], [ -70.854049658999941, -33.379271009999968 ], [ -70.853467929999965, -33.379566021999949 ], [ -70.852915732999975, -33.379845676999942 ], [ -70.852620302999981, -33.380063038999928 ], [ -70.852500777999978, -33.380153224999951 ], [ -70.852131097999973, -33.380503759999954 ], [ -70.85170938899995, -33.380814984999965 ], [ -70.851431409999975, -33.380983766999982 ], [ -70.851103321999972, -33.381123232999975 ], [ -70.850512124999966, -33.381328180999958 ], [ -70.85025514299997, -33.38136064499998 ], [ -70.849237410999933, -33.38156908399997 ], [ -70.848261583999943, -33.381822700999962 ], [ -70.847975884999983, -33.381555734999942 ], [ -70.847781433999955, -33.381640232999985 ], [ -70.847555108999984, -33.381723772999976 ], [ -70.847268359999987, -33.381814653999982 ], [ -70.846726091999983, -33.382020764999936 ], [ -70.846456767999939, -33.382115321999954 ], [ -70.845988391999981, -33.382278693999965 ], [ -70.845722391999971, -33.382389304999947 ], [ -70.845257205999985, -33.382582690999989 ], [ -70.84475615499997, -33.382835302999965 ], [ -70.844431955999937, -33.383058800999947 ], [ -70.844038454999975, -33.383331635999973 ], [ -70.843764397999962, -33.383527908999959 ], [ -70.843389595999952, -33.383771127999978 ], [ -70.84267116999996, -33.384069309999973 ], [ -70.842040736999934, -33.384296990999928 ], [ -70.841648761999977, -33.384421929999974 ], [ -70.841201346999981, -33.384556856999964 ], [ -70.840448636999952, -33.384717692999963 ], [ -70.83977581299996, -33.385041260999969 ], [ -70.839573129999962, -33.385202290999985 ], [ -70.839313622999953, -33.385173791999939 ], [ -70.83909042199997, -33.385104965999965 ], [ -70.838784982999982, -33.384970000999949 ], [ -70.838542919999952, -33.384876748999936 ], [ -70.83819682099994, -33.38479170599993 ], [ -70.837805350999986, -33.384683608999971 ], [ -70.837608497999952, -33.38457642499997 ], [ -70.83748352799995, -33.384446652999941 ], [ -70.837355411999965, -33.384162552999953 ], [ -70.83718171299995, -33.383865197999967 ], [ -70.83708612199996, -33.383623634999928 ], [ -70.837076407999973, -33.383377002999964 ], [ -70.837101635999943, -33.383285512999976 ], [ -70.837296540999944, -33.383085206999965 ], [ -70.837438834999944, -33.382965406999958 ], [ -70.837458499999968, -33.382824642999928 ], [ -70.837353768999947, -33.382698436999917 ], [ -70.837186472999988, -33.382585692999953 ], [ -70.836707461999936, -33.382402956999947 ], [ -70.836369174999959, -33.382240915999944 ], [ -70.836067319999984, -33.38208972499995 ], [ -70.835356553999986, -33.38186105799997 ], [ -70.834564713999953, -33.381574302999972 ], [ -70.83444291099994, -33.381453151999949 ], [ -70.834365046999949, -33.381408744999938 ], [ -70.834156705999987, -33.381400434999932 ], [ -70.833921301999965, -33.381396320999968 ], [ -70.833694227999956, -33.381357914999974 ], [ -70.833348096999941, -33.38125292999996 ], [ -70.833156656999961, -33.381187420999943 ], [ -70.832956010999965, -33.381114453999942 ], [ -70.83280457799998, -33.380975491999948 ], [ -70.832638522999957, -33.380864774999957 ], [ -70.832454539999958, -33.380723222999968 ], [ -70.832410081999967, -33.380545441999971 ], [ -70.832485619999943, -33.380263381999939 ], [ -70.832724414999973, -33.379997892999931 ], [ -70.832788798999957, -33.379872791999958 ], [ -70.832815978999975, -33.379819981999958 ], [ -70.832814084999939, -33.379764926999954 ], [ -70.832787706999966, -33.379704426999972 ], [ -70.832761689999984, -33.379646949999938 ], [ -70.832649489999937, -33.379539495999943 ], [ -70.832624941999953, -33.379434579999945 ], [ -70.832657222999956, -33.37933459399995 ], [ -70.832704982999985, -33.379250000999946 ], [ -70.832721646999971, -33.379201131999928 ], [ -70.832756608999944, -33.379155738999934 ], [ -70.832824074999962, -33.379094171999945 ], [ -70.832844811999962, -33.379017430999966 ], [ -70.832862800999976, -33.378891696 ], [ -70.832829919999938, -33.378834379999951 ], [ -70.832778524999981, -33.378725649999971 ], [ -70.832708002999937, -33.378641602999942 ], [ -70.832570129999965, -33.378542687999975 ], [ -70.832428125999968, -33.378450058999931 ], [ -70.832320729999935, -33.378289664999954 ], [ -70.832316863999949, -33.37818732799996 ], [ -70.832324059999962, -33.378038678999928 ], [ -70.83228365399998, -33.377915248999948 ], [ -70.832188857999938, -33.37773926199997 ], [ -70.832142787999942, -33.377673602999941 ], [ -70.832011341999987, -33.377635162999987 ], [ -70.831905309999968, -33.377579040999933 ], [ -70.831821132999949, -33.377499521999937 ], [ -70.831722186999968, -33.377453391999957 ], [ -70.831590499999947, -33.377403416999982 ], [ -70.831428425999945, -33.377379849999947 ], [ -70.831256791999976, -33.377310274999964 ], [ -70.831024138999965, -33.377199776999923 ], [ -70.830767609999953, -33.377098283999942 ], [ -70.830560642999956, -33.376983078999956 ], [ -70.830388134999964, -33.376871691999938 ], [ -70.830209837999973, -33.376730104999979 ], [ -70.829871006999952, -33.376556272999949 ], [ -70.829494701999977, -33.376316652999932 ], [ -70.829362050999976, -33.376220540999952 ], [ -70.829307452999956, -33.376157890999934 ], [ -70.829305761999933, -33.376077153999958 ], [ -70.829293879999966, -33.375920132999973 ], [ -70.82930655399997, -33.375376247999945 ], [ -70.829278841999951, -33.375119950999931 ], [ -70.829236873999946, -33.375003753999977 ], [ -70.829183169999965, -33.374896344999968 ], [ -70.829136026999947, -33.374784587999955 ], [ -70.829098519999945, -33.374635154999957 ], [ -70.829075122999939, -33.374502820999957 ], [ -70.829035417999933, -33.374412548999935 ], [ -70.828973584999972, -33.374332698999979 ], [ -70.828888027999938, -33.374269061999932 ], [ -70.828651135999962, -33.37420188699997 ], [ -70.828430113999957, -33.37412181399997 ], [ -70.828366640999946, -33.373995521999973 ], [ -70.828322624999942, -33.373863490999952 ], [ -70.82826784599996, -33.373709985999938 ], [ -70.828279932999976, -33.373630488999936 ], [ -70.828324728999974, -33.373553393999948 ], [ -70.82839039299995, -33.373440589999973 ], [ -70.828411213999971, -33.373332909999924 ], [ -70.828440604999969, -33.373258925999949 ], [ -70.82843773999997, -33.373204165999937 ], [ -70.828373314999965, -33.373082529999976 ], [ -70.828299476999973, -33.372932703999929 ], [ -70.828170215999933, -33.372740843999956 ], [ -70.828068500999962, -33.372562070999948 ], [ -70.827892929999962, -33.372385827999949 ], [ -70.827782774999946, -33.372214389999954 ], [ -70.827700746999938, -33.372072822999939 ], [ -70.827538501999982, -33.371958396999943 ], [ -70.827367997999943, -33.37185995599998 ], [ -70.827224051999963, -33.37171641599997 ], [ -70.827137623999988, -33.371610967999963 ], [ -70.827033802999949, -33.371495680999942 ], [ -70.826941677999969, -33.371446560999964 ], [ -70.826830832999974, -33.371406369999931 ], [ -70.826697348999971, -33.371352089999952 ], [ -70.826569863999964, -33.371338101999974 ], [ -70.826436349999938, -33.371364583999934 ], [ -70.826275493999958, -33.371398678999988 ], [ -70.826163925999936, -33.371406089999944 ], [ -70.825993730999983, -33.371395002999982 ], [ -70.82579435599996, -33.37136781799996 ], [ -70.825501176999978, -33.371344329999943 ], [ -70.825299283999982, -33.37132876499993 ], [ -70.825149111999963, -33.371277687999971 ], [ -70.825005330999943, -33.371268217999955 ], [ -70.824886296999978, -33.371253750999976 ], [ -70.824810944999967, -33.371215473999953 ], [ -70.824782712999934, -33.371185770999944 ], [ -70.824712832999978, -33.371145095999957 ], [ -70.82463200899997, -33.371109215999979 ], [ -70.82462585899998, -33.371079187999953 ], [ -70.824638548999985, -33.371025714999966 ], [ -70.824661456999934, -33.370932706999945 ], [ -70.824675793999972, -33.370825923999966 ], [ -70.82468141399994, -33.370781718999979 ], [ -70.824678158, -33.370738558999946 ], [ -70.824659562999955, -33.370707932999949 ], [ -70.824613176999947, -33.370640616999921 ], [ -70.824581782999985, -33.370567111999947 ], [ -70.824574328999972, -33.370482517999967 ], [ -70.824549693999984, -33.370392210999952 ], [ -70.824485034999952, -33.370291755999965 ], [ -70.824430175999964, -33.370183997999952 ], [ -70.824365865999937, -33.370100239999928 ], [ -70.824250709999944, -33.370032737999978 ], [ -70.824142560999974, -33.369960360999983 ], [ -70.824010573999942, -33.369835841999915 ], [ -70.823853626999949, -33.369673512999952 ], [ -70.823764856999958, -33.369507795999937 ], [ -70.823707533999936, -33.369349967999938 ], [ -70.823671256999944, -33.369178706999939 ], [ -70.823641686999963, -33.369056260999969 ], [ -70.82361715199994, -33.368970724999933 ], [ -70.823559268999986, -33.368832947999977 ], [ -70.82345113699995, -33.368646278999947 ], [ -70.823327310999957, -33.368435741999967 ], [ -70.823241560999975, -33.368278330999942 ], [ -70.823211468999943, -33.368130839999935 ], [ -70.823191179999981, -33.367908044999979 ], [ -70.823133211999959, -33.367719206999936 ], [ -70.82301474999997, -33.36749308199996 ], [ -70.822935709999967, -33.367316483999964 ], [ -70.822847047999971, -33.367087534999932 ], [ -70.82272673999995, -33.366909156999952 ], [ -70.82262914599994, -33.366797253999941 ], [ -70.822539511999935, -33.366589792999946 ], [ -70.822531117999972, -33.366391876999963 ], [ -70.822558880999964, -33.366223253999976 ], [ -70.822564874999955, -33.366033476999981 ], [ -70.822534340999937, -33.365796515999939 ], [ -70.822490264999942, -33.365591964999965 ], [ -70.822433418999935, -33.365456795999933 ], [ -70.822328123999966, -33.365316373999967 ], [ -70.822216094999987, -33.36519394499993 ], [ -70.822037889999933, -33.365034311999963 ], [ -70.821786550999946, -33.364844733 ], [ -70.821696365999969, -33.364747036999972 ], [ -70.821656597999947, -33.36468081199996 ], [ -70.821622568999942, -33.364548886999955 ], [ -70.821612976999972, -33.364429725999976 ], [ -70.821602111999937, -33.364317742999951 ], [ -70.821583837999981, -33.364259552999947 ], [ -70.821545342999968, -33.364186150999949 ], [ -70.821487400999956, -33.364066506999961 ], [ -70.821440553999935, -33.363977861999956 ], [ -70.821362114999943, -33.363853602999946 ], [ -70.821263432999956, -33.363689222999938 ], [ -70.821175296999968, -33.363553318999948 ], [ -70.82107130299994, -33.363406911999952 ], [ -70.820962795999947, -33.363248639999945 ], [ -70.820856034999963, -33.363105851999926 ], [ -70.820789213999944, -33.363037636999934 ], [ -70.820669308999982, -33.362946340999933 ], [ -70.820544464999955, -33.362885029999973 ], [ -70.820460562999983, -33.362821749999966 ], [ -70.820397280999941, -33.362786887999967 ], [ -70.820311655999944, -33.362771441999939 ], [ -70.820245555999975, -33.362737813999942 ], [ -70.820170556999983, -33.362686420999978 ], [ -70.820087952999984, -33.362611278999971 ], [ -70.820028388999958, -33.362550115999959 ], [ -70.819967676999966, -33.362502092999932 ], [ -70.819935434999934, -33.362474967999951 ], [ -70.819878339999946, -33.362444944999929 ], [ -70.819817025999953, -33.362436299999942 ], [ -70.819728980999969, -33.362441169999954 ], [ -70.81960143799995, -33.362460934999937 ], [ -70.819516582999938, -33.362482459999967 ], [ -70.819456435999939, -33.362529869999953 ], [ -70.819407584999965, -33.362573533999978 ], [ -70.819363021999948, -33.362618328999922 ], [ -70.819279159999951, -33.362687559999983 ], [ -70.819215971999938, -33.36272546999993 ], [ -70.819121539999969, -33.362765029999935 ], [ -70.819059126999946, -33.362771909999935 ], [ -70.81898739199994, -33.362740749999944 ], [ -70.818911492999973, -33.362714422999943 ], [ -70.818833898999983, -33.362674996999942 ], [ -70.818772237999951, -33.362649654999984 ], [ -70.818686563999961, -33.362631821999962 ], [ -70.818593732999943, -33.362611707999967 ], [ -70.818460287999983, -33.362552818999973 ], [ -70.818287573999953, -33.362451556999936 ], [ -70.818140766999989, -33.362365424999957 ], [ -70.817916466999975, -33.362244636999947 ], [ -70.817764403999945, -33.362110859999973 ], [ -70.817675919999942, -33.362026258999954 ], [ -70.817601301999957, -33.361924753 ], [ -70.817514437999932, -33.361849671999941 ], [ -70.817426548999947, -33.361793693999971 ], [ -70.817363715999988, -33.361780297999928 ], [ -70.817204705999984, -33.361790976999934 ], [ -70.817075518999957, -33.361800025999962 ], [ -70.816983510999933, -33.361798115999925 ], [ -70.816905419999955, -33.36175598899996 ], [ -70.816829695999957, -33.361738008999964 ], [ -70.816717860999972, -33.361761119999983 ], [ -70.816612835999933, -33.361769815999935 ], [ -70.816470186999936, -33.36174684999996 ], [ -70.816333124999971, -33.36171903099995 ], [ -70.816196120999962, -33.361625593999975 ], [ -70.816056249999988, -33.361531006999925 ], [ -70.815940453999985, -33.361468418999948 ], [ -70.815830012999982, -33.361385189999964 ], [ -70.815693678999935, -33.361323953999943 ], [ -70.815571656999964, -33.361267280999989 ], [ -70.81544532199996, -33.361208285999972 ], [ -70.815301584999986, -33.361132841999961 ], [ -70.815221953999981, -33.361063618999935 ], [ -70.81516740099994, -33.361038169999965 ], [ -70.815097461999983, -33.36102487699997 ], [ -70.815005336999945, -33.360970151999929 ], [ -70.814956361999975, -33.36090637399996 ], [ -70.814897707999933, -33.360829957999954 ], [ -70.814820353999949, -33.360756920999947 ], [ -70.814722098999937, -33.360680811999949 ], [ -70.814657680999971, -33.360591083999964 ], [ -70.81458745499998, -33.360495476999972 ], [ -70.814525905999972, -33.36040689999993 ], [ -70.814463305999936, -33.360336234999984 ], [ -70.814366967999945, -33.360283956999979 ], [ -70.814255490999983, -33.360255760999969 ], [ -70.814064349999967, -33.360225149999962 ], [ -70.813924324999959, -33.360191405999949 ], [ -70.813795093999943, -33.360128853999967 ], [ -70.813587805999987, -33.360074635999979 ], [ -70.813394996999989, -33.360032118999968 ], [ -70.813184983999975, -33.359982693999939 ], [ -70.813063633999946, -33.35995821999996 ], [ -70.812918393999951, -33.359947217999938 ], [ -70.812783955999976, -33.359908618999953 ], [ -70.812696096999957, -33.359853830999946 ], [ -70.812634339999988, -33.359823713999958 ], [ -70.812529747999974, -33.359784678999972 ], [ -70.812425180999981, -33.359746835999943 ], [ -70.812319142999968, -33.359706628999973 ], [ -70.812173063999978, -33.359655075999953 ], [ -70.812041097999952, -33.359598544999983 ], [ -70.811860686, -33.359536755999954 ], [ -70.811710712999968, -33.359503153999967 ], [ -70.811569935999955, -33.359501629999947 ], [ -70.811477282999988, -33.359489858999957 ], [ -70.811361667999961, -33.359467685999959 ], [ -70.811248574999979, -33.359429966999983 ], [ -70.811129325999957, -33.359369669999978 ], [ -70.811048402999972, -33.359306427999961 ], [ -70.810984335999933, -33.359233395999979 ], [ -70.810949311999934, -33.35918976499994 ], [ -70.810941340999989, -33.359148125999972 ], [ -70.810950300999934, -33.359100273999964 ], [ -70.810956171999976, -33.359040537999924 ], [ -70.810949201999961, -33.358978602999962 ], [ -70.810925621999971, -33.358938383999934 ], [ -70.810916427999985, -33.358906306999984 ], [ -70.810919702999968, -33.358858537999943 ], [ -70.810931430999972, -33.358807066999923 ], [ -70.810958521999964, -33.358742248999917 ], [ -70.81101513699997, -33.35866149099995 ], [ -70.811039161999986, -33.358585980999962 ], [ -70.811058280999987, -33.358479522999971 ], [ -70.811066858999936, -33.358344586999984 ], [ -70.811051818999942, -33.358236241999975 ], [ -70.811024506999956, -33.358153128999966 ], [ -70.810986640999943, -33.35810953999993 ], [ -70.810979015999976, -33.358084597999948 ], [ -70.810998443999949, -33.358061646999936 ], [ -70.811032281999985, -33.358048029999956 ], [ -70.811057517999984, -33.358030959999958 ], [ -70.811058369999955, -33.358003507999967 ], [ -70.811039177999987, -33.357969189999949 ], [ -70.811016895999956, -33.357922987999977 ], [ -70.810993476999954, -33.357821922999953 ], [ -70.81094724499998, -33.357717611999917 ], [ -70.810836885999947, -33.357605885999931 ], [ -70.810766455999953, -33.357568735999962 ], [ -70.810694431999934, -33.35752325899994 ], [ -70.810617674999946, -33.357455183999946 ], [ -70.810565868999959, -33.357424920999961 ], [ -70.810491471999967, -33.35740214599997 ], [ -70.810397424999962, -33.357391587999984 ], [ -70.810315723999963, -33.357359374999923 ], [ -70.810204400999964, -33.35733833099993 ], [ -70.81010152999994, -33.357313584999929 ], [ -70.810003924999933, -33.357268479999973 ], [ -70.809906319999982, -33.357223375999979 ], [ -70.809765806999962, -33.357165773999952 ], [ -70.809717770999953, -33.357111594999942 ], [ -70.809689878999961, -33.357069052999961 ], [ -70.809616879999965, -33.357045063999983 ], [ -70.809540172999959, -33.356979372999952 ], [ -70.80948002699995, -33.356889580999962 ], [ -70.809425172, -33.356780622999963 ], [ -70.809334923999984, -33.356610143999944 ], [ -70.809266462999972, -33.356462014999977 ], [ -70.809241403999977, -33.356350235999962 ], [ -70.80920073599998, -33.35623987799994 ], [ -70.809158646999947, -33.356129540999973 ], [ -70.809091445999982, -33.356042236999947 ], [ -70.809012578999955, -33.355940786999959 ], [ -70.808936021999955, -33.355882251999951 ], [ -70.808794041999988, -33.355822283999935 ], [ -70.808614147999947, -33.355716339999944 ], [ -70.808480398999961, -33.355641935999984 ], [ -70.808405682999933, -33.355603654999982 ], [ -70.808365223999942, -33.355572032999923 ], [ -70.808350147999988, -33.355530496999968 ], [ -70.808323777999988, -33.355492703999978 ], [ -70.808300979999956, -33.355421454999934 ], [ -70.808276834999958, -33.355353804999922 ], [ -70.808220174999974, -33.35529497899995 ], [ -70.808133596999937, -33.355233010999932 ], [ -70.808044275999976, -33.355175853999974 ], [ -70.807984847999933, -33.355120647999961 ], [ -70.807968080999956, -33.355066012999934 ], [ -70.807938694999962, -33.355019912999978 ], [ -70.807883432999972, -33.354959873999967 ], [ -70.807779110999959, -33.354864758999938 ], [ -70.807703211999979, -33.354769229999924 ], [ -70.807667574999982, -33.354695781999965 ], [ -70.807661683999982, -33.354617127999965 ], [ -70.807655505999946, -33.354593357999939 ], [ -70.80762247399997, -33.354577135999925 ], [ -70.80758640199997, -33.354551414999946 ], [ -70.807554791999962, -33.354535172999924 ], [ -70.807539371999951, -33.354476939999984 ], [ -70.807512039999949, -33.354392633999964 ], [ -70.807503207999957, -33.354309250999961 ], [ -70.807487614999957, -33.354242668999966 ], [ -70.807483613999977, -33.354186654999971 ], [ -70.807461769999989, -33.354092724999923 ], [ -70.807446127999981, -33.354023757999983 ], [ -70.807439580999983, -33.353982096999964 ], [ -70.807448204999957, -33.35395403899998 ], [ -70.80747280099996, -33.353938664999923 ], [ -70.807493895999983, -33.353927620999961 ], [ -70.807504574999939, -33.353894060999934 ], [ -70.807464921999951, -33.353832600999965 ], [ -70.80741784199995, -33.35375573999994 ], [ -70.807379634999961, -33.353695452999951 ], [ -70.807310753999957, -33.353664243999944 ], [ -70.807244517999948, -33.353623452999948 ], [ -70.807174650999968, -33.353544537999937 ], [ -70.807143770999971, -33.353494879999978 ], [ -70.807106031999979, -33.353457252999924 ], [ -70.80707659899997, -33.353408767999952 ], [ -70.807058459999951, -33.353356538999954 ], [ -70.807044757999961, -33.353312596999956 ], [ -70.807009984999979, -33.35328089099994 ], [ -70.806949877999955, -33.353261484999962 ], [ -70.806889523999985, -33.353230151999973 ], [ -70.806843701999981, -33.353214116999936 ], [ -70.806766812999967, -33.353208077999966 ], [ -70.806702589999986, -33.353195888999956 ], [ -70.806624007999972, -33.35317675199996 ], [ -70.806542090999983, -33.353133801999945 ], [ -70.806467032999933, -33.353078822999969 ], [ -70.806409299999984, -33.353036713999984 ], [ -70.806343582999943, -33.353020967999939 ], [ -70.806263554999987, -33.353000657999928 ], [ -70.806173604999969, -33.35298168599995 ], [ -70.806121900999983, -33.352956190999976 ], [ -70.806065441999976, -33.35290690599993 ], [ -70.805976493999935, -33.352867637999957 ], [ -70.805886439999938, -33.352843655999955 ], [ -70.805762061999985, -33.35280967399995 ], [ -70.805683022999972, -33.35278219199995 ], [ -70.805622315999983, -33.352733683999922 ], [ -70.805540468999936, -33.352694072999945 ], [ -70.805472116999965, -33.352647107999914 ], [ -70.805392063999989, -33.352611765999939 ], [ -70.805324139999982, -33.352585553 ], [ -70.805277341999954, -33.352549726999932 ], [ -70.805199506999941, -33.352497888999949 ], [ -70.805128493999973, -33.352445950999936 ], [ -70.805087704999949, -33.352370667999928 ], [ -70.805028934999939, -33.35229206799994 ], [ -70.80492607399998, -33.352184759999936 ], [ -70.804833990999953, -33.352103779999936 ], [ -70.804720359999976, -33.352053177999949 ], [ -70.804650461999984, -33.351972591999974 ], [ -70.804568965999977, -33.351908637999941 ], [ -70.804486750999956, -33.351851135999937 ], [ -70.804353297999967, -33.351749282999947 ], [ -70.804250920999948, -33.351624072999982 ], [ -70.804193650999935, -33.351535427999977 ], [ -70.804123369999957, -33.351436235999969 ], [ -70.804062822999981, -33.351354081999936 ], [ -70.804034909999984, -33.351241388999931 ], [ -70.803929444999937, -33.351090453999973 ], [ -70.803791062999949, -33.350914942999964 ], [ -70.803694716999985, -33.350734842999948 ] ] ] } },
{ "type": "Feature", "properties": { "OA_ID": "13107", "REGION": "Metropolitana de Santiago", "PROVINCIA": "Santiago", "COMUNA": "Huechuraba", "area_km2": 44.987124484641093 }, "geometry": { "type": "Polygon", "coordinates": [ [ [ -70.626714583999956, -33.393227251999974 ], [ -70.627383793999968, -33.392818968999961 ], [ -70.627645883999946, -33.392659068999933 ], [ -70.628349197999967, -33.39216958399993 ], [ -70.628899145999981, -33.391771835999968 ], [ -70.630127757999958, -33.390887476999978 ], [ -70.631146332999947, -33.390103437999976 ], [ -70.632058443999938, -33.389430607999934 ], [ -70.633352811999941, -33.388470130999956 ], [ -70.635080845999951, -33.387206768999931 ], [ -70.636902263999957, -33.385855819999954 ], [ -70.638711848999947, -33.384524600999953 ], [ -70.639926070999934, -33.383656180999928 ], [ -70.64028628899996, -33.383414141999928 ], [ -70.641317551999975, -33.382734669999934 ], [ -70.64302, -33.381750000999936 ], [ -70.644334066999988, -33.381073614999934 ], [ -70.645633693999969, -33.38054873599998 ], [ -70.646264376999966, -33.380308434999954 ], [ -70.648697263999964, -33.379394178999974 ], [ -70.650996022999948, -33.378535946999932 ], [ -70.652091465999945, -33.378127569999947 ], [ -70.652938191999965, -33.377819003999946 ], [ -70.655623510999988, -33.376839060999949 ], [ -70.656760334999944, -33.376408943999934 ], [ -70.657947123999975, -33.375972182999931 ], [ -70.65898501199996, -33.375583041999953 ], [ -70.660112329999947, -33.375163549999961 ], [ -70.660916735999933, -33.374850693999974 ], [ -70.662637236999956, -33.374201222999957 ], [ -70.664518746999988, -33.373493717999963 ], [ -70.665549096999939, -33.373099847999981 ], [ -70.668625875999965, -33.371958375999952 ], [ -70.671220261999963, -33.371035388999921 ], [ -70.671897369999954, -33.370772752999983 ], [ -70.672437719999948, -33.370560473999944 ], [ -70.673720187999947, -33.370055198999985 ], [ -70.676201395999954, -33.369113097999971 ], [ -70.677804701999946, -33.368514695999984 ], [ -70.681205478999971, -33.367238242999967 ], [ -70.682273282999972, -33.366891884999973 ], [ -70.683189351999943, -33.366706168999933 ], [ -70.683931103999953, -33.366607116999951 ], [ -70.684867044999976, -33.366528175999981 ], [ -70.687763244999985, -33.366309648999966 ], [ -70.68889326, -33.366227641999956 ], [ -70.689174856999955, -33.365791607999924 ], [ -70.689431870999954, -33.365336756999959 ], [ -70.689459771999964, -33.36527774099995 ], [ -70.689599502999954, -33.364780862999979 ], [ -70.689613947999987, -33.364729498999964 ], [ -70.689644573999942, -33.364182938999924 ], [ -70.689696969999943, -33.363483991999942 ], [ -70.6898, -33.36293 ], [ -70.689866145999986, -33.362433471999971 ], [ -70.690242854999951, -33.361327756999962 ], [ -70.690556423999965, -33.360449579999958 ], [ -70.69085302799995, -33.359613388999946 ], [ -70.691418659999954, -33.35798612199995 ], [ -70.691775512999982, -33.35695821999996 ], [ -70.691895754999962, -33.35655989299994 ], [ -70.692015243999947, -33.356122801999966 ], [ -70.692200691999972, -33.355237418999941 ], [ -70.692389375999937, -33.354152155999934 ], [ -70.692527078999944, -33.35365403499997 ], [ -70.692738060999943, -33.352890824999974 ], [ -70.692341811999938, -33.35224571699996 ], [ -70.692017656999951, -33.351362507999958 ], [ -70.691723422999985, -33.350720965999983 ], [ -70.691, -33.35017 ], [ -70.690485079999974, -33.349714813999981 ], [ -70.689764112999967, -33.348575768999979 ], [ -70.68915409899995, -33.347752077999921 ], [ -70.688712271999975, -33.347155485999963 ], [ -70.688221236999937, -33.346889846999929 ], [ -70.687756857999943, -33.345612806999952 ], [ -70.687582716999941, -33.344432511999955 ], [ -70.687585513, -33.343644057999931 ], [ -70.687614511999982, -33.343313943999931 ], [ -70.687599255999942, -33.343062214999968 ], [ -70.687500088999968, -33.342840998999989 ], [ -70.687331178999969, -33.342652395999949 ], [ -70.686944196999946, -33.342246064999983 ], [ -70.686208931999943, -33.341626893999944 ], [ -70.685564487999955, -33.341157513999967 ], [ -70.684661003999963, -33.340659439999975 ], [ -70.683674200999974, -33.340233759999933 ], [ -70.68252, -33.33959 ], [ -70.681363286999954, -33.338729130999965 ], [ -70.680733138999983, -33.338260152999965 ], [ -70.680420535999986, -33.338074820999971 ], [ -70.68025724599994, -33.337955649999969 ], [ -70.680116833999989, -33.337827187999949 ], [ -70.680033183999967, -33.337641963999943 ], [ -70.679993786999944, -33.337486939999962 ], [ -70.679959174999965, -33.337350745999963 ], [ -70.679973434999965, -33.33711019199994 ], [ -70.680024221999986, -33.336862230999941 ], [ -70.680039880999971, -33.336197384999942 ], [ -70.680250731999934, -33.335911317999937 ], [ -70.680245206999984, -33.335287340999955 ], [ -70.680355219999967, -33.334799086999965 ], [ -70.680566164999959, -33.334237881999968 ], [ -70.680771837999941, -33.333616370999948 ], [ -70.68086466799997, -33.333106636999958 ], [ -70.681023374999953, -33.332552171999964 ], [ -70.68118, -33.33201 ], [ -70.681216866999932, -33.331700811999944 ], [ -70.681449774999976, -33.33130414399993 ], [ -70.681680231999962, -33.330871522999921 ], [ -70.681133514999942, -33.330821658999973 ], [ -70.68081, -33.330730000999949 ], [ -70.680194983999968, -33.33051 ], [ -70.67849498399994, -33.32979 ], [ -70.677414355999986, -33.329573906999933 ], [ -70.675984983999967, -33.32936 ], [ -70.673564983999952, -33.32936 ], [ -70.672494982999979, -33.32926 ], [ -70.668454982999947, -33.3281 ], [ -70.667764983999973, -33.32787 ], [ -70.667374983999935, -33.32785 ], [ -70.666894982999963, -33.32801 ], [ -70.666334982999956, -33.32833 ], [ -70.665654982999968, -33.32867 ], [ -70.665194983999982, -33.3288 ], [ -70.663614277999955, -33.329026750999951 ], [ -70.662525663999986, -33.329130889999938 ], [ -70.660875674999943, -33.328912313999965 ], [ -70.659264983999947, -33.32838 ], [ -70.658544982999956, -33.32823 ], [ -70.658035532999975, -33.328375557999948 ], [ -70.658001481999975, -33.328385286999939 ], [ -70.657844982999961, -33.32843 ], [ -70.656914982999979, -33.32959 ], [ -70.656194983999967, -33.33037 ], [ -70.655440864999946, -33.33122572499996 ], [ -70.654354982999962, -33.33237 ], [ -70.65187003799997, -33.33412706699994 ], [ -70.651868242999967, -33.334128335999942 ], [ -70.650394982999956, -33.33517 ], [ -70.650194982999949, -33.33548 ], [ -70.650044982999987, -33.33626 ], [ -70.649364983999988, -33.33718 ], [ -70.648664983999936, -33.33763 ], [ -70.648240043999976, -33.337692076999929 ], [ -70.647901668999964, -33.337962777999955 ], [ -70.647504982999976, -33.33856 ], [ -70.647063634999938, -33.339213199999961 ], [ -70.646994823999933, -33.339315039999974 ], [ -70.646754983999983, -33.33967 ], [ -70.646054983999989, -33.3407 ], [ -70.645514982999941, -33.3417 ], [ -70.645244982999941, -33.34196 ], [ -70.644584982999959, -33.34209 ], [ -70.64333920699994, -33.342103921999978 ], [ -70.643322742999942, -33.342104105999965 ], [ -70.642794983999977, -33.34211 ], [ -70.640384982999933, -33.34262 ], [ -70.639224983999952, -33.34257 ], [ -70.638404983999976, -33.34245 ], [ -70.637569946999974, -33.342266410999962 ], [ -70.636994982999965, -33.342140000999954 ], [ -70.636786522999955, -33.341991100999948 ], [ -70.636190082999974, -33.34156507299997 ], [ -70.635804983999947, -33.341290000999948 ], [ -70.634874983999964, -33.34077 ], [ -70.634575662999964, -33.34068164699994 ], [ -70.633214983999949, -33.34028000099994 ], [ -70.63311078299995, -33.340275306999942 ], [ -70.633093285999962, -33.340274518999927 ], [ -70.632266492999989, -33.340237275999961 ], [ -70.632104983999966, -33.340230000999945 ], [ -70.630494982999949, -33.340520000999959 ], [ -70.628914983999948, -33.340360000999958 ], [ -70.627794983999934, -33.340540000999965 ], [ -70.626724982999974, -33.340570000999946 ], [ -70.623864983999965, -33.340650000999972 ], [ -70.622884982999949, -33.341210000999986 ], [ -70.622041339999967, -33.341522876999932 ], [ -70.622020586999952, -33.341530572999936 ], [ -70.621374983999942, -33.341770000999929 ], [ -70.620694983999954, -33.341850000999948 ], [ -70.61988656799997, -33.342057188999938 ], [ -70.619179778999978, -33.342081559999926 ], [ -70.618644983999957, -33.342100000999942 ], [ -70.617414982999946, -33.34166000099998 ], [ -70.615294983999945, -33.341190000999973 ], [ -70.612484982999945, -33.340250000999951 ], [ -70.612306459999957, -33.340207888999942 ], [ -70.612195225999983, -33.340181649999977 ], [ -70.611590840999952, -33.340039076999972 ], [ -70.608584983999947, -33.339330000999951 ], [ -70.606114982999941, -33.339430000999968 ], [ -70.605084982999983, -33.339480000999956 ], [ -70.604494983999984, -33.339230000999969 ], [ -70.60399498299995, -33.338770000999936 ], [ -70.603064983999957, -33.338280000999937 ], [ -70.602957997999965, -33.338264584999941 ], [ -70.601885067999945, -33.338109974999952 ], [ -70.601111281999977, -33.338232194999925 ], [ -70.599969085999987, -33.33841409799993 ], [ -70.598174754999945, -33.338170798999954 ], [ -70.596806195999989, -33.337532137999958 ], [ -70.596258772999988, -33.337106364999947 ], [ -70.596067196999982, -33.33679278399994 ], [ -70.595924982999975, -33.336560000999945 ], [ -70.595897485999956, -33.336545755999957 ], [ -70.595888477999949, -33.336559400999938 ], [ -70.595752125999979, -33.336765958999919 ], [ -70.595627501999957, -33.336954749999954 ], [ -70.595482552999954, -33.337174330999964 ], [ -70.594958755999983, -33.337665390999973 ], [ -70.594304009999973, -33.337829076999981 ], [ -70.593452839999941, -33.337960026999937 ], [ -70.592798093999988, -33.338189186999948 ], [ -70.592110610999953, -33.338549297999982 ], [ -70.591357651999942, -33.338778458999975 ], [ -70.590702905999933, -33.339040356999931 ], [ -70.590342795999959, -33.339400467999937 ], [ -70.590113634999966, -33.340382586999965 ], [ -70.589786261999961, -33.34133196899996 ], [ -70.589426150999941, -33.342445036999948 ], [ -70.58903330399994, -33.343623579999935 ], [ -70.588797627999952, -33.344425501999979 ], [ -70.588672047999978, -33.34456658299996 ], [ -70.588627560999953, -33.344616560999945 ], [ -70.58845923399997, -33.34480566499996 ], [ -70.587977140999953, -33.345499041999972 ], [ -70.58774565799996, -33.345902875999961 ], [ -70.587158369999941, -33.346440108999957 ], [ -70.586991417999968, -33.346580590999956 ], [ -70.58679625799995, -33.346744807999976 ], [ -70.586381582999934, -33.347093735999977 ], [ -70.585938785999986, -33.347470346999962 ], [ -70.585589331999984, -33.348023649999952 ], [ -70.584977787999946, -33.348576951999959 ], [ -70.584384606999947, -33.349057973999933 ], [ -70.58343522499996, -33.349876405999971 ], [ -70.58264952899998, -33.350334728999933 ], [ -70.58233, -33.35069 ], [ -70.58304237699997, -33.351316845999968 ], [ -70.583664385999953, -33.351807905999976 ], [ -70.58436, -33.35213 ], [ -70.58573, -33.35268 ], [ -70.586414318999971, -33.353084660999968 ], [ -70.587134539999965, -33.35383761899994 ], [ -70.587625599999967, -33.354099517999934 ], [ -70.588542244999985, -33.354132254999975 ], [ -70.59053, -33.35456 ], [ -70.592238909999935, -33.355064164999931 ], [ -70.592969302999961, -33.355694958999941 ], [ -70.59328, -33.35635 ], [ -70.593383658999983, -33.356472027999978 ], [ -70.593407578999972, -33.356500186999938 ], [ -70.593714250999938, -33.356861197999926 ], [ -70.594397870999956, -33.35740710999994 ], [ -70.596020837999959, -33.358644292999948 ], [ -70.596516560999987, -33.358983365999961 ], [ -70.596619517999954, -33.359437566999929 ], [ -70.597152155999936, -33.359926757999965 ], [ -70.597627735999936, -33.36042066299995 ], [ -70.59884, -33.36108 ], [ -70.60071, -33.36219 ], [ -70.60083, -33.36233 ], [ -70.60083, -33.36243 ], [ -70.60075, -33.36258 ], [ -70.60046908399994, -33.362789263999957 ], [ -70.600131249999947, -33.363004063999938 ], [ -70.599592253999958, -33.363176264999929 ], [ -70.598627047999969, -33.363838241999915 ], [ -70.597859428999982, -33.364313422999935 ], [ -70.597411584, -33.364548255999978 ], [ -70.597287312999981, -33.364750290999957 ], [ -70.597284044999981, -33.365299595999936 ], [ -70.597282853999957, -33.365499824 ], [ -70.597188795999955, -33.366032821999966 ], [ -70.597298062999982, -33.367205487999961 ], [ -70.597305903999938, -33.368697943999955 ], [ -70.597272821999979, -33.370729478999962 ], [ -70.597212624999941, -33.371371584999956 ], [ -70.59747097199994, -33.371707686999969 ], [ -70.59818368599997, -33.372247920999939 ], [ -70.599069019999945, -33.373539345999959 ], [ -70.59952, -33.37405 ], [ -70.599585185999956, -33.374274641999925 ], [ -70.599883232999957, -33.375301764999953 ], [ -70.600210914999934, -33.375793839999979 ], [ -70.600404736999963, -33.376127784999944 ], [ -70.600444494999977, -33.37643508299994 ], [ -70.600038974999961, -33.377120359999942 ], [ -70.599610605999942, -33.377755820999937 ], [ -70.599614711999948, -33.378068010999975 ], [ -70.599615978999964, -33.378164294999976 ], [ -70.59962, -33.37847 ], [ -70.599841246999972, -33.378836069999977 ], [ -70.600082035999947, -33.379016661999984 ], [ -70.60098, -33.37977 ], [ -70.603015331999984, -33.381083504999943 ], [ -70.603520875999948, -33.38178907799994 ], [ -70.603664771999945, -33.382159096999949 ], [ -70.60363368699997, -33.382568311999933 ], [ -70.603553423999983, -33.383029825999976 ], [ -70.60315, -33.38442 ], [ -70.602884915999937, -33.385025525999929 ], [ -70.60231030999995, -33.385999272999975 ], [ -70.602185946999953, -33.38672547799996 ], [ -70.602195050999967, -33.387221674999978 ], [ -70.602251641999942, -33.388437852999971 ], [ -70.602366361999941, -33.389109258999952 ], [ -70.602728754999987, -33.389791782999957 ], [ -70.602921720999973, -33.390104208999965 ], [ -70.602945290999969, -33.39014237199995 ], [ -70.60316, -33.39049 ], [ -70.603969258999939, -33.391303982999936 ], [ -70.60456430499994, -33.39194006699995 ], [ -70.605058889999952, -33.392329893999936 ], [ -70.605323501999976, -33.392596669999932 ], [ -70.605620779999981, -33.392997134999973 ], [ -70.605927417999965, -33.393429825999938 ], [ -70.606180103999975, -33.393712889999961 ], [ -70.606844212999988, -33.394363608999974 ], [ -70.607376420999969, -33.39516892499995 ], [ -70.608113784999944, -33.396002395999972 ], [ -70.60898620599994, -33.397651823999965 ], [ -70.60946377199997, -33.398867322999926 ], [ -70.609616174999985, -33.400063918999926 ], [ -70.609609816999978, -33.400295922999916 ], [ -70.609632458999954, -33.400578499999931 ], [ -70.609591420999948, -33.400927319999937 ], [ -70.609608763999972, -33.401242845999946 ], [ -70.609646851999969, -33.401489568999978 ], [ -70.60964162099998, -33.401875347999976 ], [ -70.609733838999944, -33.402249094999938 ], [ -70.609901927999942, -33.402568465999934 ], [ -70.610201269999948, -33.403870455999929 ], [ -70.610133660999963, -33.404568946999966 ], [ -70.610160671999949, -33.404987618999932 ], [ -70.61026871599995, -33.405473818999944 ], [ -70.610348912999939, -33.40571441099997 ], [ -70.610917470999937, -33.405194408999925 ], [ -70.611873636999974, -33.40431989699993 ], [ -70.613454532999981, -33.402810408999976 ], [ -70.614235057999963, -33.402102508999974 ], [ -70.615456431999974, -33.400994768999965 ], [ -70.616067501999964, -33.400349716999983 ], [ -70.616725130999953, -33.399579901999985 ], [ -70.616865235999967, -33.399415895999937 ], [ -70.617183559999944, -33.399093199999975 ], [ -70.617446333999965, -33.398996715999935 ], [ -70.617560014999981, -33.398683846 ], [ -70.618733222999936, -33.39821040899993 ], [ -70.619034286999977, -33.397905284999972 ], [ -70.619211786999983, -33.397785400999958 ], [ -70.619426233999945, -33.397614379999936 ], [ -70.619671936999964, -33.397518113999986 ], [ -70.619801327999937, -33.397362520999927 ], [ -70.619915618999983, -33.397481610999932 ], [ -70.620001481999978, -33.397571077999942 ], [ -70.622573515999989, -33.396828789999979 ], [ -70.622940871999958, -33.396390904999976 ], [ -70.622733245999939, -33.396239716999958 ], [ -70.622947955999962, -33.395853936999977 ], [ -70.623016210999936, -33.395853043999978 ], [ -70.623718989999986, -33.394980251999982 ], [ -70.623550016999957, -33.39472935799995 ], [ -70.624832051999988, -33.394147065999945 ], [ -70.625876850999987, -33.393657348999952 ], [ -70.626714583999956, -33.393227251999974 ] ] ] } },
{ "type": "Feature", "properties": { "OA_ID": "13112", "REGION": "Metropolitana de Santiago", "PROVINCIA": "Santiago", "COMUNA": "La Pintana", "area_km2": 30.475008236010908 }, "geometry": { "type": "Polygon", "coordinates": [ [ [ -70.630984054999942, -33.558199708999943 ], [ -70.630606814999965, -33.559815043999933 ], [ -70.629871340999955, -33.559655169999928 ], [ -70.628416198999957, -33.559340037999952 ], [ -70.62757832799997, -33.55915921999997 ], [ -70.625699418999943, -33.558722928999948 ], [ -70.623786534999965, -33.558278582999947 ], [ -70.620053945999985, -33.557470066999947 ], [ -70.616292988999987, -33.556622581999932 ], [ -70.614527284999951, -33.556226729999935 ], [ -70.614052982999965, -33.556119577999944 ], [ -70.613538691999963, -33.55600316299995 ], [ -70.613039599999979, -33.555891796999951 ], [ -70.612340836999977, -33.555734166999969 ], [ -70.610545588999969, -33.562022622999969 ], [ -70.612694374999933, -33.562258062999945 ], [ -70.61249627899997, -33.563788473999971 ], [ -70.611904172999971, -33.567855075999937 ], [ -70.611539401999948, -33.570312694999977 ], [ -70.612510307999969, -33.570505587999946 ], [ -70.612248213999976, -33.57235986899996 ], [ -70.612007336999966, -33.573968822999973 ], [ -70.611760928999956, -33.575587392999964 ], [ -70.611555244999977, -33.57679025799996 ], [ -70.611370259999944, -33.578033415999975 ], [ -70.611309233999975, -33.578277587999935 ], [ -70.611150005999946, -33.579219766999977 ], [ -70.611081303999981, -33.579664467999976 ], [ -70.611048337999989, -33.579957961999973 ], [ -70.610951666999938, -33.580818619999938 ], [ -70.610848514999986, -33.581557253999954 ], [ -70.610690948999959, -33.582742787999969 ], [ -70.610551525999938, -33.58367754999994 ], [ -70.610285868999952, -33.584876419999944 ], [ -70.609860890999983, -33.586246772999957 ], [ -70.609737048999989, -33.586639696999953 ], [ -70.609508795999943, -33.587243951999945 ], [ -70.609285929999942, -33.587831433999945 ], [ -70.608841666999979, -33.588932409999977 ], [ -70.608492592999937, -33.589786383999979 ], [ -70.608124268999973, -33.590678783999984 ], [ -70.607841183999938, -33.591555757999963 ], [ -70.607711479999978, -33.592055946999949 ], [ -70.607515353999986, -33.593048888999938 ], [ -70.607338932999937, -33.594166239999936 ], [ -70.607060368999953, -33.595879884999917 ], [ -70.606857662, -33.596949827999936 ], [ -70.606635304999941, -33.597865827999946 ], [ -70.606546898999966, -33.598172390999935 ], [ -70.606410738999955, -33.598517750999982 ], [ -70.606370854999966, -33.598673361999936 ], [ -70.606348030999982, -33.598826364999979 ], [ -70.606247644999939, -33.599102064999954 ], [ -70.606022453999969, -33.599720589999947 ], [ -70.605738987999985, -33.600425767999987 ], [ -70.605472863999978, -33.600989943999942 ], [ -70.605272576999937, -33.601427885999946 ], [ -70.605178153999987, -33.601647939999964 ], [ -70.605133125999942, -33.601758704999952 ], [ -70.605308052999987, -33.601789950999951 ], [ -70.605519693999952, -33.601827321999956 ], [ -70.605741819999935, -33.601866015999974 ], [ -70.605995409999935, -33.601912146999943 ], [ -70.607123482999953, -33.602071439999975 ], [ -70.60805, -33.602200000999964 ], [ -70.614760047999937, -33.603118796999979 ], [ -70.623427259999971, -33.60434171299994 ], [ -70.624485934999939, -33.604436470999929 ], [ -70.626997576999941, -33.604661277999988 ], [ -70.626953828999945, -33.605975366999921 ], [ -70.626766750999934, -33.609577900999959 ], [ -70.626682326999969, -33.611459207999935 ], [ -70.626635415999942, -33.612999772999949 ], [ -70.626603597999974, -33.61427361799997 ], [ -70.626593127999968, -33.614710241999944 ], [ -70.626573907999955, -33.615496835999963 ], [ -70.626537578999944, -33.617266277999931 ], [ -70.626519305999977, -33.618622633999969 ], [ -70.626671883999961, -33.619229545999929 ], [ -70.626917211999967, -33.62021890799997 ], [ -70.627031408999983, -33.620680295999932 ], [ -70.627124758999969, -33.62105665699994 ], [ -70.627186793999954, -33.621303391999966 ], [ -70.627267657999937, -33.621622353999953 ], [ -70.62731430499997, -33.62180904399996 ], [ -70.627358340999933, -33.621951625999941 ], [ -70.627435090999938, -33.622279291999973 ], [ -70.627490460999979, -33.622512692999983 ], [ -70.627600900999937, -33.622982479999962 ], [ -70.628070734999937, -33.624969703999952 ], [ -70.628203921999955, -33.625530098999953 ], [ -70.628350868999973, -33.626153433999939 ], [ -70.628492371999982, -33.626809997999942 ], [ -70.628627403999985, -33.62738756199996 ], [ -70.629669105999938, -33.627374165999974 ], [ -70.630345433999935, -33.627362386999948 ], [ -70.63101837499994, -33.627352556999952 ], [ -70.635433489999969, -33.627284700999951 ], [ -70.641021425999952, -33.627194428999928 ], [ -70.6432, -33.62717 ], [ -70.644747620999965, -33.627140216999976 ], [ -70.644309998999972, -33.625200000999939 ], [ -70.64385774699997, -33.623169111999964 ], [ -70.643490088999954, -33.621538331999929 ], [ -70.646257577999961, -33.62134404499993 ], [ -70.645877859999985, -33.619838387999948 ], [ -70.645511174999967, -33.618312394999975 ], [ -70.645288077999965, -33.617378132999931 ], [ -70.645018274999984, -33.616266970999959 ], [ -70.644066875999954, -33.612301638999959 ], [ -70.643720859999974, -33.610899436999944 ], [ -70.643461426999977, -33.609874028999961 ], [ -70.644418402999975, -33.609792494999965 ], [ -70.644826667999951, -33.609757693999946 ], [ -70.647409842999934, -33.609537084999943 ], [ -70.649814436999975, -33.609332521999931 ], [ -70.651473175999968, -33.609191498999955 ], [ -70.652795273999971, -33.609076487999964 ], [ -70.654213020999975, -33.608953024999948 ], [ -70.655738388999964, -33.608820946999963 ], [ -70.656660812999974, -33.608742739999961 ], [ -70.65694948099997, -33.608717398999943 ], [ -70.658263008999938, -33.608602443999978 ], [ -70.65997727499996, -33.608459303999943 ], [ -70.661824503999981, -33.608297426999968 ], [ -70.663226255999973, -33.608174075999948 ], [ -70.664774959999988, -33.608041095999965 ], [ -70.666445830999976, -33.60788497599998 ], [ -70.667257099999972, -33.607810812999958 ], [ -70.668880243999979, -33.607657093999926 ], [ -70.670483897999986, -33.607491208999924 ], [ -70.670644145999972, -33.607461127999947 ], [ -70.670606415999941, -33.607323486999974 ], [ -70.669678600999987, -33.604680378999937 ], [ -70.668868363999934, -33.602364945999966 ], [ -70.668484847999935, -33.601328621999976 ], [ -70.667943420999961, -33.599643042999958 ], [ -70.667353879999951, -33.597974810999972 ], [ -70.667052444999968, -33.597134698999973 ], [ -70.666869274999968, -33.596528254999946 ], [ -70.666690120999988, -33.595952535999956 ], [ -70.666484470999933, -33.595311079999931 ], [ -70.665950390999967, -33.593691959999951 ], [ -70.665629523999939, -33.592707034999933 ], [ -70.665297590999955, -33.591745666999941 ], [ -70.664927722999948, -33.590501998999976 ], [ -70.664680865999969, -33.58971166799995 ], [ -70.664548899999943, -33.58927396099994 ], [ -70.664127956999948, -33.587943080999935 ], [ -70.663834906, -33.586998256999941 ], [ -70.663466817999961, -33.585845040999963 ], [ -70.663381601999959, -33.585572023999923 ], [ -70.663315731999944, -33.585367930999944 ], [ -70.663237562999939, -33.585197187999938 ], [ -70.663034085999982, -33.584496415999979 ], [ -70.66290287, -33.583987091999965 ], [ -70.662774023999987, -33.583512094999939 ], [ -70.662605534999955, -33.582842930999959 ], [ -70.662368912999966, -33.582010045999937 ], [ -70.662188955, -33.58136680399997 ], [ -70.661897455999963, -33.580258351999923 ], [ -70.66164938199995, -33.579362627999949 ], [ -70.661535354999955, -33.578946126999938 ], [ -70.66137, -33.578330000999976 ], [ -70.661243379999974, -33.57781190999998 ], [ -70.66100146499997, -33.576969070999951 ], [ -70.660842650999939, -33.576357037999955 ], [ -70.660746662999955, -33.575988967999926 ], [ -70.660673415999952, -33.575736554999935 ], [ -70.660509805999936, -33.575141764999962 ], [ -70.660342094, -33.574511239999929 ], [ -70.660176778999983, -33.573916471999958 ], [ -70.660012996999967, -33.573669567999964 ], [ -70.659848770999986, -33.573220809999953 ], [ -70.659680891999983, -33.572670456999958 ], [ -70.659467898999935, -33.571907395999979 ], [ -70.659333744999984, -33.571421011999973 ], [ -70.658898980999936, -33.569882121999974 ], [ -70.658830763999958, -33.569623912999937 ], [ -70.658717476999982, -33.569244619999949 ], [ -70.658596229999944, -33.568806738 ], [ -70.658460512999966, -33.568327531999955 ], [ -70.658285991999946, -33.567697093999982 ], [ -70.658122470999956, -33.567105161999969 ], [ -70.65764126299996, -33.56537075499994 ], [ -70.657389670999976, -33.564465044999956 ], [ -70.657145257999957, -33.563576773999948 ], [ -70.656795690999957, -33.562304629999971 ], [ -70.656503565999969, -33.561057229999953 ], [ -70.65621245799997, -33.559869615999958 ], [ -70.655808725, -33.558179174999964 ], [ -70.655365010999958, -33.556706066999929 ], [ -70.654950697999936, -33.554969235999977 ], [ -70.65446591999995, -33.555036050999945 ], [ -70.652237947999936, -33.555353991999937 ], [ -70.651437059999978, -33.555471614999931 ], [ -70.650848689999975, -33.555551961999981 ], [ -70.649950597999975, -33.555680840999969 ], [ -70.648929467999949, -33.55582857099995 ], [ -70.648327076999976, -33.555911810999923 ], [ -70.647197094999967, -33.556084537999936 ], [ -70.646518402999959, -33.556196878999963 ], [ -70.645381181999937, -33.55638780999994 ], [ -70.644750767999938, -33.556477749999942 ], [ -70.644073785999979, -33.556566491999938 ], [ -70.643545862999986, -33.556638751999962 ], [ -70.643002787999933, -33.556711210999929 ], [ -70.641678926999987, -33.556878304999934 ], [ -70.640436100999977, -33.557037967999968 ], [ -70.639374981999936, -33.557190679999955 ], [ -70.638589894999939, -33.557287167999952 ], [ -70.638040266999951, -33.557356972999969 ], [ -70.636657413999956, -33.557553794999926 ], [ -70.636096031999955, -33.557631902999958 ], [ -70.635438646999944, -33.55772758899996 ], [ -70.634860050999976, -33.557811355999959 ], [ -70.633973655999966, -33.55793180899996 ], [ -70.633284967999941, -33.558032427999926 ], [ -70.632419112999969, -33.558151692999957 ], [ -70.632182985999975, -33.558173411 ], [ -70.631861446999949, -33.55817001499998 ], [ -70.631172859999936, -33.558098697999988 ], [ -70.63100757899997, -33.558084942999976 ], [ -70.630984054999942, -33.558199708999943 ] ] ] } },
{ "type": "Feature", "properties": { "OA_ID": "13126", "REGION": "Metropolitana de Santiago", "PROVINCIA": "Santiago", "COMUNA": "Quinta Normal", "area_km2": 11.806423222604874 }, "geometry": { "type": "Polygon", "coordinates": [ [ [ -70.721533074999968, -33.436598295999936 ], [ -70.721291244999975, -33.435503973999978 ], [ -70.721014021999963, -33.434144574999934 ], [ -70.72084850799996, -33.43340075299993 ], [ -70.720685312999933, -33.432621489999974 ], [ -70.720515291999959, -33.431801852999968 ], [ -70.720249985999942, -33.430586450999961 ], [ -70.719992293999951, -33.429603629999974 ], [ -70.719737324999983, -33.42860559599994 ], [ -70.719261049999943, -33.426786103999973 ], [ -70.718943918999969, -33.42554106499994 ], [ -70.71856394799994, -33.42416790599998 ], [ -70.718455592999987, -33.423873488999959 ], [ -70.718281824999963, -33.423167713999931 ], [ -70.718078978999984, -33.422363702999959 ], [ -70.717786454999953, -33.42114108199997 ], [ -70.717464560999986, -33.419805051999958 ], [ -70.71718979799995, -33.418564477999958 ], [ -70.716923314999974, -33.417437603999929 ], [ -70.716767963999985, -33.416746746999934 ], [ -70.71668389599995, -33.416459578999927 ], [ -70.716614227999969, -33.416291084999948 ], [ -70.716496069999948, -33.416110615999969 ], [ -70.716185350999979, -33.41564700999993 ], [ -70.715856097999961, -33.415160894999936 ], [ -70.716385443999968, -33.414933527999949 ], [ -70.716897392999954, -33.414741808999956 ], [ -70.717327185999977, -33.414513285999931 ], [ -70.717669787999967, -33.41429861599994 ], [ -70.718131596999967, -33.414011475999985 ], [ -70.718664568999941, -33.413662645999963 ], [ -70.718908813999974, -33.413507507999945 ], [ -70.719215725999959, -33.413318619999984 ], [ -70.719523184999957, -33.413157545999972 ], [ -70.720016926999961, -33.412961007999975 ], [ -70.72046865599998, -33.412775167999939 ], [ -70.720881585999962, -33.412610097999966 ], [ -70.721390396999936, -33.412413344999948 ], [ -70.721772973999975, -33.412238576999982 ], [ -70.721966702999964, -33.412122071999931 ], [ -70.722185619999962, -33.411906577999957 ], [ -70.722407694999958, -33.411677984999983 ], [ -70.721837538999978, -33.41123719199993 ], [ -70.72127388399997, -33.410790766999966 ], [ -70.720957620999968, -33.410496015999946 ], [ -70.720789803999935, -33.410359853999985 ], [ -70.720423773999983, -33.410220901999935 ], [ -70.720171750999953, -33.410169000999936 ], [ -70.719780292999985, -33.410080255999958 ], [ -70.719442316999974, -33.410024004999975 ], [ -70.719125024999983, -33.410011784999938 ], [ -70.718821702999946, -33.410038146999959 ], [ -70.718537100999981, -33.410008852999965 ], [ -70.7183, -33.409980000999951 ], [ -70.718177631999936, -33.409932159999975 ], [ -70.718028257999947, -33.409901291999965 ], [ -70.717857976999937, -33.409922738999967 ], [ -70.71771105199997, -33.409974403999961 ], [ -70.71744162899995, -33.410046853 ], [ -70.71716500399998, -33.410099870999936 ], [ -70.716860918999942, -33.410087461999979 ], [ -70.716377341999987, -33.410016599999949 ], [ -70.715866153999968, -33.409885181999982 ], [ -70.715447087999962, -33.409735868999974 ], [ -70.715226344999962, -33.409594890999976 ], [ -70.71503125299995, -33.409414780999953 ], [ -70.714823716999945, -33.409273619999965 ], [ -70.714567455999941, -33.409005720999964 ], [ -70.714410789999988, -33.408764142999921 ], [ -70.714175645999944, -33.408562425999961 ], [ -70.713820773999942, -33.40831804699998 ], [ -70.713540191999982, -33.408138630999915 ], [ -70.713346391999949, -33.408042079 ], [ -70.713133780999954, -33.407978539999917 ], [ -70.712876034999965, -33.407971019999927 ], [ -70.712547065999956, -33.408036498999934 ], [ -70.712342037999974, -33.408022709999948 ], [ -70.712038393999933, -33.408032440999925 ], [ -70.711628662999942, -33.408021476999984 ], [ -70.711191432999954, -33.40795549499996 ], [ -70.710774230999959, -33.407900313999946 ], [ -70.710198548999983, -33.407847315999966 ], [ -70.709299198999986, -33.407793236999971 ], [ -70.70856536499997, -33.407759029999973 ], [ -70.708096855999941, -33.407782101999942 ], [ -70.707694054999934, -33.407787647999953 ], [ -70.707158753999977, -33.40777285799993 ], [ -70.706769050999981, -33.407772680999983 ], [ -70.706484241999988, -33.40773228299998 ], [ -70.706239269999969, -33.407702414999967 ], [ -70.705823045999978, -33.407697059999968 ], [ -70.705645513999968, -33.407738278999943 ], [ -70.705325091999953, -33.407903334999958 ], [ -70.705056303999982, -33.40800674299993 ], [ -70.704800071999955, -33.408076740999945 ], [ -70.704556181999976, -33.408102250999939 ], [ -70.704114731999937, -33.408158173999922 ], [ -70.703824834, -33.408195393999968 ], [ -70.703444326999943, -33.408328031999936 ], [ -70.703129310999941, -33.408432070999943 ], [ -70.702593130999958, -33.40871087499994 ], [ -70.701978353999948, -33.409023991999959 ], [ -70.70137688799997, -33.409342463999955 ], [ -70.700829540999962, -33.409726665999983 ], [ -70.700353531999951, -33.410043412999983 ], [ -70.70001425099997, -33.410258569999925 ], [ -70.699616830999958, -33.410540997999924 ], [ -70.699330697999983, -33.410772043999934 ], [ -70.698986425999976, -33.411070361999975 ], [ -70.698608917999934, -33.411358053999962 ], [ -70.698132783999938, -33.411669253999939 ], [ -70.69772117399998, -33.411902014999946 ], [ -70.697291259999986, -33.41221257899997 ], [ -70.696489885999938, -33.412783046999941 ], [ -70.69547122299997, -33.413389717999955 ], [ -70.694968220999954, -33.413679114999987 ], [ -70.694714438999938, -33.413876470999966 ], [ -70.694527124999979, -33.414095076999949 ], [ -70.694281127999943, -33.414353260999974 ], [ -70.694014349999975, -33.414561871999979 ], [ -70.693812425999965, -33.414708660999949 ], [ -70.693610286999956, -33.414844372999944 ], [ -70.693316229999937, -33.415009036999948 ], [ -70.69306987799996, -33.415191875999938 ], [ -70.692918348999967, -33.415374092999961 ], [ -70.692689622999978, -33.415737744999944 ], [ -70.692292426999984, -33.416374684999937 ], [ -70.691985211999963, -33.416882984999965 ], [ -70.691805776999956, -33.417167954999968 ], [ -70.691501292999988, -33.417476788999977 ], [ -70.691057905999969, -33.417776435999947 ], [ -70.690772907999985, -33.41806838399998 ], [ -70.690499612999986, -33.418282615999949 ], [ -70.690074957999968, -33.418526608999962 ], [ -70.689571478999952, -33.418793831999935 ], [ -70.689212645999987, -33.419025845999947 ], [ -70.68884699299997, -33.419246871999974 ], [ -70.688539810999941, -33.419417243999938 ], [ -70.688346185999933, -33.419652545999952 ], [ -70.687955182999985, -33.419929310999976 ], [ -70.687666522999962, -33.420032952999968 ], [ -70.687488849999966, -33.420068608999934 ], [ -70.687223606999979, -33.420016820999933 ], [ -70.687012268999979, -33.420019695999926 ], [ -70.686834916999942, -33.420071964999977 ], [ -70.686579169999959, -33.420169617999925 ], [ -70.686204544999967, -33.420268885999974 ], [ -70.685777618999964, -33.420396561999951 ], [ -70.685298713999941, -33.420569260999969 ], [ -70.684911624999984, -33.420707471999954 ], [ -70.684536995999963, -33.420806735999975 ], [ -70.684020811999972, -33.421101807999946 ], [ -70.683602621999967, -33.421340150999981 ], [ -70.683304377999946, -33.421632261999939 ], [ -70.683037229999968, -33.421824235999956 ], [ -70.682488225999975, -33.422130826999933 ], [ -70.682186877999982, -33.422262326999935 ], [ -70.68149746499995, -33.422482183999932 ], [ -70.680604802999937, -33.422782345999963 ], [ -70.679857006999953, -33.423058380999969 ], [ -70.679200497999943, -33.423272239999967 ], [ -70.678249549999975, -33.423634110999963 ], [ -70.677409593999982, -33.42392799799994 ], [ -70.676802179999981, -33.424290750999951 ], [ -70.676436897999963, -33.424533894999975 ], [ -70.67587485599995, -33.424851712999953 ], [ -70.675037007999947, -33.42525634899993 ], [ -70.674302913999952, -33.425559863999979 ], [ -70.673423296999943, -33.425854259999937 ], [ -70.672970329999941, -33.426004402999972 ], [ -70.672208208999962, -33.426225189999961 ], [ -70.671414269999957, -33.426464123999942 ], [ -70.671439704999955, -33.426550598999938 ], [ -70.671574048999972, -33.426953566999927 ], [ -70.671713548999946, -33.427493310999978 ], [ -70.671766297999966, -33.427806747999959 ], [ -70.671783474999984, -33.428018302999924 ], [ -70.671786448999967, -33.428314898999929 ], [ -70.673720196999966, -33.427678876999948 ], [ -70.675937200999954, -33.42695872499997 ], [ -70.676207378999948, -33.426792348999967 ], [ -70.676622942999984, -33.426613940999971 ], [ -70.676868603999935, -33.426568285999956 ], [ -70.677229953999984, -33.426557543999934 ], [ -70.677544523999984, -33.426606027999973 ], [ -70.677923074999967, -33.426757552999959 ], [ -70.678323700999954, -33.426927285999952 ], [ -70.679031731999942, -33.427225096999969 ], [ -70.679348705999985, -33.427411517999921 ], [ -70.679655344999958, -33.42765709899993 ], [ -70.679918882999971, -33.427899842999956 ], [ -70.680220636999934, -33.428280489999963 ], [ -70.680368911999963, -33.428537998999957 ], [ -70.680595887999971, -33.428963643999971 ], [ -70.680680418999941, -33.429418344999931 ], [ -70.680727974999968, -33.429895273999932 ], [ -70.680695420999939, -33.430263264999951 ], [ -70.680639761999942, -33.431031091999948 ], [ -70.680552709999986, -33.432541522999948 ], [ -70.680472010999949, -33.434323977999959 ], [ -70.680265980999934, -33.436117010999958 ], [ -70.680092557999956, -33.438204295999967 ], [ -70.680072867999968, -33.438441275999935 ], [ -70.681769679999945, -33.438565508999929 ], [ -70.681822736999948, -33.43792293599995 ], [ -70.681888269999945, -33.437926818999976 ], [ -70.681929039999943, -33.437466066999953 ], [ -70.681431917999987, -33.437427071999934 ], [ -70.681421303999969, -33.437472640999943 ], [ -70.681321628999967, -33.437469219999969 ], [ -70.681330165999952, -33.437344282999952 ], [ -70.680776715999968, -33.437326285999966 ], [ -70.680878969999981, -33.436029437999942 ], [ -70.682628448999935, -33.436316914999964 ], [ -70.683628640999984, -33.436530013999977 ], [ -70.683726406999938, -33.437613155999941 ], [ -70.683797629999958, -33.437616960999939 ], [ -70.683799644999965, -33.437573983999982 ], [ -70.684238685999958, -33.437613355999929 ], [ -70.684147149999944, -33.438708130999935 ], [ -70.68592818999997, -33.438826225999939 ], [ -70.686492839999971, -33.438868667999934 ], [ -70.686770360999958, -33.438889527999947 ], [ -70.688684140999968, -33.439017586999967 ], [ -70.691030339999941, -33.439166645999933 ], [ -70.691809230999979, -33.439267878999935 ], [ -70.691744085999972, -33.439630546999972 ], [ -70.691712564999989, -33.440132009999964 ], [ -70.69176781799996, -33.441126442 ], [ -70.691854692999982, -33.442198951999956 ], [ -70.692039039999941, -33.444474803999981 ], [ -70.692046326999957, -33.445346520999976 ], [ -70.692137122999952, -33.446592238999976 ], [ -70.692252813999971, -33.447976484999963 ], [ -70.692863676999934, -33.447949532999914 ], [ -70.693587027999968, -33.447911019999921 ], [ -70.694138021999947, -33.44787915399997 ], [ -70.694808472999966, -33.447842787999953 ], [ -70.696214416999965, -33.447777745999936 ], [ -70.696770000999948, -33.44774000099995 ], [ -70.69763538899997, -33.447695302999925 ], [ -70.698274149999975, -33.447698006999921 ], [ -70.699196739999934, -33.447805621999983 ], [ -70.700468659999956, -33.447961408999937 ], [ -70.702728450999984, -33.448243918999928 ], [ -70.704247272999964, -33.448449245999917 ], [ -70.705416432999982, -33.44858921499997 ], [ -70.705680117999975, -33.448624240999948 ], [ -70.705770886999971, -33.448637307999945 ], [ -70.70661156999995, -33.448747425999954 ], [ -70.707102471999974, -33.44878647899997 ], [ -70.707153088999974, -33.448406398999957 ], [ -70.707231627999988, -33.447795441999972 ], [ -70.707268553999938, -33.447326788999931 ], [ -70.707324622999977, -33.446179278999978 ], [ -70.707330973999944, -33.445457647999952 ], [ -70.707333897999945, -33.444608777999967 ], [ -70.707334292999974, -33.444494112999955 ], [ -70.707343431999959, -33.44347895799995 ], [ -70.707349055999941, -33.442091583999968 ], [ -70.707325434999973, -33.441340343999968 ], [ -70.707249821999937, -33.44079306899993 ], [ -70.707173037999951, -33.439575804999947 ], [ -70.707087810999951, -33.438537611999941 ], [ -70.707069549999972, -33.438057830999981 ], [ -70.710203145999969, -33.438171457999943 ], [ -70.710678866999956, -33.438124426999941 ], [ -70.712522801999967, -33.437853636999932 ], [ -70.713383261999979, -33.437735521999969 ], [ -70.714811980999968, -33.437521019999956 ], [ -70.715504091999946, -33.437433039999966 ], [ -70.717038504999948, -33.437224636999915 ], [ -70.717667426999981, -33.437145107999982 ], [ -70.718533653999941, -33.437014230999971 ], [ -70.719905443999949, -33.436820692999959 ], [ -70.720486679999965, -33.436741273999914 ], [ -70.721533074999968, -33.436598295999936 ] ] ] } },
{ "type": "Feature", "properties": { "OA_ID": "13111", "REGION": "Metropolitana de Santiago", "PROVINCIA": "Santiago", "COMUNA": "La Granja", "area_km2": 10.053147487127308 }, "geometry": { "type": "Polygon", "coordinates": [ [ [ -70.636604642999941, -33.518729771999979 ], [ -70.636079822999989, -33.518688992999948 ], [ -70.635664570999964, -33.518647949999938 ], [ -70.634881036999957, -33.518564047 ], [ -70.634355937999942, -33.518513711999951 ], [ -70.633889132999968, -33.518457833999939 ], [ -70.633225506999963, -33.518387847999968 ], [ -70.632402127999967, -33.518305646999984 ], [ -70.631891181999947, -33.518250343999952 ], [ -70.63127179199995, -33.518184535999971 ], [ -70.630832178999981, -33.518135445999967 ], [ -70.630159856999967, -33.51805720699997 ], [ -70.629196598999954, -33.517958930999946 ], [ -70.628443090999951, -33.517880556999955 ], [ -70.628016386999946, -33.517836058999926 ], [ -70.62777, -33.517820000999968 ], [ -70.627329604999943, -33.517746063999937 ], [ -70.62709771699997, -33.517684686999928 ], [ -70.626652760999946, -33.517502032999971 ], [ -70.625894235999965, -33.517155275999976 ], [ -70.625530650999963, -33.516982286999962 ], [ -70.624571131999971, -33.516549874999953 ], [ -70.624127186999942, -33.516344530999952 ], [ -70.623308272999964, -33.515889983999948 ], [ -70.622802458999956, -33.51565084799995 ], [ -70.621967850999965, -33.515270464999965 ], [ -70.621187470999985, -33.514895331999988 ], [ -70.620741361999933, -33.514649439999957 ], [ -70.620059796999954, -33.514379186999982 ], [ -70.619519757999967, -33.514213259999963 ], [ -70.619157463999969, -33.514108237999942 ], [ -70.617982925999968, -33.513827714999941 ], [ -70.616968582999959, -33.513583265999955 ], [ -70.61599847399998, -33.513343003999971 ], [ -70.615156964999983, -33.513124917999953 ], [ -70.61496, -33.513090000999966 ], [ -70.61486, -33.513090000999966 ], [ -70.614759792999962, -33.513084534999955 ], [ -70.614085174999957, -33.513084010999933 ], [ -70.612370182999939, -33.513072944999969 ], [ -70.611275942999953, -33.513062940999937 ], [ -70.611139115999947, -33.51408697599993 ], [ -70.611039498999958, -33.515051650999972 ], [ -70.611002121999945, -33.515532334999932 ], [ -70.610927962999938, -33.516141748999935 ], [ -70.610738890999983, -33.517659367999947 ], [ -70.610616557999947, -33.518743640999944 ], [ -70.610537871999952, -33.519493295999936 ], [ -70.610365947999981, -33.520784011999979 ], [ -70.610206205999987, -33.521579459999934 ], [ -70.610150114999954, -33.522203550999969 ], [ -70.610128219999979, -33.522943518999959 ], [ -70.610028442999976, -33.523708360999933 ], [ -70.609967462999975, -33.524260932999915 ], [ -70.609865172999946, -33.525082475999966 ], [ -70.609806370999934, -33.525560455999937 ], [ -70.609741417999942, -33.526283086999968 ], [ -70.609754040999974, -33.526772067999943 ], [ -70.609779224999954, -33.527362293999943 ], [ -70.609800691999965, -33.528328374999937 ], [ -70.609841003, -33.528966125999951 ], [ -70.609908466999968, -33.530492334999963 ], [ -70.609936284999947, -33.531416575999963 ], [ -70.609946976999936, -33.531801190999943 ], [ -70.609973158999935, -33.532445089999946 ], [ -70.609978498999965, -33.532925217999953 ], [ -70.610037877999957, -33.53420695899996 ], [ -70.610054265999963, -33.534898706999961 ], [ -70.610073296999985, -33.535348829999975 ], [ -70.610106139999971, -33.536159666999943 ], [ -70.610115506999989, -33.536472716999974 ], [ -70.61011082899995, -33.537295971999967 ], [ -70.610326950999934, -33.539539048999984 ], [ -70.610374677999971, -33.540883126999965 ], [ -70.610402456999964, -33.541459000999971 ], [ -70.610422926999945, -33.542332035999955 ], [ -70.610460755999952, -33.543219160999968 ], [ -70.610510029999944, -33.544492679999962 ], [ -70.610551181999938, -33.545558716999942 ], [ -70.610566675999962, -33.546163382999964 ], [ -70.61058584999995, -33.546659503999933 ], [ -70.611034426999936, -33.546653441999979 ], [ -70.611912970999981, -33.546620908999955 ], [ -70.61313176799996, -33.546594789999965 ], [ -70.613458212999944, -33.546581516999936 ], [ -70.613772734999941, -33.54657002099998 ], [ -70.614997939999967, -33.546360469999968 ], [ -70.61434210699997, -33.548788493999943 ], [ -70.612340836999977, -33.555734166999969 ], [ -70.613039599999979, -33.555891796999951 ], [ -70.613538691999963, -33.55600316299995 ], [ -70.614052982999965, -33.556119577999944 ], [ -70.614527284999951, -33.556226729999935 ], [ -70.616292988999987, -33.556622581999932 ], [ -70.620053945999985, -33.557470066999947 ], [ -70.623786534999965, -33.558278582999947 ], [ -70.625699418999943, -33.558722928999948 ], [ -70.62757832799997, -33.55915921999997 ], [ -70.628416198999957, -33.559340037999952 ], [ -70.629871340999955, -33.559655169999928 ], [ -70.630606814999965, -33.559815043999933 ], [ -70.630984054999942, -33.558199708999943 ], [ -70.63100757899997, -33.558084942999976 ], [ -70.631447666999975, -33.555937807999953 ], [ -70.631933137999965, -33.553793503999941 ], [ -70.632488166999963, -33.551147332999953 ], [ -70.632720000999939, -33.550160000999938 ], [ -70.63311, -33.548030000999979 ], [ -70.63364, -33.545240000999975 ], [ -70.634109998999975, -33.54261000099995 ], [ -70.634155540999984, -33.542060736999936 ], [ -70.634168306999982, -33.541750081999965 ], [ -70.634230935999938, -33.54112663899997 ], [ -70.634274271, -33.540477058999947 ], [ -70.634300001, -33.53994 ], [ -70.63432, -33.53967 ], [ -70.634350091999977, -33.539131514999951 ], [ -70.634409031999951, -33.538251473999928 ], [ -70.634460495999988, -33.537655472999973 ], [ -70.634498082999983, -33.536852067999966 ], [ -70.634554586999968, -33.535388667999939 ], [ -70.634649370999966, -33.533953394999969 ], [ -70.634854388999941, -33.532357992999948 ], [ -70.634970800999952, -33.531409785999983 ], [ -70.635081711999987, -33.530642395999962 ], [ -70.635181234999948, -33.530178185999937 ], [ -70.63531385999994, -33.529656272999944 ], [ -70.635427037999989, -33.529160862999959 ], [ -70.635545858999933, -33.528359963999939 ], [ -70.635660634999965, -33.52734437099997 ], [ -70.63575450899998, -33.526429269999937 ], [ -70.635873449999963, -33.525332496 ], [ -70.635922909999977, -33.524933369999928 ], [ -70.636074245999964, -33.52359040299995 ], [ -70.636171320999964, -33.52269434699997 ], [ -70.636288393999962, -33.52165008999998 ], [ -70.636417232999975, -33.520474444999948 ], [ -70.636525244999973, -33.519554382999949 ], [ -70.636604642999941, -33.518729771999979 ] ] ] } },
{ "type": "Feature", "properties": { "OA_ID": "13132", "REGION": "Metropolitana de Santiago", "PROVINCIA": "Santiago", "COMUNA": "Vitacura", "area_km2": 28.598676321803083 }, "geometry": { "type": "Polygon", "coordinates": [ [ [ -70.605382887999951, -33.409257631999935 ], [ -70.61397, -33.408940000999962 ], [ -70.612834772999975, -33.408188436999978 ], [ -70.612362078999979, -33.407715741999944 ], [ -70.612000803999933, -33.407145131999975 ], [ -70.611629400999959, -33.407043839999965 ], [ -70.611322149999978, -33.406851385999971 ], [ -70.61099801599994, -33.406594780999974 ], [ -70.610619860999975, -33.406243636999918 ], [ -70.610403771999984, -33.405878985999948 ], [ -70.610348912999939, -33.40571441099997 ], [ -70.61026871599995, -33.405473818999944 ], [ -70.610160671999949, -33.404987618999932 ], [ -70.610133660999963, -33.404568946999966 ], [ -70.610201269999948, -33.403870455999929 ], [ -70.609901927999942, -33.402568465999934 ], [ -70.609733838999944, -33.402249094999938 ], [ -70.60964162099998, -33.401875347999976 ], [ -70.609646851999969, -33.401489568999978 ], [ -70.609608763999972, -33.401242845999946 ], [ -70.609591420999948, -33.400927319999937 ], [ -70.609632458999954, -33.400578499999931 ], [ -70.609609816999978, -33.400295922999916 ], [ -70.609616174999985, -33.400063918999926 ], [ -70.60946377199997, -33.398867322999926 ], [ -70.60898620599994, -33.397651823999965 ], [ -70.608113784999944, -33.396002395999972 ], [ -70.607376420999969, -33.39516892499995 ], [ -70.606844212999988, -33.394363608999974 ], [ -70.606180103999975, -33.393712889999961 ], [ -70.605927417999965, -33.393429825999938 ], [ -70.605620779999981, -33.392997134999973 ], [ -70.605323501999976, -33.392596669999932 ], [ -70.605058889999952, -33.392329893999936 ], [ -70.60456430499994, -33.39194006699995 ], [ -70.603969258999939, -33.391303982999936 ], [ -70.60316, -33.39049 ], [ -70.602945290999969, -33.39014237199995 ], [ -70.602921720999973, -33.390104208999965 ], [ -70.602728754999987, -33.389791782999957 ], [ -70.602366361999941, -33.389109258999952 ], [ -70.602251641999942, -33.388437852999971 ], [ -70.602195050999967, -33.387221674999978 ], [ -70.602185946999953, -33.38672547799996 ], [ -70.60231030999995, -33.385999272999975 ], [ -70.602884915999937, -33.385025525999929 ], [ -70.60315, -33.38442 ], [ -70.603553423999983, -33.383029825999976 ], [ -70.60363368699997, -33.382568311999933 ], [ -70.603664771999945, -33.382159096999949 ], [ -70.603520875999948, -33.38178907799994 ], [ -70.603015331999984, -33.381083504999943 ], [ -70.60098, -33.37977 ], [ -70.600082035999947, -33.379016661999984 ], [ -70.599841246999972, -33.378836069999977 ], [ -70.59962, -33.37847 ], [ -70.599615978999964, -33.378164294999976 ], [ -70.599614711999948, -33.378068010999975 ], [ -70.599610605999942, -33.377755820999937 ], [ -70.600038974999961, -33.377120359999942 ], [ -70.600444494999977, -33.37643508299994 ], [ -70.600404736999963, -33.376127784999944 ], [ -70.600210914999934, -33.375793839999979 ], [ -70.599883232999957, -33.375301764999953 ], [ -70.599585185999956, -33.374274641999925 ], [ -70.59952, -33.37405 ], [ -70.599069019999945, -33.373539345999959 ], [ -70.59818368599997, -33.372247920999939 ], [ -70.59747097199994, -33.371707686999969 ], [ -70.597212624999941, -33.371371584999956 ], [ -70.597272821999979, -33.370729478999962 ], [ -70.597305903999938, -33.368697943999955 ], [ -70.597298062999982, -33.367205487999961 ], [ -70.597188795999955, -33.366032821999966 ], [ -70.597282853999957, -33.365499824 ], [ -70.597284044999981, -33.365299595999936 ], [ -70.597287312999981, -33.364750290999957 ], [ -70.597411584, -33.364548255999978 ], [ -70.597859428999982, -33.364313422999935 ], [ -70.598627047999969, -33.363838241999915 ], [ -70.599592253999958, -33.363176264999929 ], [ -70.600131249999947, -33.363004063999938 ], [ -70.60046908399994, -33.362789263999957 ], [ -70.60075, -33.36258 ], [ -70.60083, -33.36243 ], [ -70.60083, -33.36233 ], [ -70.60071, -33.36219 ], [ -70.59884, -33.36108 ], [ -70.597627735999936, -33.36042066299995 ], [ -70.597152155999936, -33.359926757999965 ], [ -70.596619517999954, -33.359437566999929 ], [ -70.596516560999987, -33.358983365999961 ], [ -70.596020837999959, -33.358644292999948 ], [ -70.594397870999956, -33.35740710999994 ], [ -70.593714250999938, -33.356861197999926 ], [ -70.593407578999972, -33.356500186999938 ], [ -70.593383658999983, -33.356472027999978 ], [ -70.59328, -33.35635 ], [ -70.592969302999961, -33.355694958999941 ], [ -70.592238909999935, -33.355064164999931 ], [ -70.59053, -33.35456 ], [ -70.588542244999985, -33.354132254999975 ], [ -70.587625599999967, -33.354099517999934 ], [ -70.587134539999965, -33.35383761899994 ], [ -70.586414318999971, -33.353084660999968 ], [ -70.58573, -33.35268 ], [ -70.58436, -33.35213 ], [ -70.583664385999953, -33.351807905999976 ], [ -70.58304237699997, -33.351316845999968 ], [ -70.58233, -33.35069 ], [ -70.581620931999964, -33.350768758999948 ], [ -70.580734640999935, -33.351112131999976 ], [ -70.580202742999973, -33.351348202999922 ], [ -70.579845488999979, -33.351505012999944 ], [ -70.579473285999939, -33.351608401999947 ], [ -70.579018369999972, -33.351649757999965 ], [ -70.578480743999933, -33.351691114999937 ], [ -70.577901760999964, -33.351835859999944 ], [ -70.577343456999984, -33.351959926999939 ], [ -70.57691, -33.35217 ], [ -70.576433626999972, -33.35231145299997 ], [ -70.575916677999942, -33.35264229999995 ], [ -70.57523430599997, -33.353097214999927 ], [ -70.574800068999934, -33.353572807999981 ], [ -70.574339056999975, -33.354020122999927 ], [ -70.573374310999952, -33.354794079999976 ], [ -70.572900016999938, -33.355170748999974 ], [ -70.572134250999966, -33.355494852999975 ], [ -70.571514090999983, -33.355629737999941 ], [ -70.570997056999943, -33.355703660999957 ], [ -70.570348146999947, -33.355668920999953 ], [ -70.569456849999938, -33.355436804999954 ], [ -70.568906939999977, -33.355214684999964 ], [ -70.56821470899996, -33.355028113999921 ], [ -70.567696812999941, -33.35489618999997 ], [ -70.567214116999935, -33.35482216999997 ], [ -70.56711, -33.35481 ], [ -70.566323874999966, -33.354911772999962 ], [ -70.565768487999947, -33.355212911999956 ], [ -70.564815913999951, -33.35584259999996 ], [ -70.564002703999961, -33.356426404999986 ], [ -70.563293029999954, -33.356920661999936 ], [ -70.562738407999973, -33.357265896999927 ], [ -70.562058865999973, -33.35760151899995 ], [ -70.561559689999967, -33.357703823999941 ], [ -70.561347755999975, -33.357796675999964 ], [ -70.560827214999961, -33.357947529999933 ], [ -70.560449246999951, -33.358057198999965 ], [ -70.559993877999943, -33.358208757999925 ], [ -70.558969094999952, -33.358166273999977 ], [ -70.558021119999978, -33.358075228999951 ], [ -70.556898458999967, -33.358015780999956 ], [ -70.555720923999957, -33.358201005999945 ], [ -70.55489425199994, -33.358643872999949 ], [ -70.554128282999955, -33.358932890999938 ], [ -70.553296792999959, -33.359472839999967 ], [ -70.551739329999975, -33.360637674999957 ], [ -70.550815773999943, -33.361472441999979 ], [ -70.550099709999984, -33.361982479999938 ], [ -70.549683418999962, -33.36256035599996 ], [ -70.549180563999982, -33.36306772599994 ], [ -70.547093600999972, -33.365128650999964 ], [ -70.547003225999958, -33.365263637999924 ], [ -70.546548557999984, -33.36578480299994 ], [ -70.544237622999958, -33.368176048999942 ], [ -70.543477554999981, -33.368615011999964 ], [ -70.542675462999966, -33.36909028499997 ], [ -70.541195542999958, -33.369535637999945 ], [ -70.54030282399998, -33.370007403999971 ], [ -70.539476314999945, -33.370366634999968 ], [ -70.538912725999978, -33.370463808999929 ], [ -70.538659955999947, -33.370481304999949 ], [ -70.537952553999958, -33.370442792999945 ], [ -70.537319427999932, -33.370375778999978 ], [ -70.536030554999968, -33.370429722999965 ], [ -70.534253497999941, -33.370323238999951 ], [ -70.533353826999985, -33.370428896999947 ], [ -70.532456494999963, -33.370552361999955 ], [ -70.531494710999937, -33.370641240999923 ], [ -70.53094363699995, -33.37057138299997 ], [ -70.530455496999934, -33.370604457999939 ], [ -70.530073376999951, -33.37057309599993 ], [ -70.529765968999982, -33.370473171999947 ], [ -70.529321783999933, -33.370388459999951 ], [ -70.528948844999945, -33.370243108999929 ], [ -70.528645182999981, -33.370112709999944 ], [ -70.528200506999951, -33.370018981999976 ], [ -70.526410203999944, -33.369625171999921 ], [ -70.525361960999987, -33.369237713999937 ], [ -70.523989617999973, -33.36913362599995 ], [ -70.522955274999958, -33.369197428999939 ], [ -70.522480106999978, -33.369193036999945 ], [ -70.522018719999949, -33.369280466999939 ], [ -70.521629872999938, -33.369336340999951 ], [ -70.521155949999979, -33.369403478999978 ], [ -70.520718384999952, -33.369459947999914 ], [ -70.520250787999942, -33.369628827999968 ], [ -70.520136230999981, -33.369717451999968 ], [ -70.52008499599998, -33.369769617999971 ], [ -70.520012862999977, -33.369844702999956 ], [ -70.519675183999937, -33.37018731899996 ], [ -70.519088035999971, -33.370779850999959 ], [ -70.518258112999945, -33.371681281999933 ], [ -70.517631783999946, -33.372698802999935 ], [ -70.518739097999969, -33.373196917999962 ], [ -70.518804318999969, -33.373224084999947 ], [ -70.519587412999954, -33.37357111599993 ], [ -70.520428866999964, -33.373935646999932 ], [ -70.520776932999979, -33.37408395399995 ], [ -70.521826813999951, -33.374546170999963 ], [ -70.522452072999954, -33.374816355999947 ], [ -70.523941062999938, -33.375440864999987 ], [ -70.524850861999937, -33.375819424999968 ], [ -70.525726569999961, -33.376249425999951 ], [ -70.526446777999979, -33.376638891999953 ], [ -70.526879636999979, -33.376923284999975 ], [ -70.527460720999954, -33.377337441999934 ], [ -70.527647048999938, -33.377482118999978 ], [ -70.52821268699995, -33.378067460999944 ], [ -70.528971234, -33.378985763999928 ], [ -70.529324405999944, -33.379374604999946 ], [ -70.530176616999938, -33.38017319599993 ], [ -70.53049688599998, -33.380479345999959 ], [ -70.531246746999955, -33.381161101999957 ], [ -70.531475537999938, -33.381377027999982 ], [ -70.532327819999978, -33.382189130999954 ], [ -70.532619068999963, -33.382479681999925 ], [ -70.53357718999996, -33.383459437999932 ], [ -70.533982444999936, -33.383842319999928 ], [ -70.534956940999962, -33.384460111999935 ], [ -70.535623430999976, -33.384791907999954 ], [ -70.53633118099998, -33.385069421999958 ], [ -70.537154697999952, -33.385408499999983 ], [ -70.537576907999949, -33.385589410999962 ], [ -70.538731636999955, -33.386086913999975 ], [ -70.539320936999957, -33.38634121399997 ], [ -70.540840600999957, -33.386944071999949 ], [ -70.542303851999975, -33.387514311999951 ], [ -70.542981124999983, -33.387789524999974 ], [ -70.544254162999948, -33.388287139999932 ], [ -70.54510107699997, -33.388565206999949 ], [ -70.545462956999984, -33.38867772899993 ], [ -70.54638405299994, -33.38898635999994 ], [ -70.547248367999941, -33.389310365999961 ], [ -70.548033207999936, -33.389657167999928 ], [ -70.548471669999969, -33.389827469999929 ], [ -70.549444890999951, -33.390208123999976 ], [ -70.550093889999971, -33.390405234999946 ], [ -70.550381498999968, -33.39051871199996 ], [ -70.551562456999989, -33.390979011999931 ], [ -70.552911379999955, -33.39150170399995 ], [ -70.553735466999967, -33.391804093999944 ], [ -70.554471641999953, -33.392064950999952 ], [ -70.555385700999977, -33.392381678999989 ], [ -70.556319644999974, -33.392708393999946 ], [ -70.557383229999971, -33.393076685 ], [ -70.55835112799997, -33.393411139999955 ], [ -70.559081483999933, -33.393661779999945 ], [ -70.560034989999963, -33.39398918399997 ], [ -70.561004847999982, -33.394320816999929 ], [ -70.561760044999971, -33.39457986799993 ], [ -70.563277834999951, -33.395108356999962 ], [ -70.564202859, -33.395430296999969 ], [ -70.565012145999958, -33.395712594999964 ], [ -70.565433031999987, -33.395860547999966 ], [ -70.566344153999978, -33.396174085 ], [ -70.567368089999945, -33.396523048999931 ], [ -70.568663092999941, -33.396974298999957 ], [ -70.569404270999939, -33.397249401999936 ], [ -70.569734295999979, -33.39737447899995 ], [ -70.570328978999953, -33.397602547999959 ], [ -70.5711, -33.397900000999982 ], [ -70.57141, -33.398030000999938 ], [ -70.571545851999986, -33.398078805999944 ], [ -70.571917384999949, -33.398210190999976 ], [ -70.57251501199994, -33.398440422999947 ], [ -70.573359288999939, -33.398770905999982 ], [ -70.574062178999952, -33.399036409999944 ], [ -70.574727558999939, -33.399286658999976 ], [ -70.575405415999967, -33.39955131499994 ], [ -70.576411217999976, -33.399937695999938 ], [ -70.577391484999964, -33.400344197999964 ], [ -70.578430469999944, -33.400775390999968 ], [ -70.579490193999959, -33.40122638899993 ], [ -70.580457349999961, -33.40163119999994 ], [ -70.580994981999936, -33.401855356999931 ], [ -70.582941396999956, -33.402658330999934 ], [ -70.583867938999958, -33.403078500999982 ], [ -70.584861364999938, -33.403652517999944 ], [ -70.585998436999944, -33.404075618999968 ], [ -70.586638203999939, -33.404200905999964 ], [ -70.588438946999986, -33.404538363999954 ], [ -70.589659910999956, -33.404774424999964 ], [ -70.590241843999934, -33.404953464999949 ], [ -70.590897173999963, -33.40517798399997 ], [ -70.591208542999937, -33.405289940999964 ], [ -70.592175516999987, -33.40562985199994 ], [ -70.592847495999933, -33.405867401999949 ], [ -70.593606903999955, -33.406134883999982 ], [ -70.594126827999958, -33.406311903999949 ], [ -70.594782003999967, -33.40654371199998 ], [ -70.595670507999955, -33.406857111999948 ], [ -70.595973244999982, -33.40696169899995 ], [ -70.59660731799994, -33.407183573999916 ], [ -70.597041614999966, -33.407342405999934 ], [ -70.597518729999933, -33.407569711999933 ], [ -70.597918178999976, -33.407715206999967 ], [ -70.598500506999983, -33.40791574699994 ], [ -70.598909594999952, -33.408028225999942 ], [ -70.599237594999977, -33.408064461999977 ], [ -70.599344812999959, -33.408067342999971 ], [ -70.599928950999981, -33.408082703999973 ], [ -70.600863527999934, -33.408119180999961 ], [ -70.601398913999958, -33.408133760999931 ], [ -70.601748715999975, -33.408156555999938 ], [ -70.602046565999956, -33.408194863999938 ], [ -70.602329087999976, -33.408257078999959 ], [ -70.602821320999965, -33.408401940999966 ], [ -70.603410973999985, -33.408600254999953 ], [ -70.604316617999984, -33.408899419999955 ], [ -70.604590491999943, -33.408992610999974 ], [ -70.604780106999954, -33.409056668999931 ], [ -70.604932414999951, -33.409107681999949 ], [ -70.60513005699994, -33.409173534999972 ], [ -70.605274160999954, -33.409221474999974 ], [ -70.605382887999951, -33.409257631999935 ] ] ] } },
{ "type": "Feature", "properties": { "OA_ID": "13125", "REGION": "Metropolitana de Santiago", "PROVINCIA": "Santiago", "COMUNA": "Quilicura", "area_km2": 57.327017468696106 }, "geometry": { "type": "Polygon", "coordinates": [ [ [ -70.756911380999952, -33.383715594999956 ], [ -70.757203046999976, -33.383636243999952 ], [ -70.757414551999958, -33.383475768999965 ], [ -70.757607760999974, -33.383395485999984 ], [ -70.758151398999985, -33.382991698999945 ], [ -70.758717263999984, -33.382703318999958 ], [ -70.758847032999938, -33.382509401999982 ], [ -70.760704184999952, -33.381130768999967 ], [ -70.762243555999987, -33.379897994999951 ], [ -70.763262008999959, -33.379102095999947 ], [ -70.763496935999967, -33.37894068099996 ], [ -70.763993532999962, -33.378533958999974 ], [ -70.764787875999957, -33.37808422799997 ], [ -70.765237839999941, -33.37783325799996 ], [ -70.765701113999967, -33.377537357999977 ], [ -70.766490617999978, -33.377025050999961 ], [ -70.767443651999955, -33.376513392999989 ], [ -70.767844932999935, -33.376316792999944 ], [ -70.768463050999969, -33.375944112999946 ], [ -70.76992678299996, -33.375270749999956 ], [ -70.770597408999947, -33.374962240999949 ], [ -70.772059888999934, -33.374156951999964 ], [ -70.774316324999972, -33.372713959999935 ], [ -70.777016211999978, -33.370706840999958 ], [ -70.779836691999947, -33.368448592999982 ], [ -70.781783724999968, -33.366836916999929 ], [ -70.783057411999948, -33.365849293999929 ], [ -70.784464515999971, -33.364782192999918 ], [ -70.785073423999975, -33.364314123999968 ], [ -70.786020969999981, -33.363590126999952 ], [ -70.787198053999987, -33.362705775999984 ], [ -70.787446843999987, -33.362519740999964 ], [ -70.789435263999962, -33.361033216999942 ], [ -70.790135451999959, -33.360512506999953 ], [ -70.790740255999935, -33.360055205999963 ], [ -70.792459451999946, -33.358756243999949 ], [ -70.792884137999977, -33.358439333999975 ], [ -70.793848473999958, -33.357719723999935 ], [ -70.795336713999973, -33.356593263999955 ], [ -70.795500338999943, -33.356469414999935 ], [ -70.795757724999987, -33.356265263999944 ], [ -70.797212824999974, -33.355127536999923 ], [ -70.799179005999974, -33.35368174599995 ], [ -70.800925586999938, -33.352344095999968 ], [ -70.801351173999933, -33.35202534999997 ], [ -70.80164068299996, -33.351863669999943 ], [ -70.802410362999979, -33.351204209999942 ], [ -70.802606658999935, -33.351073208999921 ], [ -70.802772655999945, -33.350960105999945 ], [ -70.803326780999953, -33.350775374999948 ], [ -70.80335377199998, -33.350766376999957 ], [ -70.803485064999961, -33.350722606999966 ], [ -70.803694716999985, -33.350734842999948 ], [ -70.803441753999948, -33.35036235299998 ], [ -70.803341185999955, -33.350176462999961 ], [ -70.803224212999964, -33.349960252999949 ], [ -70.803134446999934, -33.349794329999952 ], [ -70.802786307999952, -33.349230716999955 ], [ -70.802588682999954, -33.348909177999943 ], [ -70.802377028999956, -33.348568758999939 ], [ -70.802109013999939, -33.348141376999934 ], [ -70.801881615999946, -33.347919499999925 ], [ -70.80165272499994, -33.347625128999944 ], [ -70.80156328399994, -33.347477579999975 ], [ -70.801262130999987, -33.347207156999943 ], [ -70.800962392999963, -33.347005409999952 ], [ -70.800731868999947, -33.34685227399995 ], [ -70.800516319999986, -33.346763802999924 ], [ -70.800263616999985, -33.346637703999939 ], [ -70.799849054999981, -33.346380370999945 ], [ -70.799519848999978, -33.346072183999979 ], [ -70.799231323999948, -33.345751955999965 ], [ -70.799012324999978, -33.345495601999971 ], [ -70.798807870999951, -33.345131994999974 ], [ -70.798688758999958, -33.344798039999944 ], [ -70.798582151999938, -33.344257629999973 ], [ -70.798403592999989, -33.343535065999959 ], [ -70.798328892999962, -33.343219371999965 ], [ -70.798226369999952, -33.342877364999929 ], [ -70.798162955999942, -33.342447008999955 ], [ -70.798141709999982, -33.342077108999938 ], [ -70.798139744999958, -33.341981553999972 ], [ -70.798137159999953, -33.341855812999931 ], [ -70.798124224999981, -33.341668987999981 ], [ -70.798067318999983, -33.34133395199995 ], [ -70.797941442999957, -33.340961749999956 ], [ -70.797778731999983, -33.340567181999972 ], [ -70.797586552999974, -33.340066174999947 ], [ -70.797528081999985, -33.339654830999969 ], [ -70.797494143999984, -33.339330911999966 ], [ -70.797525425999936, -33.339194930999938 ], [ -70.797536631999947, -33.339169169999934 ], [ -70.797623143999942, -33.338970285999956 ], [ -70.79770825199995, -33.338465263999971 ], [ -70.797761385999934, -33.338174434999928 ], [ -70.797831831999986, -33.337901519999946 ], [ -70.79575000799997, -33.338402753999965 ], [ -70.794487775999983, -33.338710311999925 ], [ -70.794384903999969, -33.340104654999948 ], [ -70.794276330999949, -33.340142146999931 ], [ -70.793751372999964, -33.340179447999944 ], [ -70.793304893999959, -33.340402837999932 ], [ -70.793026271999963, -33.340542242999959 ], [ -70.792491577999954, -33.340809769999964 ], [ -70.792043002999947, -33.341033163999953 ], [ -70.79155013899998, -33.340995703999958 ], [ -70.788630608999938, -33.340321253999939 ], [ -70.787988065999969, -33.340172817999928 ], [ -70.784146979999946, -33.339309440999955 ], [ -70.781476951999934, -33.338715474999965 ], [ -70.779120530999933, -33.338164677999949 ], [ -70.778156353999975, -33.337943802999973 ], [ -70.777306992999968, -33.337749229999929 ], [ -70.776064983999959, -33.337480673999941 ], [ -70.775259080999945, -33.337295287999957 ], [ -70.774820520999981, -33.337194403999945 ], [ -70.77455131499994, -33.337132476999955 ], [ -70.773066074999974, -33.336783855999954 ], [ -70.77158157199996, -33.336470995999946 ], [ -70.769810967999945, -33.336066754999926 ], [ -70.768164934999959, -33.335687887999939 ], [ -70.764013898999963, -33.334732445999983 ], [ -70.76378361999997, -33.334679442999963 ], [ -70.763513792999959, -33.334617336999941 ], [ -70.756388165999965, -33.332952639999974 ], [ -70.750020605999964, -33.331515454999924 ], [ -70.745466003999979, -33.330470031999937 ], [ -70.743338283999947, -33.329963053999961 ], [ -70.736570935999964, -33.328411476999975 ], [ -70.73452261999995, -33.327948508999945 ], [ -70.731716911999968, -33.327314351999966 ], [ -70.728019834999941, -33.326478723999976 ], [ -70.725592998999957, -33.325927876999963 ], [ -70.723681604999967, -33.325490160999948 ], [ -70.722887962999948, -33.325308413999942 ], [ -70.719354488999954, -33.324499234999948 ], [ -70.718963307999957, -33.324410632999957 ], [ -70.717409136999947, -33.324058602999976 ], [ -70.714291789999947, -33.323295923999979 ], [ -70.713789468999948, -33.323173027999914 ], [ -70.713228915999935, -33.323035884999967 ], [ -70.712740971999949, -33.322916506999938 ], [ -70.712195415999986, -33.322783032999951 ], [ -70.708644161999985, -33.321914195999973 ], [ -70.708897729999933, -33.321439029999958 ], [ -70.709230392999984, -33.320834357999964 ], [ -70.709401096999954, -33.320532650999951 ], [ -70.709724958999971, -33.320093182999976 ], [ -70.710270626999943, -33.319699360999941 ], [ -70.710634596999967, -33.319534002999937 ], [ -70.710949833999962, -33.319377298999939 ], [ -70.711041220999959, -33.319253522999936 ], [ -70.711183060999986, -33.319094563999954 ], [ -70.711314035999976, -33.318896495999972 ], [ -70.711149998999986, -33.318780000999936 ], [ -70.709992133999947, -33.318276771999926 ], [ -70.709264983999958, -33.317970000999942 ], [ -70.706697936999944, -33.318930952999956 ], [ -70.705040463999978, -33.31886499899997 ], [ -70.703580113999976, -33.318967029999946 ], [ -70.702078378999943, -33.319202367999942 ], [ -70.70128017899998, -33.319370786999976 ], [ -70.700481141999944, -33.319496261999973 ], [ -70.699374123999974, -33.319568679999961 ], [ -70.698798373999978, -33.319776988999934 ], [ -70.698512164999968, -33.319967019999972 ], [ -70.698324982999964, -33.320150000999938 ], [ -70.697169392999967, -33.321073438999967 ], [ -70.696160627999973, -33.321817368 ], [ -70.695507096999961, -33.322413273999977 ], [ -70.695053986999937, -33.322791690999949 ], [ -70.694582715999957, -33.323113087999957 ], [ -70.694034982999938, -33.323180000999962 ], [ -70.69349241599997, -33.323170908999948 ], [ -70.692871201999935, -33.323319219999966 ], [ -70.692071188999932, -33.323753401999966 ], [ -70.691526985999985, -33.32421323199997 ], [ -70.691409207999982, -33.324312749999933 ], [ -70.691198649999933, -33.324490662999949 ], [ -70.690680476999944, -33.325328082999938 ], [ -70.690265144999955, -33.326192734999943 ], [ -70.690000642999962, -33.326625833999962 ], [ -70.689784983999971, -33.326930000999937 ], [ -70.688975188999962, -33.32768967099998 ], [ -70.68802799499997, -33.32809946899993 ], [ -70.687836366999989, -33.328182375999965 ], [ -70.686421972999952, -33.328535646 ], [ -70.685484601999988, -33.328863337999962 ], [ -70.684727255999974, -33.329093135999976 ], [ -70.68404837199995, -33.329264599999931 ], [ -70.68336678299994, -33.329523792999971 ], [ -70.682973655999945, -33.329673290999949 ], [ -70.682282094999948, -33.330228877999957 ], [ -70.682268251999972, -33.330239998999957 ], [ -70.682046723, -33.330417970999967 ], [ -70.681680231999962, -33.330871522999921 ], [ -70.681449774999976, -33.33130414399993 ], [ -70.681216866999932, -33.331700811999944 ], [ -70.68118, -33.33201 ], [ -70.681023374999953, -33.332552171999964 ], [ -70.68086466799997, -33.333106636999958 ], [ -70.680771837999941, -33.333616370999948 ], [ -70.680566164999959, -33.334237881999968 ], [ -70.680355219999967, -33.334799086999965 ], [ -70.680245206999984, -33.335287340999955 ], [ -70.680250731999934, -33.335911317999937 ], [ -70.680039880999971, -33.336197384999942 ], [ -70.680024221999986, -33.336862230999941 ], [ -70.679973434999965, -33.33711019199994 ], [ -70.679959174999965, -33.337350745999963 ], [ -70.679993786999944, -33.337486939999962 ], [ -70.680033183999967, -33.337641963999943 ], [ -70.680116833999989, -33.337827187999949 ], [ -70.68025724599994, -33.337955649999969 ], [ -70.680420535999986, -33.338074820999971 ], [ -70.680733138999983, -33.338260152999965 ], [ -70.681363286999954, -33.338729130999965 ], [ -70.68252, -33.33959 ], [ -70.683674200999974, -33.340233759999933 ], [ -70.684661003999963, -33.340659439999975 ], [ -70.685564487999955, -33.341157513999967 ], [ -70.686208931999943, -33.341626893999944 ], [ -70.686944196999946, -33.342246064999983 ], [ -70.687331178999969, -33.342652395999949 ], [ -70.687500088999968, -33.342840998999989 ], [ -70.687599255999942, -33.343062214999968 ], [ -70.687614511999982, -33.343313943999931 ], [ -70.687585513, -33.343644057999931 ], [ -70.687582716999941, -33.344432511999955 ], [ -70.687756857999943, -33.345612806999952 ], [ -70.688221236999937, -33.346889846999929 ], [ -70.688712271999975, -33.347155485999963 ], [ -70.68915409899995, -33.347752077999921 ], [ -70.689764112999967, -33.348575768999979 ], [ -70.690485079999974, -33.349714813999981 ], [ -70.691, -33.35017 ], [ -70.691723422999985, -33.350720965999983 ], [ -70.692017656999951, -33.351362507999958 ], [ -70.692341811999938, -33.35224571699996 ], [ -70.692738060999943, -33.352890824999974 ], [ -70.692527078999944, -33.35365403499997 ], [ -70.692389375999937, -33.354152155999934 ], [ -70.692200691999972, -33.355237418999941 ], [ -70.692015243999947, -33.356122801999966 ], [ -70.691895754999962, -33.35655989299994 ], [ -70.691775512999982, -33.35695821999996 ], [ -70.691418659999954, -33.35798612199995 ], [ -70.69085302799995, -33.359613388999946 ], [ -70.690556423999965, -33.360449579999958 ], [ -70.690242854999951, -33.361327756999962 ], [ -70.689866145999986, -33.362433471999971 ], [ -70.6898, -33.36293 ], [ -70.689696969999943, -33.363483991999942 ], [ -70.689644573999942, -33.364182938999924 ], [ -70.689613947999987, -33.364729498999964 ], [ -70.689599502999954, -33.364780862999979 ], [ -70.689459771999964, -33.36527774099995 ], [ -70.689431870999954, -33.365336756999959 ], [ -70.689174856999955, -33.365791607999924 ], [ -70.68889326, -33.366227641999956 ], [ -70.689946202999977, -33.36614727999995 ], [ -70.691046860999961, -33.366070431999944 ], [ -70.692064830999982, -33.365994226999923 ], [ -70.694540597999946, -33.36586718999996 ], [ -70.696745935999957, -33.365868207999938 ], [ -70.697331897999959, -33.365879679999964 ], [ -70.698748543999955, -33.365956712999939 ], [ -70.699467084999981, -33.366019479999977 ], [ -70.699937399999953, -33.366105351999977 ], [ -70.700257778999969, -33.366192971999965 ], [ -70.700187447999951, -33.366371403999949 ], [ -70.699180818999935, -33.368602975999963 ], [ -70.698523299999977, -33.370047843999949 ], [ -70.698103042999946, -33.370998607999979 ], [ -70.697499618999984, -33.372312480999938 ], [ -70.696565722999935, -33.374373202999948 ], [ -70.695676842999944, -33.376365711999931 ], [ -70.694960723999941, -33.377997837999942 ], [ -70.694152059999965, -33.379817985999971 ], [ -70.693487381999944, -33.381292208999987 ], [ -70.69429985499994, -33.381530091999927 ], [ -70.694850966999979, -33.381716434999937 ], [ -70.694668006999962, -33.38218123799993 ], [ -70.694150896999986, -33.383381340999961 ], [ -70.695518977999953, -33.383777080999948 ], [ -70.695609300999934, -33.383566623999968 ], [ -70.695837171999983, -33.382998007999952 ], [ -70.696176009999988, -33.382086414999947 ], [ -70.69637, -33.382160000999924 ], [ -70.697563011999989, -33.382324440999987 ], [ -70.698401476999948, -33.382441815999982 ], [ -70.700008221999951, -33.382577294999976 ], [ -70.701119172999938, -33.382754328999951 ], [ -70.702543906999949, -33.383058590999944 ], [ -70.70329, -33.38321 ], [ -70.70369997499995, -33.383274732999944 ], [ -70.704024653999966, -33.383386340999934 ], [ -70.704329041999983, -33.383548681999969 ], [ -70.704542113999935, -33.383731313999931 ], [ -70.704785624999943, -33.383873362999957 ], [ -70.705020270999967, -33.384008545999961 ], [ -70.705175158999964, -33.384137068999962 ], [ -70.705802030999962, -33.38477410199993 ], [ -70.70648334599997, -33.385580771999983 ], [ -70.706912452999973, -33.385951601999984 ], [ -70.706932635999976, -33.385969043999978 ], [ -70.707021468999983, -33.386045812999953 ], [ -70.70777, -33.38687 ], [ -70.71116, -33.390870000999946 ], [ -70.712738984999987, -33.391292738999944 ], [ -70.715115385999979, -33.391503289999946 ], [ -70.716925088999972, -33.391535524999945 ], [ -70.718344899999977, -33.391701981999972 ], [ -70.718976195999971, -33.391693236999963 ], [ -70.719794254999954, -33.391766777999983 ], [ -70.720648558999983, -33.391684371999922 ], [ -70.722303858999979, -33.391675719999967 ], [ -70.723413629999982, -33.391796301999925 ], [ -70.724224488999937, -33.391817410999977 ], [ -70.725063200999955, -33.391763993999966 ], [ -70.726003200999969, -33.391466830999939 ], [ -70.726856014999953, -33.391440646999961 ], [ -70.728003979999983, -33.391668043 ], [ -70.729753560999939, -33.39211270699996 ], [ -70.730268923999972, -33.392280712999934 ], [ -70.731228088999956, -33.392453444999951 ], [ -70.732018339999968, -33.39271442699993 ], [ -70.733821517999957, -33.393276211999925 ], [ -70.735074741999938, -33.393645232999972 ], [ -70.736164734999988, -33.393529769999923 ], [ -70.736772142999939, -33.393177675999937 ], [ -70.737047675999989, -33.392443683999936 ], [ -70.737391736999939, -33.39172304799996 ], [ -70.738038914999947, -33.390797736999964 ], [ -70.738841913999977, -33.389984768999952 ], [ -70.739396675999956, -33.389561817999954 ], [ -70.74055, -33.389420000999948 ], [ -70.741638952999949, -33.389307341999931 ], [ -70.742541517999939, -33.389324056999953 ], [ -70.743845993999969, -33.389313248999933 ], [ -70.746067431999975, -33.389580733999928 ], [ -70.748302576999947, -33.390281306999945 ], [ -70.748870628999953, -33.390201788999939 ], [ -70.749319961999959, -33.390140276999951 ], [ -70.749574997999957, -33.389961752999973 ], [ -70.749702513999978, -33.389553697999922 ], [ -70.750001938999958, -33.389569806999923 ], [ -70.75106130599994, -33.389626799999967 ], [ -70.75128276099997, -33.389464762999978 ], [ -70.751392581999937, -33.389381132999972 ], [ -70.751297224999973, -33.389164870999934 ], [ -70.751148912999952, -33.388804283999946 ], [ -70.751084119999973, -33.388410067999978 ], [ -70.751137638999978, -33.388128712999958 ], [ -70.751350699999989, -33.387860375999921 ], [ -70.75139898499998, -33.387771887999975 ], [ -70.751603535999948, -33.387419681999958 ], [ -70.751700519999986, -33.387036543999962 ], [ -70.751537828999972, -33.386412739999969 ], [ -70.751449348999984, -33.38611382299996 ], [ -70.751446043999977, -33.385977386999961 ], [ -70.751572113999941, -33.385790441999973 ], [ -70.751698046999934, -33.385641776999925 ], [ -70.752157318999934, -33.385420609999983 ], [ -70.752985844999955, -33.385190996999938 ], [ -70.753409167999962, -33.385096237999953 ], [ -70.753569254999945, -33.38501972399996 ], [ -70.754916274, -33.384548717999955 ], [ -70.755488500999945, -33.384300114999974 ], [ -70.755932918999974, -33.384106584999977 ], [ -70.756312486999946, -33.383941412999945 ], [ -70.756524633999959, -33.383870614999971 ], [ -70.756812682999964, -33.383747089999929 ], [ -70.756869998999946, -33.383726908999947 ], [ -70.756911380999952, -33.383715594999956 ] ] ] } },
{ "type": "Feature", "properties": { "OA_ID": "13101", "REGION": "Metropolitana de Santiago", "PROVINCIA": "Santiago", "COMUNA": "Santiago", "area_km2": 23.184225334423829 }, "geometry": { "type": "Polygon", "coordinates": [ [ [ -70.671736234999969, -33.475894864999923 ], [ -70.67208211599997, -33.475744890999977 ], [ -70.672442763999982, -33.475619322999933 ], [ -70.672595359999946, -33.475503592999928 ], [ -70.672747793999974, -33.475254661999934 ], [ -70.672852430999967, -33.475034972999943 ], [ -70.672878547999971, -33.474882497999943 ], [ -70.672916118999979, -33.473920206999928 ], [ -70.672912728999961, -33.472734608999922 ], [ -70.672912532999987, -33.472666072999964 ], [ -70.672916705999967, -33.471835052999957 ], [ -70.672943390999933, -33.470632058999968 ], [ -70.675178369, -33.470633899999939 ], [ -70.67724717699997, -33.470652418999961 ], [ -70.679253009999968, -33.470671049999972 ], [ -70.679761824999957, -33.470673614999946 ], [ -70.679809250999938, -33.470624577999956 ], [ -70.679838871999948, -33.470572500999928 ], [ -70.67984722999995, -33.470527102999938 ], [ -70.679843710999933, -33.470491928999927 ], [ -70.679740694999964, -33.470390714999944 ], [ -70.679188766999971, -33.469548844999963 ], [ -70.679138798999986, -33.469381157999983 ], [ -70.679087996999954, -33.46904724299997 ], [ -70.678937043999952, -33.466553794999967 ], [ -70.678830264999988, -33.464912159999983 ], [ -70.67876429599994, -33.463816080999948 ], [ -70.678679880999937, -33.462720728999948 ], [ -70.678617604999943, -33.461801061999942 ], [ -70.678505593999944, -33.460562425999974 ], [ -70.678407412999945, -33.459140722999962 ], [ -70.678270353999949, -33.457405721999976 ], [ -70.678147101999969, -33.455237733999979 ], [ -70.678026464999959, -33.453822635999977 ], [ -70.677904399999989, -33.451881363999959 ], [ -70.677828890999933, -33.451225292999929 ], [ -70.677832484999954, -33.450981917999975 ], [ -70.677893565999966, -33.450458572999935 ], [ -70.679031164999969, -33.450722320999951 ], [ -70.679096572999981, -33.449657606999949 ], [ -70.679243929999984, -33.447861816999925 ], [ -70.679501407999965, -33.444857762999952 ], [ -70.679576051999959, -33.443841203999966 ], [ -70.679770000999952, -33.443840000999955 ], [ -70.680554110999935, -33.443927921999943 ], [ -70.683678105999945, -33.444073682999935 ], [ -70.686867056999972, -33.444226809999975 ], [ -70.690140218999943, -33.444387973999937 ], [ -70.692039039999941, -33.444474803999981 ], [ -70.691854692999982, -33.442198951999956 ], [ -70.69176781799996, -33.441126442 ], [ -70.691712564999989, -33.440132009999964 ], [ -70.691744085999972, -33.439630546999972 ], [ -70.691809230999979, -33.439267878999935 ], [ -70.691030339999941, -33.439166645999933 ], [ -70.688684140999968, -33.439017586999967 ], [ -70.686770360999958, -33.438889527999947 ], [ -70.686492839999971, -33.438868667999934 ], [ -70.68592818999997, -33.438826225999939 ], [ -70.684147149999944, -33.438708130999935 ], [ -70.684238685999958, -33.437613355999929 ], [ -70.683799644999965, -33.437573983999982 ], [ -70.683797629999958, -33.437616960999939 ], [ -70.683726406999938, -33.437613155999941 ], [ -70.683628640999984, -33.436530013999977 ], [ -70.682628448999935, -33.436316914999964 ], [ -70.680878969999981, -33.436029437999942 ], [ -70.680776715999968, -33.437326285999966 ], [ -70.681330165999952, -33.437344282999952 ], [ -70.681321628999967, -33.437469219999969 ], [ -70.681421303999969, -33.437472640999943 ], [ -70.681431917999987, -33.437427071999934 ], [ -70.681929039999943, -33.437466066999953 ], [ -70.681888269999945, -33.437926818999976 ], [ -70.681822736999948, -33.43792293599995 ], [ -70.681769679999945, -33.438565508999929 ], [ -70.680072867999968, -33.438441275999935 ], [ -70.680092557999956, -33.438204295999967 ], [ -70.680265980999934, -33.436117010999958 ], [ -70.680472010999949, -33.434323977999959 ], [ -70.680552709999986, -33.432541522999948 ], [ -70.680639761999942, -33.431031091999948 ], [ -70.680695420999939, -33.430263264999951 ], [ -70.680727974999968, -33.429895273999932 ], [ -70.680680418999941, -33.429418344999931 ], [ -70.680595887999971, -33.428963643999971 ], [ -70.680368911999963, -33.428537998999957 ], [ -70.680220636999934, -33.428280489999963 ], [ -70.679918882999971, -33.427899842999956 ], [ -70.679655344999958, -33.42765709899993 ], [ -70.679348705999985, -33.427411517999921 ], [ -70.679031731999942, -33.427225096999969 ], [ -70.678323700999954, -33.426927285999952 ], [ -70.677923074999967, -33.426757552999959 ], [ -70.677544523999984, -33.426606027999973 ], [ -70.677229953999984, -33.426557543999934 ], [ -70.676868603999935, -33.426568285999956 ], [ -70.676622942999984, -33.426613940999971 ], [ -70.676207378999948, -33.426792348999967 ], [ -70.675937200999954, -33.42695872499997 ], [ -70.673720196999966, -33.427678876999948 ], [ -70.671786448999967, -33.428314898999929 ], [ -70.671783474999984, -33.428018302999924 ], [ -70.671766297999966, -33.427806747999959 ], [ -70.671713548999946, -33.427493310999978 ], [ -70.671574048999972, -33.426953566999927 ], [ -70.671439704999955, -33.426550598999938 ], [ -70.671414269999957, -33.426464123999942 ], [ -70.671362371999976, -33.426287674999962 ], [ -70.671279141999946, -33.426004104999954 ], [ -70.671146310999973, -33.426038440999946 ], [ -70.670695201999933, -33.426155050999959 ], [ -70.67053623399994, -33.426214603999938 ], [ -70.670471680999981, -33.426238786999932 ], [ -70.669781742999987, -33.426497251999933 ], [ -70.668844586999967, -33.426849731999937 ], [ -70.667797286999985, -33.427210638999938 ], [ -70.666492581999933, -33.427677808999931 ], [ -70.665483391999942, -33.428086153999963 ], [ -70.664807134999933, -33.428387322999974 ], [ -70.664237218999972, -33.428599654999957 ], [ -70.663802671999974, -33.428724569999922 ], [ -70.663109706999933, -33.428809252999933 ], [ -70.662584832999983, -33.428864678999958 ], [ -70.661828626999977, -33.429041409999961 ], [ -70.661429109999972, -33.429185490999934 ], [ -70.661048938999954, -33.429350446999933 ], [ -70.660140877999936, -33.429654003999921 ], [ -70.658987678999949, -33.429877210999969 ], [ -70.658563584999968, -33.429979880999944 ], [ -70.658012283999938, -33.430156562999969 ], [ -70.657042370999989, -33.430532731999961 ], [ -70.656527320999942, -33.430801109999948 ], [ -70.655507016999934, -33.431047550999949 ], [ -70.653549452999982, -33.431506982999963 ], [ -70.651607317999947, -33.431931206999927 ], [ -70.651526348999937, -33.431950534999942 ], [ -70.650299475999986, -33.43224340699993 ], [ -70.64941091299994, -33.432424540999932 ], [ -70.649352774999954, -33.432436391999929 ], [ -70.64834325399994, -33.432663715999979 ], [ -70.64653863999996, -33.433112114999972 ], [ -70.64495739299997, -33.43349268399993 ], [ -70.643294047999973, -33.433886508999926 ], [ -70.642365095999935, -33.434084359999936 ], [ -70.640354313999978, -33.434560339999962 ], [ -70.638783940999986, -33.434934363999965 ], [ -70.636708706999968, -33.435407497999947 ], [ -70.635715853999955, -33.435632447999978 ], [ -70.635401, -33.435690783999966 ], [ -70.635376432999976, -33.435695335999988 ], [ -70.635389266999937, -33.436460578999956 ], [ -70.635220125999979, -33.437166380999933 ], [ -70.635010197999975, -33.437924623999933 ], [ -70.634775316999935, -33.438905596 ], [ -70.634429243999989, -33.440014920999943 ], [ -70.633926707999933, -33.441763352999942 ], [ -70.633479952999949, -33.44343510399996 ], [ -70.633233489999952, -33.444217093999946 ], [ -70.632847806999962, -33.445424851999967 ], [ -70.632260311999971, -33.447379113999943 ], [ -70.631985005999979, -33.448401360999974 ], [ -70.631634392999956, -33.449583554999947 ], [ -70.631555358999947, -33.44983042199992 ], [ -70.63095332599994, -33.451906455999953 ], [ -70.630566388999966, -33.453218889999953 ], [ -70.630289526999945, -33.454095551999963 ], [ -70.630082957999946, -33.454714187999961 ], [ -70.629786580999962, -33.455696547999928 ], [ -70.628868775999933, -33.458947929999972 ], [ -70.627990706999981, -33.461943189999928 ], [ -70.62761934599996, -33.46328507099998 ], [ -70.62725181899998, -33.464447924999945 ], [ -70.626975803999983, -33.46545331599998 ], [ -70.626818305999961, -33.465943759999959 ], [ -70.626365735999968, -33.467503491999928 ], [ -70.626126892999935, -33.468461096999931 ], [ -70.62604069799994, -33.468724720999937 ], [ -70.625951482999938, -33.468910925999971 ], [ -70.625867472999971, -33.469032451999972 ], [ -70.625630109999975, -33.469239621999968 ], [ -70.625106645999949, -33.469561183999922 ], [ -70.625412968999967, -33.470119005999948 ], [ -70.625897017999932, -33.47080902699998 ], [ -70.626132612999982, -33.471043239999972 ], [ -70.626750982999965, -33.471587047999947 ], [ -70.627802293999935, -33.47197726499995 ], [ -70.628589616999989, -33.472309111999941 ], [ -70.631934041999955, -33.473523427999964 ], [ -70.635049749999951, -33.474744942999948 ], [ -70.63716597399997, -33.475424289999971 ], [ -70.638699976999987, -33.475935624999984 ], [ -70.639465335999944, -33.476143358999934 ], [ -70.640486091999946, -33.476299416999943 ], [ -70.641778922999947, -33.476496516999923 ], [ -70.64197401399997, -33.476528889999933 ], [ -70.641987650999965, -33.476531152999939 ], [ -70.642659877999961, -33.476570413999973 ], [ -70.644875514999967, -33.47669981699994 ], [ -70.64719297299996, -33.476892137999982 ], [ -70.650320849999957, -33.476801378999937 ], [ -70.653768404999937, -33.476540175999951 ], [ -70.654921785999989, -33.476437425999954 ], [ -70.655739748999963, -33.476359126999959 ], [ -70.656751003999943, -33.476262324999929 ], [ -70.658057288999942, -33.476161947999969 ], [ -70.659501169999942, -33.476017558999949 ], [ -70.660497447999944, -33.475902049999945 ], [ -70.66184070099996, -33.475818313999973 ], [ -70.664056726999945, -33.475797629999931 ], [ -70.665392585999939, -33.475824579999937 ], [ -70.668324304999942, -33.475893968999962 ], [ -70.669422660999942, -33.475905116999954 ], [ -70.671586056999956, -33.475902959999935 ], [ -70.671588130999965, -33.476862864999916 ], [ -70.671585795999988, -33.478520016999937 ], [ -70.673682575999976, -33.478506028999952 ], [ -70.675339213999962, -33.478480062999942 ], [ -70.677089854999963, -33.478456380999937 ], [ -70.678785192999953, -33.478444159999967 ], [ -70.680813231999934, -33.47840950899996 ], [ -70.68070176599997, -33.476839801999965 ], [ -70.680681806999985, -33.476510421999926 ], [ -70.679942539999956, -33.476513753999932 ], [ -70.678934463999951, -33.47650594199996 ], [ -70.67798768199998, -33.476576031999969 ], [ -70.677373663999958, -33.476627294999957 ], [ -70.676246997999954, -33.476671173999932 ], [ -70.675597578999941, -33.476658481999941 ], [ -70.674544874999981, -33.476551023999946 ], [ -70.673774251999987, -33.476454061999959 ], [ -70.672911896999949, -33.476472865999952 ], [ -70.67233906099996, -33.476444806999943 ], [ -70.671844462999957, -33.476265367999929 ], [ -70.671732962999954, -33.476247106999949 ], [ -70.671736234999969, -33.475894864999923 ] ] ] } },
{ "type": "Feature", "properties": { "OA_ID": "13104", "REGION": "Metropolitana de Santiago", "PROVINCIA": "Santiago", "COMUNA": "Conchalí", "area_km2": 10.941068000322186 }, "geometry": { "type": "Polygon", "coordinates": [ [ [ -70.658199977999971, -33.399677915999973 ], [ -70.659822777999977, -33.399466853999968 ], [ -70.661055445999978, -33.399366088999948 ], [ -70.666485528999942, -33.398952906999952 ], [ -70.666778165999972, -33.398953204999934 ], [ -70.66804093199994, -33.399075523999954 ], [ -70.668154916999981, -33.399115959999961 ], [ -70.667636586999947, -33.399578140999942 ], [ -70.670300102999988, -33.399755394999936 ], [ -70.672103729999947, -33.399869622999972 ], [ -70.672184515999959, -33.39970752399995 ], [ -70.672611127999971, -33.399854454999968 ], [ -70.673549200999958, -33.400204710999958 ], [ -70.674744385999986, -33.400638042999958 ], [ -70.675596264999967, -33.40094341799994 ], [ -70.676928565999958, -33.40142511199997 ], [ -70.678157986999963, -33.401877633999959 ], [ -70.679036831999952, -33.402194583999965 ], [ -70.679939945999934, -33.402481708999964 ], [ -70.680801271999954, -33.402724818999964 ], [ -70.681872857999977, -33.403030893999976 ], [ -70.682487782999942, -33.402037179999979 ], [ -70.683056948999933, -33.401071403999921 ], [ -70.68385524699994, -33.39972916399995 ], [ -70.684627125999953, -33.39845018799997 ], [ -70.68538426899994, -33.397197264999932 ], [ -70.686335100999941, -33.395604823999975 ], [ -70.68665, -33.395100000999946 ], [ -70.687514906999979, -33.393647464999951 ], [ -70.687937295999973, -33.392934540999931 ], [ -70.688761261999957, -33.391553481999942 ], [ -70.688894287999972, -33.391383565999938 ], [ -70.689280051999958, -33.390649024999945 ], [ -70.690249129999984, -33.388481808999984 ], [ -70.690937816999963, -33.386923816999968 ], [ -70.691686394, -33.385262108999932 ], [ -70.691833905999943, -33.384934659999935 ], [ -70.692499978999933, -33.383472968999961 ], [ -70.693433738999943, -33.381411182999948 ], [ -70.693487381999944, -33.381292208999987 ], [ -70.694152059999965, -33.379817985999971 ], [ -70.694960723999941, -33.377997837999942 ], [ -70.695676842999944, -33.376365711999931 ], [ -70.696565722999935, -33.374373202999948 ], [ -70.697499618999984, -33.372312480999938 ], [ -70.698103042999946, -33.370998607999979 ], [ -70.698523299999977, -33.370047843999949 ], [ -70.699180818999935, -33.368602975999963 ], [ -70.700187447999951, -33.366371403999949 ], [ -70.700257778999969, -33.366192971999965 ], [ -70.699937399999953, -33.366105351999977 ], [ -70.699467084999981, -33.366019479999977 ], [ -70.698748543999955, -33.365956712999939 ], [ -70.697331897999959, -33.365879679999964 ], [ -70.696745935999957, -33.365868207999938 ], [ -70.694540597999946, -33.36586718999996 ], [ -70.692064830999982, -33.365994226999923 ], [ -70.691046860999961, -33.366070431999944 ], [ -70.689946202999977, -33.36614727999995 ], [ -70.68889326, -33.366227641999956 ], [ -70.687763244999985, -33.366309648999966 ], [ -70.684867044999976, -33.366528175999981 ], [ -70.683931103999953, -33.366607116999951 ], [ -70.683189351999943, -33.366706168999933 ], [ -70.682273282999972, -33.366891884999973 ], [ -70.681205478999971, -33.367238242999967 ], [ -70.677804701999946, -33.368514695999984 ], [ -70.676201395999954, -33.369113097999971 ], [ -70.673720187999947, -33.370055198999985 ], [ -70.672437719999948, -33.370560473999944 ], [ -70.671897369999954, -33.370772752999983 ], [ -70.671220261999963, -33.371035388999921 ], [ -70.668625875999965, -33.371958375999952 ], [ -70.665549096999939, -33.373099847999981 ], [ -70.664518746999988, -33.373493717999963 ], [ -70.662637236999956, -33.374201222999957 ], [ -70.660916735999933, -33.374850693999974 ], [ -70.660112329999947, -33.375163549999961 ], [ -70.65898501199996, -33.375583041999953 ], [ -70.657947123999975, -33.375972182999931 ], [ -70.656760334999944, -33.376408943999934 ], [ -70.657130872999986, -33.377062248999955 ], [ -70.657258844999944, -33.377280229999947 ], [ -70.657594339999946, -33.37794049699994 ], [ -70.657694596999988, -33.378204875999984 ], [ -70.65773543499995, -33.378439121999968 ], [ -70.657733137999969, -33.378904183999971 ], [ -70.65764870199996, -33.380640031999974 ], [ -70.657603488999939, -33.381566872999947 ], [ -70.657529067999974, -33.383107726999981 ], [ -70.657336820999944, -33.384344208999948 ], [ -70.657252641999946, -33.384945018999929 ], [ -70.657212447999939, -33.385224857999944 ], [ -70.657156579999949, -33.386249763999949 ], [ -70.657148828999937, -33.386365223999967 ], [ -70.65717574599995, -33.386779497999946 ], [ -70.657238353999958, -33.38729249599993 ], [ -70.657424597999977, -33.388642298999976 ], [ -70.657415690999983, -33.389548303999959 ], [ -70.657354918999943, -33.390440151999933 ], [ -70.657303917999968, -33.391166984999977 ], [ -70.657220177999989, -33.391945466999978 ], [ -70.657204453999952, -33.392945169999962 ], [ -70.657233110999982, -33.393185624999937 ], [ -70.657266576999973, -33.393315377999947 ], [ -70.657414955999968, -33.393926766999975 ], [ -70.657486076999987, -33.394224077999979 ], [ -70.65754422599997, -33.394563271999964 ], [ -70.657618039999988, -33.395076159999974 ], [ -70.65767, -33.39561 ], [ -70.65775, -33.396480000999937 ], [ -70.65775935399995, -33.397433235999983 ], [ -70.657795857999986, -33.397928706999949 ], [ -70.65788443699995, -33.398509744999956 ], [ -70.658199977999971, -33.399677915999973 ] ] ] } },
{ "type": "Feature", "properties": { "OA_ID": "13109", "REGION": "Metropolitana de Santiago", "PROVINCIA": "Santiago", "COMUNA": "La Cisterna", "area_km2": 10.010007645756929 }, "geometry": { "type": "Polygon", "coordinates": [ [ [ -70.653498777999971, -33.548760485999921 ], [ -70.654674381999939, -33.548573426999937 ], [ -70.655759935999981, -33.548384608999967 ], [ -70.656848073999981, -33.548220280999935 ], [ -70.656797112999982, -33.548025289999941 ], [ -70.658135013999981, -33.547802174999958 ], [ -70.659132781999972, -33.547644688999981 ], [ -70.660458687999949, -33.547420755999937 ], [ -70.66157315199996, -33.547226848999976 ], [ -70.663129414999958, -33.54697975299996 ], [ -70.664058238999985, -33.546824106999964 ], [ -70.664743234999946, -33.54670322999992 ], [ -70.665578426999957, -33.546568875999974 ], [ -70.666650986999969, -33.546419866999948 ], [ -70.666781941999943, -33.546383744999957 ], [ -70.668138519999957, -33.545625613999952 ], [ -70.668302632999939, -33.545411742999939 ], [ -70.671355802999983, -33.54427055799993 ], [ -70.673453515999938, -33.543502059999973 ], [ -70.674946316999979, -33.54295074799996 ], [ -70.675601623999967, -33.542711388999969 ], [ -70.676665969999988, -33.542317597999947 ], [ -70.677267070999974, -33.542104732999974 ], [ -70.677786431999948, -33.541908720999963 ], [ -70.679522031999966, -33.541277224999916 ], [ -70.680578222999941, -33.54089090799993 ], [ -70.680989998999962, -33.540740000999953 ], [ -70.68113, -33.540690000999966 ], [ -70.683353435999948, -33.53985918099994 ], [ -70.684759198999984, -33.539355215999926 ], [ -70.685404303999974, -33.539130403999927 ], [ -70.685141641999962, -33.538624655999975 ], [ -70.684295057999975, -33.537049940999964 ], [ -70.682876485999941, -33.534421685999966 ], [ -70.682424760999936, -33.533576486999941 ], [ -70.682079354999985, -33.532924542999979 ], [ -70.681556809999961, -33.531952410999956 ], [ -70.680819054999972, -33.530576616999952 ], [ -70.680306280999972, -33.529636795999984 ], [ -70.679802559999985, -33.528693032999961 ], [ -70.679131464999955, -33.527461393999943 ], [ -70.678591746999984, -33.526422670999978 ], [ -70.677977870999953, -33.525201702999944 ], [ -70.677666453999962, -33.524535921999984 ], [ -70.677137133999963, -33.523443602999976 ], [ -70.676608011999974, -33.522360823999968 ], [ -70.676121497999986, -33.521359544999946 ], [ -70.675871996999945, -33.520830355999976 ], [ -70.675285835999944, -33.519624267999973 ], [ -70.674654491999945, -33.518319526999953 ], [ -70.674428895999952, -33.51784727699993 ], [ -70.674096513999984, -33.517155044999981 ], [ -70.673685610999939, -33.516290168999937 ], [ -70.67322724099995, -33.515326672999947 ], [ -70.672841966999954, -33.514490079999973 ], [ -70.672426606999977, -33.513629076999955 ], [ -70.671977965999986, -33.51269598499993 ], [ -70.671759527999939, -33.512238903999958 ], [ -70.671351868999977, -33.511421695999942 ], [ -70.671029621999935, -33.510750345999945 ], [ -70.670195584999988, -33.511030264999917 ], [ -70.669340912999985, -33.511281585999939 ], [ -70.66843739899997, -33.511548471999959 ], [ -70.666988100999959, -33.511984949999949 ], [ -70.666311312999937, -33.512192696999932 ], [ -70.665670645999967, -33.512390408999977 ], [ -70.664948573999936, -33.512613669999944 ], [ -70.664266699999985, -33.512816701999945 ], [ -70.662911566999981, -33.513226813999943 ], [ -70.662365780999949, -33.513396988999943 ], [ -70.661403678999989, -33.513693242999977 ], [ -70.660847173999983, -33.513861765999941 ], [ -70.660404605999986, -33.513992968999958 ], [ -70.659372302999941, -33.514305657999955 ], [ -70.658074742999986, -33.514712559999964 ], [ -70.657029707999982, -33.514918623999961 ], [ -70.65574000099997, -33.51517 ], [ -70.653530942999964, -33.515607566999954 ], [ -70.652831292999963, -33.515743658999945 ], [ -70.651267995999959, -33.516051608999931 ], [ -70.649033031999977, -33.516489581999963 ], [ -70.648202178999952, -33.516652460999971 ], [ -70.647670357999971, -33.516756717999939 ], [ -70.647184888999959, -33.51685433899997 ], [ -70.646529414999975, -33.516981431999966 ], [ -70.64551, -33.517190000999967 ], [ -70.64462277299998, -33.517365893999958 ], [ -70.644672863999972, -33.517588549999971 ], [ -70.644783222999934, -33.518001065999947 ], [ -70.644995988999938, -33.518782060999968 ], [ -70.645076766999978, -33.519061349999951 ], [ -70.645287052999947, -33.519786304999968 ], [ -70.645519198999978, -33.520612375999981 ], [ -70.645701826999982, -33.521305484999964 ], [ -70.646001677999948, -33.52232153999995 ], [ -70.64630323199998, -33.523276726999939 ], [ -70.646476061999977, -33.523827994999969 ], [ -70.646663587999967, -33.524478087999981 ], [ -70.646894630999952, -33.525244518999948 ], [ -70.64709434699995, -33.525936204999944 ], [ -70.647182915999963, -33.526325146999966 ], [ -70.647369119999951, -33.526980027999969 ], [ -70.647548588999939, -33.527580119999982 ], [ -70.647653958999967, -33.528028488999951 ], [ -70.647719403999986, -33.528249521999953 ], [ -70.647772392999968, -33.528339486999975 ], [ -70.647837292999952, -33.528381571999944 ], [ -70.647896292999974, -33.528412997999958 ], [ -70.647930088999942, -33.528467427999942 ], [ -70.647942318999981, -33.528511406999932 ], [ -70.647968542999934, -33.528617237999981 ], [ -70.648127991999957, -33.529212821999977 ], [ -70.648453428999971, -33.530372884999963 ], [ -70.648722398999951, -33.531334461999961 ], [ -70.648912422999956, -33.531964235999972 ], [ -70.649151220999954, -33.532836736999961 ], [ -70.649364339999977, -33.533632032999947 ], [ -70.649696952999989, -33.534718027999922 ], [ -70.649884914999973, -33.53538838999998 ], [ -70.650147291999986, -33.536301136999953 ], [ -70.650506001999986, -33.537559769999966 ], [ -70.650730558999953, -33.538280941999965 ], [ -70.651044456999955, -33.539204929999975 ], [ -70.65127843099998, -33.540041651999964 ], [ -70.65092, -33.5401 ], [ -70.65095669699997, -33.540358562999984 ], [ -70.650972514999978, -33.540590991999977 ], [ -70.651141557999949, -33.541314095999958 ], [ -70.651346463999971, -33.542049845999948 ], [ -70.65159508399995, -33.54291147199995 ], [ -70.651863684999967, -33.543924343999947 ], [ -70.65213, -33.544880000999953 ], [ -70.652395792999982, -33.544844082999923 ], [ -70.652490403999934, -33.54515575399995 ], [ -70.652835998999933, -33.546364525999934 ], [ -70.653114917999972, -33.547380044999947 ], [ -70.653166486999964, -33.547573497999956 ], [ -70.653367482999954, -33.548334717999971 ], [ -70.653498777999971, -33.548760485999921 ] ] ] } },
{ "type": "Feature", "properties": { "OA_ID": "13106", "REGION": "Metropolitana de Santiago", "PROVINCIA": "Santiago", "COMUNA": "Estación Central", "area_km2": 14.376401557685583 }, "geometry": { "type": "Polygon", "coordinates": [ [ [ -70.692039039999941, -33.444474803999981 ], [ -70.690140218999943, -33.444387973999937 ], [ -70.686867056999972, -33.444226809999975 ], [ -70.683678105999945, -33.444073682999935 ], [ -70.680554110999935, -33.443927921999943 ], [ -70.679770000999952, -33.443840000999955 ], [ -70.679576051999959, -33.443841203999966 ], [ -70.679501407999965, -33.444857762999952 ], [ -70.679243929999984, -33.447861816999925 ], [ -70.679096572999981, -33.449657606999949 ], [ -70.679031164999969, -33.450722320999951 ], [ -70.677893565999966, -33.450458572999935 ], [ -70.677832484999954, -33.450981917999975 ], [ -70.677828890999933, -33.451225292999929 ], [ -70.677904399999989, -33.451881363999959 ], [ -70.678026464999959, -33.453822635999977 ], [ -70.678147101999969, -33.455237733999979 ], [ -70.678270353999949, -33.457405721999976 ], [ -70.678407412999945, -33.459140722999962 ], [ -70.678505593999944, -33.460562425999974 ], [ -70.678617604999943, -33.461801061999942 ], [ -70.678679880999937, -33.462720728999948 ], [ -70.67876429599994, -33.463816080999948 ], [ -70.678830264999988, -33.464912159999983 ], [ -70.678937043999952, -33.466553794999967 ], [ -70.679087996999954, -33.46904724299997 ], [ -70.679138798999986, -33.469381157999983 ], [ -70.679188766999971, -33.469548844999963 ], [ -70.679740694999964, -33.470390714999944 ], [ -70.679843710999933, -33.470491928999927 ], [ -70.67984722999995, -33.470527102999938 ], [ -70.679838871999948, -33.470572500999928 ], [ -70.679809250999938, -33.470624577999956 ], [ -70.679761824999957, -33.470673614999946 ], [ -70.679253009999968, -33.470671049999972 ], [ -70.67724717699997, -33.470652418999961 ], [ -70.675178369, -33.470633899999939 ], [ -70.672943390999933, -33.470632058999968 ], [ -70.672916705999967, -33.471835052999957 ], [ -70.672912532999987, -33.472666072999964 ], [ -70.672912728999961, -33.472734608999922 ], [ -70.672916118999979, -33.473920206999928 ], [ -70.672878547999971, -33.474882497999943 ], [ -70.672852430999967, -33.475034972999943 ], [ -70.672747793999974, -33.475254661999934 ], [ -70.672595359999946, -33.475503592999928 ], [ -70.672442763999982, -33.475619322999933 ], [ -70.67208211599997, -33.475744890999977 ], [ -70.671736234999969, -33.475894864999923 ], [ -70.671732962999954, -33.476247106999949 ], [ -70.671844462999957, -33.476265367999929 ], [ -70.67233906099996, -33.476444806999943 ], [ -70.672911896999949, -33.476472865999952 ], [ -70.673774251999987, -33.476454061999959 ], [ -70.674544874999981, -33.476551023999946 ], [ -70.675597578999941, -33.476658481999941 ], [ -70.676246997999954, -33.476671173999932 ], [ -70.677373663999958, -33.476627294999957 ], [ -70.67798768199998, -33.476576031999969 ], [ -70.678934463999951, -33.47650594199996 ], [ -70.679942539999956, -33.476513753999932 ], [ -70.680681806999985, -33.476510421999926 ], [ -70.680703608999977, -33.476510323999946 ], [ -70.68292626799996, -33.476476715999986 ], [ -70.683305015999963, -33.476406431999976 ], [ -70.68381266199998, -33.47628786699994 ], [ -70.684583736999969, -33.476054768 ], [ -70.684894567999947, -33.476006160999923 ], [ -70.685404030999962, -33.476025717999953 ], [ -70.685851189999937, -33.476091932999964 ], [ -70.686244951999981, -33.476179631999969 ], [ -70.686421793999955, -33.476225184999976 ], [ -70.686541412999986, -33.476267759999971 ], [ -70.686875068999939, -33.476386515999927 ], [ -70.687425681999969, -33.476545803999954 ], [ -70.687912166999979, -33.476701668999972 ], [ -70.688419800999952, -33.476890886999961 ], [ -70.688768768999978, -33.477002808999941 ], [ -70.68911709799994, -33.47708181199993 ], [ -70.689460761999953, -33.477096453999927 ], [ -70.690045599999962, -33.477038371999981 ], [ -70.690427218999957, -33.477028154999978 ], [ -70.690602848999958, -33.477055107999945 ], [ -70.690785373999972, -33.477129209999937 ], [ -70.691024949999985, -33.477281987999966 ], [ -70.691514, -33.477613177999949 ], [ -70.69187, -33.477820001999923 ], [ -70.692012346999945, -33.477878817999958 ], [ -70.692094611999948, -33.47790875699998 ], [ -70.692219555999941, -33.47795 ], [ -70.692328456999974, -33.477967898999957 ], [ -70.692758529999949, -33.478047921999966 ], [ -70.693639068999971, -33.478231545999961 ], [ -70.694872739999937, -33.478491459999923 ], [ -70.695822138999972, -33.478701565999977 ], [ -70.696972456999958, -33.478920842999969 ], [ -70.697635393999974, -33.479041801999969 ], [ -70.697963442999935, -33.479145871999947 ], [ -70.698527704999947, -33.479389866999952 ], [ -70.698711959999969, -33.47942074499997 ], [ -70.69914463899994, -33.479414812999941 ], [ -70.699549829999967, -33.479459362999926 ], [ -70.700748369999985, -33.479741173999962 ], [ -70.702374371999952, -33.480040960999922 ], [ -70.70433868799995, -33.480458954999953 ], [ -70.705150369999956, -33.480613616999953 ], [ -70.705926541999986, -33.480772342999941 ], [ -70.706734469999958, -33.480880518999982 ], [ -70.70732989399994, -33.480957854999929 ], [ -70.707832402999941, -33.480966796999944 ], [ -70.708158010999966, -33.480945605999985 ], [ -70.708942207999939, -33.480830049999945 ], [ -70.709282946999963, -33.480811983999956 ], [ -70.709602374999974, -33.480838594999966 ], [ -70.709939562999978, -33.480899557999976 ], [ -70.710437919999947, -33.481047772999943 ], [ -70.711077801999977, -33.481297822999977 ], [ -70.711275414999989, -33.481355937999986 ], [ -70.71142, -33.48132 ], [ -70.711470540999983, -33.481287626999979 ], [ -70.711534417999985, -33.481205618999979 ], [ -70.711606677999953, -33.481187918999971 ], [ -70.711763170999973, -33.481182177999983 ], [ -70.711932871999977, -33.481196535999956 ], [ -70.71227, -33.481210000999958 ], [ -70.712414988999967, -33.481206575999977 ], [ -70.712509951999948, -33.481184981999945 ], [ -70.712566319999951, -33.481155569999927 ], [ -70.712620678999954, -33.481096360999963 ], [ -70.712720784999988, -33.480974481999965 ], [ -70.712917077, -33.480798575999977 ], [ -70.713119623999944, -33.480626619999953 ], [ -70.713275275999933, -33.480502730999945 ], [ -70.713452707999977, -33.480403642999924 ], [ -70.713599390999946, -33.480333611999981 ], [ -70.713688188999981, -33.480288242999961 ], [ -70.713728665999952, -33.480247119999937 ], [ -70.713796292999973, -33.48013881299994 ], [ -70.713850897999976, -33.480019947999949 ], [ -70.713903032999951, -33.479920206999957 ], [ -70.714071570999977, -33.479803344999944 ], [ -70.714295616999948, -33.479685715999942 ], [ -70.714503746999981, -33.479555182999945 ], [ -70.714858029999959, -33.479255603999938 ], [ -70.715218472999936, -33.478979799999927 ], [ -70.715431846999934, -33.478826524999931 ], [ -70.715636844999949, -33.478681717999955 ], [ -70.715892749999966, -33.478519501999983 ], [ -70.716128469999944, -33.478344442999962 ], [ -70.716300353999941, -33.478181003999964 ], [ -70.716422470999987, -33.478020640999937 ], [ -70.716589119999981, -33.477808360999965 ], [ -70.716747358999953, -33.477674936999961 ], [ -70.717011573999969, -33.477429092999955 ], [ -70.717324800999961, -33.477142005999937 ], [ -70.717516629999977, -33.47697948299998 ], [ -70.717721454999946, -33.476826322999955 ], [ -70.717945097999973, -33.476616829999955 ], [ -70.718226950999977, -33.476399371999939 ], [ -70.718386125999984, -33.476313652999977 ], [ -70.71853854799997, -33.476174341999979 ], [ -70.718710588999954, -33.47601924899994 ], [ -70.719091293999952, -33.475689466999938 ], [ -70.719391840999947, -33.475409708999962 ], [ -70.719612800999982, -33.475208360999943 ], [ -70.71976796499996, -33.475064478999961 ], [ -70.719976390999989, -33.474877860999982 ], [ -70.720072932999983, -33.474770699999958 ], [ -70.720176088999949, -33.474681819999944 ], [ -70.720341667999946, -33.474560218999954 ], [ -70.720433019999973, -33.474500492999944 ], [ -70.720627989999969, -33.474353429999958 ], [ -70.720726315999983, -33.474286448999976 ], [ -70.720815842999968, -33.474206465999941 ], [ -70.721535467999956, -33.47359518899998 ], [ -70.721986673999936, -33.473210360999921 ], [ -70.722156723999944, -33.473065324999929 ], [ -70.722331249999968, -33.472948251999973 ], [ -70.722458373999984, -33.472888554999948 ], [ -70.722713948999967, -33.472821243999924 ], [ -70.72306214799994, -33.472720483999971 ], [ -70.723492035999982, -33.472604270999966 ], [ -70.723873990999948, -33.472482995999925 ], [ -70.724152280999988, -33.472388931999937 ], [ -70.724352636999981, -33.472327447999923 ], [ -70.724838395999953, -33.472186114999943 ], [ -70.725082669999949, -33.472099680999982 ], [ -70.725397705999967, -33.471963585999958 ], [ -70.725613885999962, -33.471881835999973 ], [ -70.725966615999937, -33.47179460499995 ], [ -70.72627721899994, -33.471736592999939 ], [ -70.726485497999988, -33.471687163999945 ], [ -70.726701817999981, -33.471612568999944 ], [ -70.72693101699997, -33.47154137299998 ], [ -70.72880238099998, -33.470939051999949 ], [ -70.729515084999946, -33.470700047999962 ], [ -70.730325694999976, -33.470445355999971 ], [ -70.731310986999972, -33.470170323999973 ], [ -70.732834984999954, -33.469712378999922 ], [ -70.733627980999984, -33.469443972999947 ], [ -70.733268803999977, -33.469194506999933 ], [ -70.732257331999961, -33.468582314999921 ], [ -70.731436281999947, -33.468096300999953 ], [ -70.731426859999942, -33.466334343999961 ], [ -70.731383497999957, -33.463008813999977 ], [ -70.731378563999954, -33.462044922999944 ], [ -70.731385820999947, -33.461121424999916 ], [ -70.731372161999957, -33.459575461999968 ], [ -70.731365997999944, -33.458120063999957 ], [ -70.73135435599994, -33.456890222999952 ], [ -70.731344709999973, -33.45589892299995 ], [ -70.731268609999972, -33.454925088999971 ], [ -70.729487329999984, -33.455262497999968 ], [ -70.728139355999986, -33.455518531999921 ], [ -70.725605720999965, -33.456005549999922 ], [ -70.721283916999937, -33.456842338999927 ], [ -70.718696062999982, -33.457336469 ], [ -70.717452287999947, -33.457571443999946 ], [ -70.714428123999937, -33.458159274999964 ], [ -70.713791007999987, -33.458291576999954 ], [ -70.713025597999945, -33.458406150999963 ], [ -70.711560196999983, -33.458413396999958 ], [ -70.71019999899994, -33.458260000999935 ], [ -70.71009, -33.458230000999933 ], [ -70.709229705999974, -33.458000335999934 ], [ -70.708684447999985, -33.457874611999948 ], [ -70.707395047999967, -33.457564151999975 ], [ -70.706861166999943, -33.457425264999976 ], [ -70.706300729999953, -33.45731598899993 ], [ -70.705572479999944, -33.457150523999921 ], [ -70.705672619999973, -33.456113924999954 ], [ -70.705923525999935, -33.454487364999977 ], [ -70.706264473999966, -33.452497049999963 ], [ -70.706342039999981, -33.452102757999967 ], [ -70.706456014999958, -33.451785958999949 ], [ -70.706673799999976, -33.45122724699997 ], [ -70.706859040999973, -33.450392749999935 ], [ -70.706934628999988, -33.449897740999972 ], [ -70.707102471999974, -33.44878647899997 ], [ -70.70661156999995, -33.448747425999954 ], [ -70.705770886999971, -33.448637307999945 ], [ -70.705680117999975, -33.448624240999948 ], [ -70.705416432999982, -33.44858921499997 ], [ -70.704247272999964, -33.448449245999917 ], [ -70.702728450999984, -33.448243918999928 ], [ -70.700468659999956, -33.447961408999937 ], [ -70.699196739999934, -33.447805621999983 ], [ -70.698274149999975, -33.447698006999921 ], [ -70.69763538899997, -33.447695302999925 ], [ -70.696770000999948, -33.44774000099995 ], [ -70.696214416999965, -33.447777745999936 ], [ -70.694808472999966, -33.447842787999953 ], [ -70.694138021999947, -33.44787915399997 ], [ -70.693587027999968, -33.447911019999921 ], [ -70.692863676999934, -33.447949532999914 ], [ -70.692252813999971, -33.447976484999963 ], [ -70.692137122999952, -33.446592238999976 ], [ -70.692046326999957, -33.445346520999976 ], [ -70.692039039999941, -33.444474803999981 ] ] ] } },
{ "type": "Feature", "properties": { "OA_ID": "13115", "REGION": "Metropolitana de Santiago", "PROVINCIA": "Santiago", "COMUNA": "Lo Barnechea", "area_km2": 1024.0222755170164 }, "geometry": { "type": "Polygon", "coordinates": [ [ [ -70.499092627999971, -33.36714363699997 ], [ -70.499423910999951, -33.367225537999957 ], [ -70.499779167999975, -33.367378733999935 ], [ -70.500398621999977, -33.367681450999946 ], [ -70.500897681999959, -33.367928351999971 ], [ -70.50163721499996, -33.368267789999948 ], [ -70.502531681999983, -33.368686476999969 ], [ -70.503271062999943, -33.369016360999971 ], [ -70.503919136999968, -33.369328257999939 ], [ -70.504732781999962, -33.369676322999958 ], [ -70.50541960299995, -33.369925701999925 ], [ -70.505922402999943, -33.370058000999954 ], [ -70.506816752999953, -33.370137820999958 ], [ -70.508137924999971, -33.370231537999985 ], [ -70.508855912999934, -33.370308713999968 ], [ -70.509351878999951, -33.370374268999953 ], [ -70.510087669999962, -33.370494172999948 ], [ -70.511165894999976, -33.370681487999938 ], [ -70.511950093999985, -33.370807608999939 ], [ -70.512432781999962, -33.370935709999969 ], [ -70.513002919999963, -33.371091452999963 ], [ -70.514190493999934, -33.371499250999925 ], [ -70.515708186999973, -33.371950856999938 ], [ -70.516635273999952, -33.372299606999931 ], [ -70.517601935999949, -33.372685375999922 ], [ -70.517631783999946, -33.372698802999935 ], [ -70.518258112999945, -33.371681281999933 ], [ -70.519088035999971, -33.370779850999959 ], [ -70.519675183999937, -33.37018731899996 ], [ -70.520012862999977, -33.369844702999956 ], [ -70.52008499599998, -33.369769617999971 ], [ -70.520136230999981, -33.369717451999968 ], [ -70.520250787999942, -33.369628827999968 ], [ -70.520718384999952, -33.369459947999914 ], [ -70.521155949999979, -33.369403478999978 ], [ -70.521629872999938, -33.369336340999951 ], [ -70.522018719999949, -33.369280466999939 ], [ -70.522480106999978, -33.369193036999945 ], [ -70.522955274999958, -33.369197428999939 ], [ -70.523989617999973, -33.36913362599995 ], [ -70.525361960999987, -33.369237713999937 ], [ -70.526410203999944, -33.369625171999921 ], [ -70.528200506999951, -33.370018981999976 ], [ -70.528645182999981, -33.370112709999944 ], [ -70.528948844999945, -33.370243108999929 ], [ -70.529321783999933, -33.370388459999951 ], [ -70.529765968999982, -33.370473171999947 ], [ -70.530073376999951, -33.37057309599993 ], [ -70.530455496999934, -33.370604457999939 ], [ -70.53094363699995, -33.37057138299997 ], [ -70.531494710999937, -33.370641240999923 ], [ -70.532456494999963, -33.370552361999955 ], [ -70.533353826999985, -33.370428896999947 ], [ -70.534253497999941, -33.370323238999951 ], [ -70.536030554999968, -33.370429722999965 ], [ -70.537319427999932, -33.370375778999978 ], [ -70.537952553999958, -33.370442792999945 ], [ -70.538659955999947, -33.370481304999949 ], [ -70.538912725999978, -33.370463808999929 ], [ -70.539476314999945, -33.370366634999968 ], [ -70.54030282399998, -33.370007403999971 ], [ -70.541195542999958, -33.369535637999945 ], [ -70.542675462999966, -33.36909028499997 ], [ -70.543477554999981, -33.368615011999964 ], [ -70.544237622999958, -33.368176048999942 ], [ -70.546548557999984, -33.36578480299994 ], [ -70.547003225999958, -33.365263637999924 ], [ -70.547093600999972, -33.365128650999964 ], [ -70.549180563999982, -33.36306772599994 ], [ -70.549683418999962, -33.36256035599996 ], [ -70.550099709999984, -33.361982479999938 ], [ -70.550815773999943, -33.361472441999979 ], [ -70.551739329999975, -33.360637674999957 ], [ -70.553296792999959, -33.359472839999967 ], [ -70.554128282999955, -33.358932890999938 ], [ -70.55489425199994, -33.358643872999949 ], [ -70.555720923999957, -33.358201005999945 ], [ -70.556898458999967, -33.358015780999956 ], [ -70.558021119999978, -33.358075228999951 ], [ -70.558969094999952, -33.358166273999977 ], [ -70.559993877999943, -33.358208757999925 ], [ -70.560449246999951, -33.358057198999965 ], [ -70.560827214999961, -33.357947529999933 ], [ -70.561347755999975, -33.357796675999964 ], [ -70.561559689999967, -33.357703823999941 ], [ -70.562058865999973, -33.35760151899995 ], [ -70.562738407999973, -33.357265896999927 ], [ -70.563293029999954, -33.356920661999936 ], [ -70.564002703999961, -33.356426404999986 ], [ -70.564815913999951, -33.35584259999996 ], [ -70.565768487999947, -33.355212911999956 ], [ -70.566323874999966, -33.354911772999962 ], [ -70.56711, -33.35481 ], [ -70.567214116999935, -33.35482216999997 ], [ -70.567696812999941, -33.35489618999997 ], [ -70.56821470899996, -33.355028113999921 ], [ -70.568906939999977, -33.355214684999964 ], [ -70.569456849999938, -33.355436804999954 ], [ -70.570348146999947, -33.355668920999953 ], [ -70.570997056999943, -33.355703660999957 ], [ -70.571514090999983, -33.355629737999941 ], [ -70.572134250999966, -33.355494852999975 ], [ -70.572900016999938, -33.355170748999974 ], [ -70.573374310999952, -33.354794079999976 ], [ -70.574339056999975, -33.354020122999927 ], [ -70.574800068999934, -33.353572807999981 ], [ -70.57523430599997, -33.353097214999927 ], [ -70.575916677999942, -33.35264229999995 ], [ -70.576433626999972, -33.35231145299997 ], [ -70.57691, -33.35217 ], [ -70.577343456999984, -33.351959926999939 ], [ -70.577901760999964, -33.351835859999944 ], [ -70.578480743999933, -33.351691114999937 ], [ -70.579018369999972, -33.351649757999965 ], [ -70.579473285999939, -33.351608401999947 ], [ -70.579845488999979, -33.351505012999944 ], [ -70.580202742999973, -33.351348202999922 ], [ -70.580734640999935, -33.351112131999976 ], [ -70.581620931999964, -33.350768758999948 ], [ -70.58233, -33.35069 ], [ -70.58264952899998, -33.350334728999933 ], [ -70.58343522499996, -33.349876405999971 ], [ -70.584384606999947, -33.349057973999933 ], [ -70.584977787999946, -33.348576951999959 ], [ -70.585589331999984, -33.348023649999952 ], [ -70.585938785999986, -33.347470346999962 ], [ -70.586381582999934, -33.347093735999977 ], [ -70.58679625799995, -33.346744807999976 ], [ -70.586991417999968, -33.346580590999956 ], [ -70.587158369999941, -33.346440108999957 ], [ -70.58774565799996, -33.345902875999961 ], [ -70.587977140999953, -33.345499041999972 ], [ -70.58845923399997, -33.34480566499996 ], [ -70.588627560999953, -33.344616560999945 ], [ -70.588672047999978, -33.34456658299996 ], [ -70.588797627999952, -33.344425501999979 ], [ -70.58903330399994, -33.343623579999935 ], [ -70.589426150999941, -33.342445036999948 ], [ -70.589786261999961, -33.34133196899996 ], [ -70.590113634999966, -33.340382586999965 ], [ -70.590342795999959, -33.339400467999937 ], [ -70.590702905999933, -33.339040356999931 ], [ -70.591357651999942, -33.338778458999975 ], [ -70.592110610999953, -33.338549297999982 ], [ -70.592798093999988, -33.338189186999948 ], [ -70.593452839999941, -33.337960026999937 ], [ -70.594304009999973, -33.337829076999981 ], [ -70.594958755999983, -33.337665390999973 ], [ -70.595482552999954, -33.337174330999964 ], [ -70.595627501999957, -33.336954749999954 ], [ -70.595752125999979, -33.336765958999919 ], [ -70.595888477999949, -33.336559400999938 ], [ -70.595897485999956, -33.336545755999957 ], [ -70.595042276999948, -33.336102755999939 ], [ -70.594464440999957, -33.335585744999939 ], [ -70.593914982999934, -33.33463000099993 ], [ -70.593552068999941, -33.333913062999947 ], [ -70.593324982999945, -33.332980001999935 ], [ -70.593491243999949, -33.33214914399997 ], [ -70.594374983999955, -33.331070001999926 ], [ -70.594894982999961, -33.330550001999931 ], [ -70.59558498399997, -33.329100001999961 ], [ -70.59671495799995, -33.327800170999964 ], [ -70.597444855999981, -33.326766147999933 ], [ -70.598022692999962, -33.325792951999965 ], [ -70.598843826999939, -33.324241918999974 ], [ -70.599604135999982, -33.321352740999941 ], [ -70.600303621999956, -33.318980572999983 ], [ -70.600334033999957, -33.317885726999975 ], [ -70.600514983999972, -33.316950001999949 ], [ -70.601464982999971, -33.31502000099993 ], [ -70.602994983999963, -33.312710000999971 ], [ -70.603914983999971, -33.311840001999947 ], [ -70.60441498299997, -33.311020000999974 ], [ -70.604560647999961, -33.310601112999962 ], [ -70.604549227999939, -33.310212826999923 ], [ -70.604275143999985, -33.310110045999963 ], [ -70.603875437999989, -33.310075783999942 ], [ -70.603213067999945, -33.309870221999965 ], [ -70.602813361999949, -33.309573296999929 ], [ -70.602539277999938, -33.309287792999946 ], [ -70.602253773999962, -33.309036549999973 ], [ -70.601945428999954, -33.308682524999931 ], [ -70.601637084999936, -33.308385598999962 ], [ -70.601334983999948, -33.308130000999931 ], [ -70.600544982999963, -33.307960001999952 ], [ -70.598714983999969, -33.308020001999971 ], [ -70.597324982999965, -33.307840000999931 ], [ -70.596454982999944, -33.307510001999951 ], [ -70.595604982999987, -33.306600001999975 ], [ -70.594364983999981, -33.305610001999987 ], [ -70.593764983999961, -33.305310001999942 ], [ -70.592426810999939, -33.304625919999971 ], [ -70.591788148999967, -33.30416973399997 ], [ -70.591605674999983, -33.303439835999939 ], [ -70.591727324999965, -33.302649113999955 ], [ -70.592244335999965, -33.301980040999965 ], [ -70.592670108999982, -33.301310967999932 ], [ -70.592949508999936, -33.30067381199995 ], [ -70.592924130999961, -33.299963225999925 ], [ -70.592391188999954, -33.299100367999984 ], [ -70.591254983999988, -33.298150001999943 ], [ -70.590580879999948, -33.297357734999935 ], [ -70.589193541999975, -33.296477958999951 ], [ -70.587332477999951, -33.29566585799995 ], [ -70.586621888999971, -33.295395157999963 ], [ -70.585843625999985, -33.294887594999963 ], [ -70.585099199999945, -33.294346193999957 ], [ -70.58358498399997, -33.293280001999953 ], [ -70.582014982999965, -33.292460002999974 ], [ -70.581454982999958, -33.291550000999948 ], [ -70.580194982999956, -33.290010000999985 ], [ -70.579634982999949, -33.289040001999979 ], [ -70.578285042999937, -33.287838273999952 ], [ -70.576494982999975, -33.286810001999982 ], [ -70.574534983999968, -33.285020001999939 ], [ -70.573692770999969, -33.28370218699996 ], [ -70.573084521999988, -33.282455277999922 ], [ -70.572544982999943, -33.281680001999973 ], [ -70.571746376999954, -33.280022285999962 ], [ -70.57125498399995, -33.279270001999976 ], [ -70.571154982999985, -33.277840001999948 ], [ -70.571244982999985, -33.276780001999946 ], [ -70.571114983999962, -33.275700002999947 ], [ -70.570934983999962, -33.274470001999937 ], [ -70.571594982999954, -33.272310002 ], [ -70.572184983999989, -33.270620001999923 ], [ -70.573004983999965, -33.268980001999978 ], [ -70.57334809699995, -33.267391001999954 ], [ -70.573672494999983, -33.266052855999945 ], [ -70.573161605999985, -33.265100810999968 ], [ -70.571784982999986, -33.26352000199995 ], [ -70.570793454999944, -33.262403367999973 ], [ -70.569634982999958, -33.260950001999959 ], [ -70.568924983999977, -33.259880000999956 ], [ -70.567694982999967, -33.257740001999935 ], [ -70.566404983999973, -33.256010001999975 ], [ -70.565886919999969, -33.25538824099992 ], [ -70.564670423999985, -33.254698892999954 ], [ -70.563535027999933, -33.254131193999953 ], [ -70.563206192999985, -33.25364180899993 ], [ -70.562844542999983, -33.253199793999961 ], [ -70.562060969999948, -33.252998876999975 ], [ -70.561538587999962, -33.252938602999947 ], [ -70.560976022999967, -33.252597045999941 ], [ -70.560554098999944, -33.252255487999953 ], [ -70.560232633999988, -33.251592463999934 ], [ -70.560088289999953, -33.251049404999947 ], [ -70.560374982999974, -33.250070000999976 ], [ -70.560528294999983, -33.250000068999945 ], [ -70.560944982999956, -33.249810001999947 ], [ -70.56143498299997, -33.249630001999932 ], [ -70.56170498299997, -33.2488 ], [ -70.561964983999985, -33.248420001999932 ], [ -70.561994982999977, -33.247990001999931 ], [ -70.562074982999945, -33.247510002999952 ], [ -70.561674984, -33.246640001999936 ], [ -70.560944983999946, -33.245630001999977 ], [ -70.560694982999962, -33.244950001999939 ], [ -70.56003498299998, -33.244370002 ], [ -70.559494982999979, -33.244060001999955 ], [ -70.559084982999934, -33.243690001999937 ], [ -70.558794982999984, -33.24332 ], [ -70.558504982999978, -33.242180001999948 ], [ -70.558404983999935, -33.241620000999937 ], [ -70.558184983999979, -33.241470000999975 ], [ -70.557444983999972, -33.24141 ], [ -70.555664983999975, -33.241470000999975 ], [ -70.553264983999952, -33.241590001999946 ], [ -70.551784983999937, -33.24173000199994 ], [ -70.551294983999981, -33.241700001999966 ], [ -70.550654982999959, -33.241720000999983 ], [ -70.550174982999977, -33.241570001999953 ], [ -70.548744982999949, -33.240870001999944 ], [ -70.546064983999941, -33.240900001999933 ], [ -70.545264982999981, -33.240600001999944 ], [ -70.544844982999962, -33.240090001999938 ], [ -70.544734982999955, -33.239680001999943 ], [ -70.544294983999976, -33.238850001999936 ], [ -70.543714982999973, -33.23857000199996 ], [ -70.542714983999986, -33.238590001999967 ], [ -70.541145595999978, -33.238693645999952 ], [ -70.540040556999941, -33.238834286999975 ], [ -70.537424236999982, -33.239511317999977 ], [ -70.536604982999961, -33.239800002999978 ], [ -70.535864983999943, -33.239880001999957 ], [ -70.534495270999969, -33.239597768999943 ], [ -70.533262978999971, -33.239247112999976 ], [ -70.532173125999975, -33.239115007999935 ], [ -70.530554857999959, -33.239048956999959 ], [ -70.529365927999947, -33.238784749999979 ], [ -70.526974982999945, -33.238840001999968 ], [ -70.524194983999962, -33.238550001999961 ], [ -70.523414983999942, -33.23830000199996 ], [ -70.522874982999951, -33.237920001999946 ], [ -70.522034983999959, -33.236930001999937 ], [ -70.521054982999942, -33.235710001999955 ], [ -70.520034983999949, -33.234900001999961 ], [ -70.518514983999978, -33.233400001999939 ], [ -70.517494982999963, -33.232330001999962 ], [ -70.51556498399998, -33.231210001999955 ], [ -70.515114982999933, -33.229270000999975 ], [ -70.514694983999959, -33.228610002 ], [ -70.513854983999977, -33.225680001999926 ], [ -70.513724982999975, -33.225160001999932 ], [ -70.513704982999968, -33.223960001999949 ], [ -70.513324983999951, -33.220610000999962 ], [ -70.512896782999974, -33.220128991999957 ], [ -70.512134982999953, -33.219880001999968 ], [ -70.510024982999937, -33.21921000199994 ], [ -70.508704983999962, -33.218790000999938 ], [ -70.508404983999981, -33.218720000999944 ], [ -70.507884983999986, -33.21860000199996 ], [ -70.50683498399998, -33.218730001999965 ], [ -70.504094982999959, -33.219940000999941 ], [ -70.50359436399998, -33.220229449999962 ], [ -70.503152348999947, -33.220450457999959 ], [ -70.502529507999952, -33.220550915999979 ], [ -70.501243644999988, -33.220550915999979 ], [ -70.50015869799995, -33.22051073199998 ], [ -70.500000083999964, -33.220468990999947 ], [ -70.499395216999972, -33.220309816999929 ], [ -70.498644982999963, -33.220190001999974 ], [ -70.497546786999976, -33.220028533999937 ], [ -70.496682847999978, -33.219666884999981 ], [ -70.496024983999973, -33.219320002999943 ], [ -70.495184983999934, -33.21900000199998 ], [ -70.494644982999944, -33.218780000999963 ], [ -70.493604983999944, -33.21856000199994 ], [ -70.49317498299996, -33.218430001999927 ], [ -70.492364982999959, -33.218300001999971 ], [ -70.491684982999971, -33.218390001999978 ], [ -70.490914983999971, -33.218610001999942 ], [ -70.490084982999974, -33.218820000999976 ], [ -70.489514982999935, -33.218850001999961 ], [ -70.48861498399998, -33.218770000999946 ], [ -70.487864982999952, -33.218630001999941 ], [ -70.486534982999956, -33.218460001999972 ], [ -70.485504982999942, -33.218230001999977 ], [ -70.484634983999968, -33.218160001999927 ], [ -70.483674983999947, -33.218050002999973 ], [ -70.482614982999962, -33.218100001999957 ], [ -70.48146679599995, -33.218293956999965 ], [ -70.480395242999975, -33.218481479999973 ], [ -70.478948646999982, -33.218722578999973 ], [ -70.478118192999943, -33.218722578999973 ], [ -70.477100217999975, -33.218776156999986 ], [ -70.476264983999954, -33.218930000999933 ], [ -70.475334983999971, -33.219120001999947 ], [ -70.474794983999971, -33.219090001999959 ], [ -70.473994982999969, -33.218990000999952 ], [ -70.473144982999941, -33.218830001999955 ], [ -70.472844982999959, -33.218660001999964 ], [ -70.472174982999945, -33.218080001999958 ], [ -70.471784982999964, -33.217790001999958 ], [ -70.471164983999984, -33.217240001999976 ], [ -70.470697689999952, -33.216927727999973 ], [ -70.47029585699994, -33.216231217999962 ], [ -70.470242279999979, -33.21553470899994 ], [ -70.470242279999979, -33.215025721999943 ], [ -70.470174983999982, -33.214540001999964 ], [ -70.469954983999969, -33.214210000999962 ], [ -70.469914983999956, -33.214190001999945 ], [ -70.469874982999954, -33.21373000199997 ], [ -70.469934982999973, -33.212710000999948 ], [ -70.469984982999961, -33.211840001999974 ], [ -70.469984982999961, -33.211170000999964 ], [ -70.469974982999986, -33.210520001999946 ], [ -70.469564983999987, -33.209680001999978 ], [ -70.469164982999985, -33.209070001999983 ], [ -70.468534983999973, -33.208440000999936 ], [ -70.467994983, -33.20788000199996 ], [ -70.467224982999937, -33.207200001999979 ], [ -70.466724983999939, -33.206730001999972 ], [ -70.465774983999964, -33.205910001999946 ], [ -70.465125613999987, -33.205167433999975 ], [ -70.464911303999941, -33.204631657999975 ], [ -70.464696992999961, -33.204095880999944 ], [ -70.464616626999941, -33.203426160999989 ], [ -70.464670203999958, -33.202810017999987 ], [ -70.465554235999946, -33.20248855199997 ], [ -70.466250744999968, -33.202301030999934 ], [ -70.46678652099996, -33.20227424199993 ], [ -70.467509819999975, -33.202247452999984 ], [ -70.468045594999978, -33.201979563999949 ], [ -70.468204983999954, -33.201460001999976 ], [ -70.467964982999945, -33.200620001999937 ], [ -70.467634983999972, -33.199970000999933 ], [ -70.467464982999957, -33.199200001999948 ], [ -70.467434982999976, -33.19833000199997 ], [ -70.467424982999944, -33.197530000999947 ], [ -70.467324983999958, -33.196440001999967 ], [ -70.46717498299995, -33.195770001999954 ], [ -70.467074982999975, -33.195090000999983 ], [ -70.466744983999945, -33.194580001999938 ], [ -70.466354983999963, -33.19408 ], [ -70.465984982999942, -33.193550000999963 ], [ -70.465114982999978, -33.192860001999975 ], [ -70.464414982999983, -33.192610001999967 ], [ -70.46323498299995, -33.192030001999967 ], [ -70.462644983999951, -33.19165000199996 ], [ -70.462304982999967, -33.191410000999944 ], [ -70.461184983999942, -33.19055 ], [ -70.460734983999942, -33.189820001999983 ], [ -70.460294982999983, -33.188870001999923 ], [ -70.460084983999934, -33.188410001999941 ], [ -70.45998498299997, -33.18740000199994 ], [ -70.459904982999944, -33.186780000999931 ], [ -70.45974498299995, -33.185590001999969 ], [ -70.45974498299995, -33.184920001999956 ], [ -70.45980498299997, -33.183760001999921 ], [ -70.45992498399994, -33.183120001999953 ], [ -70.460024982999983, -33.182690001999958 ], [ -70.46078498299994, -33.181390001999944 ], [ -70.461384983999949, -33.180220002999931 ], [ -70.461584983999956, -33.179720000999957 ], [ -70.461904983999943, -33.178970001999971 ], [ -70.461993183999937, -33.177918099999943 ], [ -70.461464770999953, -33.176861271999933 ], [ -70.460837278999989, -33.176398908999936 ], [ -70.459516244999975, -33.175639314999955 ], [ -70.457824982999966, -33.174360001999958 ], [ -70.457744983999987, -33.174300000999935 ], [ -70.457138382999972, -33.174153152999963 ], [ -70.456147607999981, -33.173723815999949 ], [ -70.455421038999987, -33.173096324999953 ], [ -70.454966971999966, -33.172529831999945 ], [ -70.454880350999986, -33.171992789999933 ], [ -70.45492565099994, -33.17157713499995 ], [ -70.454924982999955, -33.17070000199994 ], [ -70.454934983999976, -33.16939000199995 ], [ -70.454904982999949, -33.168900001999923 ], [ -70.454707111999937, -33.168476031999944 ], [ -70.454484982999986, -33.168170001999947 ], [ -70.454048802999978, -33.167627158999942 ], [ -70.453702323999948, -33.16717673699997 ], [ -70.453284982999946, -33.166740000999937 ], [ -70.452254982999989, -33.165860001999924 ], [ -70.451414983999939, -33.165020001999935 ], [ -70.450744982999936, -33.164310000999926 ], [ -70.44983498299996, -33.163270000999937 ], [ -70.449314982999965, -33.162960001999977 ], [ -70.448834983999973, -33.162650001999964 ], [ -70.447766456999943, -33.161742751999952 ], [ -70.447150314999988, -33.161421285999943 ], [ -70.446239494999986, -33.160885509999957 ], [ -70.445730505999961, -33.160644410999957 ], [ -70.445248307999975, -33.160349733999965 ], [ -70.444994982999958, -33.160020001999953 ], [ -70.444804983999973, -33.159460001999946 ], [ -70.444634982999958, -33.158660001999976 ], [ -70.44449498299997, -33.157880001999942 ], [ -70.44443498399994, -33.156870001999955 ], [ -70.444524982999951, -33.155800000999932 ], [ -70.444310698999971, -33.154884812999967 ], [ -70.443784982999944, -33.153990001999944 ], [ -70.443594982999969, -33.153630002999932 ], [ -70.44309498399997, -33.152940001999966 ], [ -70.442584982999961, -33.152060001999921 ], [ -70.441914982999947, -33.151140001999977 ], [ -70.44162498299994, -33.15068000199993 ], [ -70.441324982999973, -33.150030000999948 ], [ -70.441214982999952, -33.149260001999941 ], [ -70.441204983999967, -33.14825 ], [ -70.441244982999933, -33.14756000199997 ], [ -70.441137628999968, -33.146984032999967 ], [ -70.440929505999975, -33.146533096999967 ], [ -70.440654983999934, -33.14628 ], [ -70.440094983999984, -33.146010000999979 ], [ -70.438994983999976, -33.145740001999961 ], [ -70.437963733999936, -33.145371069999946 ], [ -70.437547485999971, -33.145093570999961 ], [ -70.43713123699996, -33.144746696999952 ], [ -70.436819051999976, -33.144486541999967 ], [ -70.436368114999937, -33.143948887999954 ], [ -70.436055928999963, -33.143359201999942 ], [ -70.435814982999943, -33.142790001999963 ], [ -70.434974982999961, -33.141030000999926 ], [ -70.434374983999987, -33.139810001999912 ], [ -70.433764983999936, -33.138310001999976 ], [ -70.433624982999959, -33.13782000099998 ], [ -70.433419688999948, -33.13721953699995 ], [ -70.433241461999955, -33.136859934999961 ], [ -70.433172504999959, -33.136788374999988 ], [ -70.432884982999951, -33.13649000199996 ], [ -70.432354983999971, -33.136120001999977 ], [ -70.431980161999945, -33.135936102999942 ], [ -70.431134982999936, -33.135760002999973 ], [ -70.430523291999975, -33.135346418999973 ], [ -70.430323190999957, -33.135145365999961 ], [ -70.430141731999981, -33.13482610899996 ], [ -70.429864983999948, -33.133820001999936 ], [ -70.429634983999975, -33.132870001999947 ], [ -70.429464982999946, -33.132310001999947 ], [ -70.429034982999951, -33.131310001999964 ], [ -70.428374983999959, -33.130450001999982 ], [ -70.427534983999976, -33.129800000999978 ], [ -70.42664498299996, -33.12897000199996 ], [ -70.42593498399998, -33.128590000999957 ], [ -70.425304983999979, -33.128150002 ], [ -70.424414982999963, -33.127870001999952 ], [ -70.423374983999963, -33.127830001999932 ], [ -70.421604982999952, -33.127460001999957 ], [ -70.42103498299997, -33.126940001999962 ], [ -70.420284983999977, -33.126140001999936 ], [ -70.419974982999975, -33.125790001999967 ], [ -70.419384982999986, -33.125280000999958 ], [ -70.418634983999937, -33.124710001999965 ], [ -70.417874982999933, -33.124130002999955 ], [ -70.417214982999951, -33.123670000999937 ], [ -70.416444983999952, -33.123340001999964 ], [ -70.415914982999936, -33.123010000999955 ], [ -70.415404982999988, -33.122790000999942 ], [ -70.414774982999973, -33.122660001999961 ], [ -70.412954982999963, -33.12258000199995 ], [ -70.411714983999957, -33.122480001999975 ], [ -70.410674983999968, -33.122390001999975 ], [ -70.409494983999934, -33.122280000999972 ], [ -70.408114982999962, -33.122230000999934 ], [ -70.407234983999956, -33.122160000999941 ], [ -70.405864983999948, -33.122190001999975 ], [ -70.405384983999966, -33.122260001999962 ], [ -70.404244982999955, -33.122340000999941 ], [ -70.403494983999963, -33.122420001999949 ], [ -70.402764983999987, -33.122400001999949 ], [ -70.402084983999941, -33.122250000999941 ], [ -70.401654982999958, -33.122160000999941 ], [ -70.401194982999982, -33.122040001999949 ], [ -70.400014983999952, -33.12183000199996 ], [ -70.399534983999956, -33.121720001999961 ], [ -70.399144982999985, -33.121620000999933 ], [ -70.398014982999953, -33.121310000999983 ], [ -70.397654982999939, -33.121160001999947 ], [ -70.397014983999952, -33.120830001999941 ], [ -70.395884983999963, -33.120100001999965 ], [ -70.395094983999968, -33.119550000999922 ], [ -70.393684982999957, -33.118550001999949 ], [ -70.392974982999988, -33.11831000199993 ], [ -70.392074983999976, -33.118040001999915 ], [ -70.390994982999985, -33.117680001999929 ], [ -70.390204983999979, -33.117300001999986 ], [ -70.389834983999947, -33.116980001999927 ], [ -70.389064982999969, -33.116490000999939 ], [ -70.388284982999949, -33.116050001999938 ], [ -70.38724498299996, -33.115710000999961 ], [ -70.385944982999945, -33.115110001999938 ], [ -70.385394982999969, -33.11442000199996 ], [ -70.384834982999962, -33.113980001999941 ], [ -70.384204982999961, -33.113380002999975 ], [ -70.383944982999935, -33.113030001999952 ], [ -70.383744982999985, -33.112500001999926 ], [ -70.383704982999973, -33.111910001999945 ], [ -70.383694982999941, -33.111340001999963 ], [ -70.383654982999985, -33.110450001999929 ], [ -70.383554982999954, -33.11014000199998 ], [ -70.38330498299996, -33.109930001999942 ], [ -70.382304983999973, -33.109230000999965 ], [ -70.381634983999959, -33.108820000999962 ], [ -70.381114983999964, -33.108710001999938 ], [ -70.380274983999982, -33.108740002999987 ], [ -70.378864982999971, -33.10876 ], [ -70.378054983999959, -33.108800000999956 ], [ -70.377744983999946, -33.108750001999951 ], [ -70.377244982999969, -33.108510001999953 ], [ -70.376804983999989, -33.108280001999944 ], [ -70.376094983999963, -33.10796000199997 ], [ -70.375654983999937, -33.107700001999945 ], [ -70.375314983999942, -33.107510002999959 ], [ -70.374824982999939, -33.107120001999938 ], [ -70.374014983999984, -33.106480000999959 ], [ -70.373564982999937, -33.106180001999967 ], [ -70.373254983999971, -33.105970001999928 ], [ -70.372540000999948, -33.105780000999978 ], [ -70.372061756999983, -33.105715076999957 ], [ -70.371029247999957, -33.105714163999949 ], [ -70.370607418999953, -33.105843852999946 ], [ -70.369992447999948, -33.106080067999983 ], [ -70.369400585999983, -33.106342713999929 ], [ -70.368827525999961, -33.106631973999967 ], [ -70.368350585999963, -33.106872714999952 ], [ -70.367532577999953, -33.106935115999917 ], [ -70.366885691999983, -33.10688816499993 ], [ -70.36637290799996, -33.106850945999952 ], [ -70.36580437899994, -33.106809681999941 ], [ -70.365052578999951, -33.106755115999924 ], [ -70.364109994999978, -33.106841591999967 ], [ -70.363195274999953, -33.106813764999963 ], [ -70.361993161999976, -33.106729889999933 ], [ -70.361272577999955, -33.106645115999981 ], [ -70.360688615999948, -33.106529047999977 ], [ -70.359590290999961, -33.106315980999966 ], [ -70.358364758999983, -33.106212747999969 ], [ -70.357147771999962, -33.106015454999977 ], [ -70.356011153999987, -33.105803475999949 ], [ -70.354841753999949, -33.105643867999966 ], [ -70.353938883999945, -33.10558837199995 ], [ -70.353202805999956, -33.105543128999948 ], [ -70.352707744999975, -33.105512698 ], [ -70.351705205999963, -33.105451074999955 ], [ -70.350998376999939, -33.105299082999977 ], [ -70.350406086999953, -33.105067609999935 ], [ -70.349518676999935, -33.104720800999928 ], [ -70.348781519999989, -33.10443271299993 ], [ -70.348190213999942, -33.104235611999975 ], [ -70.347662712999977, -33.10414047799997 ], [ -70.346971605999954, -33.10391483099994 ], [ -70.345787781999945, -33.103527884999949 ], [ -70.343954208999946, -33.102925660999965 ], [ -70.343462534999958, -33.102698011999955 ], [ -70.343102888999965, -33.102434853999966 ], [ -70.342711687999952, -33.102125283999953 ], [ -70.342620585999953, -33.101912714999969 ], [ -70.342600585999946, -33.100902714999961 ], [ -70.342740585999934, -33.099782714999947 ], [ -70.342934151999941, -33.09935732699995 ], [ -70.342896838999934, -33.098800636999947 ], [ -70.342949232999956, -33.09836555399994 ], [ -70.342858289999981, -33.098133143999966 ], [ -70.342757243999984, -33.097900736999968 ], [ -70.342797661999953, -33.097678433999931 ], [ -70.342929022999954, -33.097526862999977 ], [ -70.342939126999966, -33.097183302999944 ], [ -70.34277745199995, -33.096991312999926 ], [ -70.342442577999975, -33.096865115999947 ], [ -70.341906156999983, -33.096817697999946 ], [ -70.341430162999984, -33.09677561999996 ], [ -70.340632577999941, -33.096705114999956 ], [ -70.340156710999963, -33.096800289999969 ], [ -70.339582578999966, -33.096915115999927 ], [ -70.338968060999946, -33.096979425999955 ], [ -70.338095786999986, -33.097078855999932 ], [ -70.337362578999944, -33.097165115999928 ], [ -70.336442577999961, -33.097375115999967 ], [ -70.336081122999985, -33.097537683999974 ], [ -70.335249400999942, -33.097791485999949 ], [ -70.334522577999962, -33.098045115999973 ], [ -70.334240586999954, -33.098262714999983 ], [ -70.334097813999961, -33.098502989999929 ], [ -70.333792610999978, -33.099059520999951 ], [ -70.333177585999977, -33.099932209999956 ], [ -70.332734106999965, -33.100342839999932 ], [ -70.332109948999971, -33.100572792999962 ], [ -70.331678805999957, -33.100524529999973 ], [ -70.331372578999947, -33.100285115999959 ], [ -70.330780640999933, -33.100366840999989 ], [ -70.330606402999933, -33.100773394999976 ], [ -70.330519283999934, -33.101238029999934 ], [ -70.33028696599996, -33.101470346999974 ], [ -70.329524674999959, -33.101757112999969 ], [ -70.328805943999953, -33.102051139999965 ], [ -70.328312269999969, -33.102225376999975 ], [ -70.32761531899996, -33.102370574999952 ], [ -70.326686049999978, -33.10239961499996 ], [ -70.325901979, -33.102312494999985 ], [ -70.325350224999966, -33.102254417999973 ], [ -70.324682312999983, -33.102080178999984 ], [ -70.323898242999974, -33.102047509999984 ], [ -70.32317225099996, -33.102254416999983 ], [ -70.32259145899998, -33.102544813999927 ], [ -70.322213942999952, -33.102748090999967 ], [ -70.321932353999955, -33.102940772999951 ], [ -70.321790671999963, -33.103294978999941 ], [ -70.321625376999975, -33.103696411999977 ], [ -70.321567326999968, -33.104088597999976 ], [ -70.321845634999988, -33.104749579999975 ], [ -70.321915210999975, -33.105271405999922 ], [ -70.321880423999971, -33.106001963999958 ], [ -70.321567326999968, -33.106419424999949 ], [ -70.321219441999972, -33.106767309999945 ], [ -70.320900505999987, -33.106892536999965 ], [ -70.320799298999987, -33.107277121999964 ], [ -70.32028076499995, -33.107951578999973 ], [ -70.319714085999976, -33.108264022999961 ], [ -70.318504583999982, -33.108922862999975 ], [ -70.317943699999944, -33.109136111999931 ], [ -70.317323261999945, -33.109313378999964 ], [ -70.316794238999933, -33.109447105999948 ], [ -70.316252578999979, -33.109495116999945 ], [ -70.315406078999956, -33.109576085999947 ], [ -70.315102577999937, -33.109605115999948 ], [ -70.314710051999953, -33.109484879999954 ], [ -70.314254713999958, -33.109237381999947 ], [ -70.312971337999954, -33.108769122999945 ], [ -70.312302577999958, -33.10852511599996 ], [ -70.311690585999941, -33.108522714999928 ], [ -70.310872171999961, -33.108456885999942 ], [ -70.309870235999938, -33.108571861999955 ], [ -70.309299125999985, -33.108710910999939 ], [ -70.309061603999965, -33.108889690999938 ], [ -70.308520892999979, -33.109296676999961 ], [ -70.307611824999981, -33.110048462999934 ], [ -70.306962255999963, -33.110526953999958 ], [ -70.305760585999963, -33.111302714999958 ], [ -70.304580585999986, -33.111962714999947 ], [ -70.304214147999971, -33.11223383599998 ], [ -70.30360888499996, -33.112447457999956 ], [ -70.302955228999963, -33.112678159999973 ], [ -70.302396771999952, -33.112875262999978 ], [ -70.301860291999958, -33.112799509999952 ], [ -70.301369522999948, -33.112951315999965 ], [ -70.300771621999957, -33.113157907999941 ], [ -70.300152577999938, -33.113375115999922 ], [ -70.299198868999952, -33.114071065999944 ], [ -70.298270585999944, -33.114772714999951 ], [ -70.297820585999943, -33.11534271499994 ], [ -70.297736253999972, -33.116029419999961 ], [ -70.297712126999954, -33.11672715299995 ], [ -70.297743400999934, -33.117300342999961 ], [ -70.297760939999932, -33.117740399999946 ], [ -70.297678211999937, -33.118142850999959 ], [ -70.297428178999951, -33.118495978999931 ], [ -70.297280585999943, -33.118772713999931 ], [ -70.297076451999942, -33.118984772999958 ], [ -70.29657412499995, -33.119235839999938 ], [ -70.296412578999934, -33.119315115999932 ], [ -70.296431019999943, -33.119629491999937 ], [ -70.296567032999974, -33.120097987999948 ], [ -70.296597259999942, -33.120626932999983 ], [ -70.296718160999944, -33.12082339799997 ], [ -70.296672822999938, -33.121155877999961 ], [ -70.296792577999952, -33.122525114999966 ], [ -70.296763498999951, -33.122833392999951 ], [ -70.296616667999956, -33.123125666999954 ], [ -70.296429990999968, -33.123528197999967 ], [ -70.296220490999985, -33.123867896999975 ], [ -70.295993817999943, -33.124076310999953 ], [ -70.295908820999955, -33.124225071999938 ], [ -70.295912738999959, -33.124458057999945 ], [ -70.295968223999978, -33.124683370999939 ], [ -70.295920585999966, -33.125032713999921 ], [ -70.295864134999988, -33.125395744999921 ], [ -70.295780586999967, -33.125682714999968 ], [ -70.295325495999975, -33.126015905999971 ], [ -70.294975400999988, -33.126258988999957 ], [ -70.294711457999938, -33.126437985999928 ], [ -70.294168694999939, -33.126890931999974 ], [ -70.293601990999946, -33.127478246999942 ], [ -70.293108760999985, -33.127924180999969 ], [ -70.292869011999983, -33.128258086999942 ], [ -70.292872577999958, -33.128445115999959 ], [ -70.292045906999988, -33.129049809999962 ], [ -70.291133916999982, -33.129651549999942 ], [ -70.290234732999977, -33.130204852999945 ], [ -70.289533076999987, -33.130523856999957 ], [ -70.288530585999979, -33.130922715999922 ], [ -70.287400585999933, -33.131372714999941 ], [ -70.286618939999983, -33.131599399999963 ], [ -70.286237127999982, -33.131652563999971 ], [ -70.285796363999964, -33.131632664999984 ], [ -70.28536345599997, -33.131536033999978 ], [ -70.284775858999978, -33.131397880999948 ], [ -70.283822577999956, -33.131075116999973 ], [ -70.282978895999975, -33.130987079999947 ], [ -70.281842199999971, -33.13093810099997 ], [ -70.280008776999978, -33.130898532999929 ], [ -70.279063018, -33.130942141999981 ], [ -70.278323431999979, -33.131059088999947 ], [ -70.277600192999955, -33.131110121999946 ], [ -70.276969427999973, -33.131186131999982 ], [ -70.276472207999987, -33.131163735999955 ], [ -70.275921231999973, -33.13113685899998 ], [ -70.275542578999989, -33.131045115999939 ], [ -70.275128312999982, -33.130904561999962 ], [ -70.274383624999984, -33.130667179999932 ], [ -70.273456841999973, -33.130716281999987 ], [ -70.272912577999989, -33.13074511599995 ], [ -70.272549119999951, -33.130974440999971 ], [ -70.27207257799995, -33.13127511699998 ], [ -70.271801409999966, -33.131654632999982 ], [ -70.271550586999979, -33.132002714999935 ], [ -70.271187205999979, -33.132351750999931 ], [ -70.270790585999976, -33.132732714999975 ], [ -70.270673531999932, -33.13294341199996 ], [ -70.270390585999976, -33.133452714999983 ], [ -70.270130244999962, -33.133960997999964 ], [ -70.269995916999974, -33.134256671999928 ], [ -70.269897035999975, -33.134725053999944 ], [ -70.269812577999971, -33.135125115999976 ], [ -70.269856334999986, -33.135587297999962 ], [ -70.269925144999945, -33.136314090999967 ], [ -70.269972578999955, -33.136815115999973 ], [ -70.269942410999988, -33.137493872999983 ], [ -70.269912577999946, -33.138165114999936 ], [ -70.269846947999952, -33.139329180999937 ], [ -70.269745741999941, -33.140138832999973 ], [ -70.269535781999934, -33.140929996999944 ], [ -70.269633608999982, -33.141484598999966 ], [ -70.269732577999946, -33.142035115999917 ], [ -70.269866840999953, -33.142321785999961 ], [ -70.270061178999981, -33.142736723999967 ], [ -70.270351217999973, -33.142933367999944 ], [ -70.270597596999949, -33.143491825999959 ], [ -70.270740707999948, -33.144150329999945 ], [ -70.270697315999939, -33.14467516499996 ], [ -70.270679722999944, -33.144887965999949 ], [ -70.270657021999966, -33.145162539999944 ], [ -70.270771132999982, -33.14547094899995 ], [ -70.270923596999978, -33.145748948999945 ], [ -70.271093579999956, -33.146208364999936 ], [ -70.271262577999948, -33.146665116999941 ], [ -70.271377193999967, -33.146972766999966 ], [ -70.27145257799998, -33.147175114999989 ], [ -70.27143547299994, -33.147487287999972 ], [ -70.271420223999939, -33.147765587999963 ], [ -70.271380585999964, -33.147952715999949 ], [ -70.27133411899996, -33.148095378999976 ], [ -70.271245700999941, -33.148366831999972 ], [ -70.270906214999968, -33.149409117999937 ], [ -70.270730585999956, -33.150062713999958 ], [ -70.270647917999952, -33.150442015999943 ], [ -70.270555092999984, -33.151111911999969 ], [ -70.270541306999974, -33.151787410999937 ], [ -70.270508953999979, -33.152499677999963 ], [ -70.270390585999976, -33.153522714999951 ], [ -70.270104839999988, -33.154496704999936 ], [ -70.26976198899996, -33.155262919999977 ], [ -70.269567901999949, -33.155548265999968 ], [ -70.269300006, -33.155942122999924 ], [ -70.269049459999962, -33.15631047199998 ], [ -70.268902942999944, -33.156885685999953 ], [ -70.26874371699995, -33.157974799999963 ], [ -70.268889374999958, -33.158717979999949 ], [ -70.268996592999954, -33.15930016499992 ], [ -70.268803636999962, -33.159852918999931 ], [ -70.268660585999953, -33.16026271599997 ], [ -70.268575115999965, -33.160507557999956 ], [ -70.268353953999963, -33.160968288999975 ], [ -70.268223435999971, -33.161291968999926 ], [ -70.268081077999966, -33.161826670999965 ], [ -70.268049903999952, -33.162447588999939 ], [ -70.267931736999969, -33.162932854999951 ], [ -70.267730585999971, -33.163602714999982 ], [ -70.26761253899997, -33.163763687999953 ], [ -70.267400586999941, -33.164052714999968 ], [ -70.267226290999986, -33.16421553899994 ], [ -70.266885502999969, -33.164450371999976 ], [ -70.266219929999977, -33.164833191999946 ], [ -70.265699367999957, -33.165024660999961 ], [ -70.264970585999947, -33.16529271499995 ], [ -70.264885769999978, -33.165481918999937 ], [ -70.264825731999963, -33.166116668999962 ], [ -70.264798130999964, -33.166493892999938 ], [ -70.264678523999976, -33.166999924999985 ], [ -70.264604918999964, -33.167579560999968 ], [ -70.264568115999978, -33.168011988999972 ], [ -70.264507604999949, -33.168606210999947 ], [ -70.264517740999963, -33.169018393999977 ], [ -70.264535548999959, -33.169424269999979 ], [ -70.264559172999952, -33.16980520799995 ], [ -70.264572133999934, -33.17001420199994 ], [ -70.264602577999938, -33.170505115999958 ], [ -70.264563588999977, -33.170983627999938 ], [ -70.264595717999967, -33.17170141999997 ], [ -70.264476109999976, -33.17236386299993 ], [ -70.264307942999949, -33.172928819999967 ], [ -70.264227694999988, -33.173339123999931 ], [ -70.264312577999988, -33.173765116999959 ], [ -70.264448883999933, -33.174231582999944 ], [ -70.264625885999976, -33.174837325999938 ], [ -70.264769843999943, -33.175355312999955 ], [ -70.264872577999938, -33.176065115999954 ], [ -70.264951374999953, -33.176227815999923 ], [ -70.26510922999995, -33.176553755999976 ], [ -70.26555187699995, -33.177467742999966 ], [ -70.265920585999936, -33.178342714999921 ], [ -70.266229882999937, -33.179750376999948 ], [ -70.266370585999937, -33.180372714999983 ], [ -70.266415570999982, -33.180617589999926 ], [ -70.266300186999956, -33.180845034999948 ], [ -70.266090586999951, -33.181012713999962 ], [ -70.265953135999951, -33.181122674999983 ], [ -70.265183724999986, -33.181729162999943 ], [ -70.264420585999972, -33.182322714999941 ], [ -70.263291315999936, -33.182654562999971 ], [ -70.262406440999939, -33.182914590999921 ], [ -70.261379941999976, -33.183188569999977 ], [ -70.260172343999955, -33.183460950999972 ], [ -70.259332577999942, -33.183525115999934 ], [ -70.258757500999934, -33.183500901999935 ], [ -70.258382578999942, -33.183485115999936 ], [ -70.257772577999958, -33.183555115999972 ], [ -70.256990585999972, -33.183692715999932 ], [ -70.256622580999988, -33.183755205999937 ], [ -70.256136617999971, -33.183762802999972 ], [ -70.255507545999933, -33.183806205999929 ], [ -70.254812577999985, -33.183815116999938 ], [ -70.25379384699994, -33.183659018999947 ], [ -70.252994380999951, -33.183562240999947 ], [ -70.252524673999972, -33.183684198999977 ], [ -70.252085157999943, -33.183828513999977 ], [ -70.251560320999943, -33.184000844999964 ], [ -70.25095891899997, -33.184488723999948 ], [ -70.250738847999969, -33.184877082999932 ], [ -70.250712956999962, -33.185226605999951 ], [ -70.250454050999963, -33.18544667599997 ], [ -70.250000052999951, -33.185557858999971 ], [ -70.249819732999981, -33.185602019999969 ], [ -70.249211303999971, -33.185679691999944 ], [ -70.248486367999988, -33.185977432999948 ], [ -70.247955609999963, -33.186301065999942 ], [ -70.246934288999967, -33.186558741999931 ], [ -70.246324175999973, -33.186579932999955 ], [ -70.245780800999967, -33.186598806999932 ], [ -70.244643334999978, -33.186638315999978 ], [ -70.244123343999959, -33.18672944799993 ], [ -70.243826061999982, -33.186896548999975 ], [ -70.243567156999987, -33.186948329999943 ], [ -70.243125715999952, -33.186901084999924 ], [ -70.242879053999957, -33.187689650999957 ], [ -70.242562261999979, -33.188992021999972 ], [ -70.241946273999986, -33.190399990999929 ], [ -70.241467852999961, -33.190869049999932 ], [ -70.239882785999953, -33.192010536999931 ], [ -70.239332184999967, -33.192677600999943 ], [ -70.23915653399996, -33.195253903999969 ], [ -70.239685700999985, -33.197484815999928 ], [ -70.239101653999967, -33.199570696999956 ], [ -70.237641538999981, -33.201781730999983 ], [ -70.235124989999974, -33.203073113999949 ], [ -70.23375458199996, -33.203287577999959 ], [ -70.232446660999983, -33.203243979999961 ], [ -70.230977235999944, -33.20356300699995 ], [ -70.229945512999961, -33.204603437999943 ], [ -70.228655980999974, -33.20640310999994 ], [ -70.227503063999961, -33.208413553999932 ], [ -70.227321642999982, -33.209734150999964 ], [ -70.226643731999957, -33.211194267999936 ], [ -70.225374629999976, -33.212290831999937 ], [ -70.223851001999947, -33.213745203999956 ], [ -70.223000968999941, -33.214289224999959 ], [ -70.222119606999968, -33.214853296999934 ], [ -70.219617894999942, -33.216348241999981 ], [ -70.21833, -33.217320002999934 ], [ -70.217889440999954, -33.217738519999948 ], [ -70.217857161999973, -33.218948624999932 ], [ -70.217900520999933, -33.219902545999958 ], [ -70.217987241999936, -33.220552947999977 ], [ -70.217597001999934, -33.221376789999958 ], [ -70.217380200999969, -33.222113910999951 ], [ -70.217597001999934, -33.222981111999957 ], [ -70.218334122999977, -33.223414712999947 ], [ -70.218897802999948, -33.223761593999946 ], [ -70.2202, -33.224270002999951 ], [ -70.220415406999962, -33.225582716999959 ], [ -70.22071892699995, -33.22697023999995 ], [ -70.221759568999971, -33.227490560999961 ], [ -70.22276, -33.227910001999931 ], [ -70.222973650999961, -33.229181603999947 ], [ -70.223320531999946, -33.230265605999939 ], [ -70.223147092, -33.231653128999923 ], [ -70.22292, -33.232140001999937 ], [ -70.222368533999941, -33.232929804999962 ], [ -70.222279889999982, -33.234037932999961 ], [ -70.221933009999987, -33.234948494999969 ], [ -70.221511171999964, -33.236336167999987 ], [ -70.220820298999968, -33.237352719999933 ], [ -70.219735312999944, -33.237875245999938 ], [ -70.218979118999982, -33.238404822999946 ], [ -70.217781867999975, -33.238526393999955 ], [ -70.215212195999982, -33.237246579999976 ], [ -70.21432, -33.237050002999972 ], [ -70.214431714999932, -33.237983700999962 ], [ -70.21535486199997, -33.238999955999923 ], [ -70.215949317999957, -33.239804823999968 ], [ -70.216382918999955, -33.240715385999977 ], [ -70.216355826999973, -33.241419778999948 ], [ -70.215559076999966, -33.242579869999922 ], [ -70.214466932999983, -33.243853969999975 ], [ -70.213631586999952, -33.245400742999941 ], [ -70.213129998999989, -33.245820002999963 ], [ -70.21139650899994, -33.246395556999971 ], [ -70.209852672999943, -33.247702187999948 ], [ -70.209151457999951, -33.248559228999959 ], [ -70.208255461999954, -33.249766876999963 ], [ -70.208342657999935, -33.250000068999938 ], [ -70.208664824999971, -33.250861644999922 ], [ -70.209011704999966, -33.251989006999956 ], [ -70.209878905999972, -33.252682767999943 ], [ -70.210789468999963, -33.253073009999973 ], [ -70.210787626999945, -33.253974165999978 ], [ -70.210261695999975, -33.255200890999951 ], [ -70.21007382099998, -33.257117219999934 ], [ -70.21070274799996, -33.25766917899994 ], [ -70.21070274799996, -33.259100060999963 ], [ -70.20950206599997, -33.26012927499994 ], [ -70.20876, -33.260200002999966 ], [ -70.208270216999949, -33.260611703999984 ], [ -70.20706781399997, -33.261137754999936 ], [ -70.206063218999986, -33.261311423999977 ], [ -70.205602384999963, -33.261851681999914 ], [ -70.204669998999975, -33.26221000299995 ], [ -70.203761205999967, -33.263730436999943 ], [ -70.202295775999971, -33.265195865999935 ], [ -70.200970616999939, -33.266284384999949 ], [ -70.199996707999958, -33.267141425999966 ], [ -70.199061753999956, -33.268426985999952 ], [ -70.198141862999933, -33.269852548999943 ], [ -70.197903247999989, -33.27108388299996 ], [ -70.197993427999961, -33.271955625999965 ], [ -70.19814372899998, -33.272947607999981 ], [ -70.198835109999948, -33.274089889999978 ], [ -70.199225890999983, -33.275051812999941 ], [ -70.199766972999953, -33.276133975999976 ], [ -70.200097633999974, -33.277997699999958 ], [ -70.199529230999985, -33.27925686199994 ], [ -70.198865169999976, -33.280342385999958 ], [ -70.199165770999969, -33.281244187999967 ], [ -70.19893, -33.282350002999969 ], [ -70.198744929999989, -33.283648993999975 ], [ -70.198744929999989, -33.284550795999962 ], [ -70.198895229999948, -33.285302298999966 ], [ -70.198865169999976, -33.286474640999984 ], [ -70.198835109999948, -33.287767223999928 ], [ -70.199045530999967, -33.289781249999976 ], [ -70.198865444999967, -33.291273241999924 ], [ -70.19750349899995, -33.292696815999925 ], [ -70.196529588999965, -33.293748637999947 ], [ -70.195984198999952, -33.294332983999936 ], [ -70.195088202999955, -33.295735413999978 ], [ -70.193880554999964, -33.296592453999942 ], [ -70.193, -33.297020002999929 ], [ -70.192522494999935, -33.29750668999997 ], [ -70.192282013999943, -33.298168009999976 ], [ -70.191740932999949, -33.298739152999936 ], [ -70.19135, -33.299330001999969 ], [ -70.191103990999977, -33.300118697999942 ], [ -70.190296565999972, -33.301384090999917 ], [ -70.189751176999948, -33.302280086999907 ], [ -70.188699354999983, -33.30356564799996 ], [ -70.187955945999988, -33.304632278999975 ], [ -70.18778, -33.305650002999982 ], [ -70.187412281999968, -33.306224111999938 ], [ -70.187051561999965, -33.307035732999957 ], [ -70.186660778999965, -33.307546754999969 ], [ -70.186439883999981, -33.308201457999928 ], [ -70.186390238999934, -33.309109877999965 ], [ -70.186540538999964, -33.310101861999954 ], [ -70.186420298999963, -33.311214083999964 ], [ -70.18608927799994, -33.312175009999983 ], [ -70.185504930999969, -33.313187874999976 ], [ -70.184647890999941, -33.314746129999946 ], [ -70.18431, -33.315690002999929 ], [ -70.183504471999981, -33.31785736099993 ], [ -70.18284314999994, -33.318879403999958 ], [ -70.1825, -33.320400001999921 ], [ -70.18229596499998, -33.321239888999969 ], [ -70.182061588999943, -33.321825290999982 ], [ -70.182315273999976, -33.322726802999952 ], [ -70.182411826999953, -33.323267498999925 ], [ -70.182585621999976, -33.324175095999969 ], [ -70.182720796999945, -33.325102002999984 ], [ -70.18278, -33.326300002999965 ], [ -70.182624242999964, -33.327129611999965 ], [ -70.182431974999986, -33.32830275099996 ], [ -70.181907238999941, -33.329004549999972 ], [ -70.181781573999956, -33.330080513999967 ], [ -70.181781572999967, -33.330451030999924 ], [ -70.181486809999967, -33.330815601999966 ], [ -70.18122, -33.331010002999953 ], [ -70.181610686999989, -33.332707037999967 ], [ -70.181929062999984, -33.333733828999982 ], [ -70.182315273999976, -33.335838680999984 ], [ -70.181941347999953, -33.337005628999968 ], [ -70.181735956999944, -33.337827669999967 ], [ -70.181253192999975, -33.338851129999966 ], [ -70.180349153999941, -33.339678183999958 ], [ -70.179380066999954, -33.340762876999975 ], [ -70.178832934999946, -33.341129777999988 ], [ -70.178569022999966, -33.341863579999952 ], [ -70.178266490999988, -33.342700370999985 ], [ -70.178214995999951, -33.343498541999963 ], [ -70.177777289999938, -33.343987742999957 ], [ -70.177131735999978, -33.344340285999969 ], [ -70.176229933999934, -33.344911428999971 ], [ -70.175571051999952, -33.345677502999926 ], [ -70.175688851999951, -33.346594792999952 ], [ -70.176169812999944, -33.347165934999964 ], [ -70.177432335999981, -33.347857315999931 ], [ -70.178454378999959, -33.348368335999965 ], [ -70.179205880999987, -33.349089779999929 ], [ -70.17985, -33.349810002999959 ], [ -70.179746961999967, -33.350803203999924 ], [ -70.179416300999947, -33.352125846999961 ], [ -70.178484439999977, -33.353478549999977 ], [ -70.177913297999964, -33.354199992999952 ], [ -70.177210000999935, -33.355700002999981 ], [ -70.17716179599995, -33.356153897999931 ], [ -70.177973417999965, -33.35669497799995 ], [ -70.178424318999987, -33.357025638999964 ], [ -70.179055580999943, -33.357536660999983 ], [ -70.179897262999987, -33.358468522999935 ], [ -70.180618703999983, -33.359099784999941 ], [ -70.181310085999954, -33.359821226999941 ], [ -70.181550565999942, -33.360813209999947 ], [ -70.181730927999979, -33.362015610999947 ], [ -70.182241948999945, -33.362466512999951 ], [ -70.183504471999981, -33.362496571999941 ], [ -70.18472000099996, -33.362500001999933 ], [ -70.187231920999977, -33.363097774999964 ], [ -70.189095645999942, -33.36381921699995 ], [ -70.190418288999979, -33.364570717999982 ], [ -70.190929309999945, -33.365201979999931 ], [ -70.191560571999958, -33.366013601999946 ], [ -70.191951353999968, -33.366735043999938 ], [ -70.192131712999981, -33.367606785999946 ], [ -70.19207159399997, -33.36859876799997 ], [ -70.192221893999942, -33.369199969999947 ], [ -70.193334116999949, -33.370191951999963 ], [ -70.193905258999962, -33.370823214999973 ], [ -70.194265978999965, -33.37160477599997 ], [ -70.194326098999966, -33.372506578999953 ], [ -70.194386218999966, -33.373468499999937 ], [ -70.194085617999974, -33.374159882999948 ], [ -70.193424296999979, -33.374971504999962 ], [ -70.193243936999977, -33.375332225999955 ], [ -70.193364176999978, -33.376083726999973 ], [ -70.193785017999971, -33.376624807999967 ], [ -70.194506458999967, -33.377346250999942 ], [ -70.195468380999955, -33.377917390999976 ], [ -70.197061564999956, -33.378759074999955 ], [ -70.19793330899995, -33.37999153699996 ], [ -70.198594629999945, -33.381314180999929 ], [ -70.198925289999977, -33.382125802999951 ], [ -70.198835109999948, -33.382757064999964 ], [ -70.198895229999948, -33.383448445999932 ], [ -70.198744929999989, -33.384260067999939 ], [ -70.199466371999961, -33.385402350999968 ], [ -70.200187813999946, -33.386454452999935 ], [ -70.200849134999956, -33.387205955999939 ], [ -70.201570576999984, -33.388498538999954 ], [ -70.202261958999941, -33.389851241999949 ], [ -70.202803039999935, -33.390813163999944 ], [ -70.203704842999969, -33.391474485999922 ], [ -70.204306044999953, -33.391745027999946 ], [ -70.20508760599995, -33.392286107999951 ], [ -70.205899227999964, -33.392646829999947 ], [ -70.207251931999963, -33.393398331999947 ], [ -70.208935294999947, -33.394089711999975 ], [ -70.210799020999957, -33.39487127499995 ], [ -70.21257256399997, -33.395352235999951 ], [ -70.214406228999962, -33.395893317999942 ], [ -70.215338091999968, -33.397726981999931 ], [ -70.216420253999956, -33.39877908499993 ], [ -70.217261936999932, -33.400011547999959 ], [ -70.218013438999947, -33.400913349999932 ], [ -70.218103618999976, -33.401574671999981 ], [ -70.218043497999986, -33.40235623399996 ], [ -70.217772958999944, -33.402867254999933 ], [ -70.217508704999943, -33.403325432999964 ], [ -70.216871155999968, -33.404610738999963 ], [ -70.216931275999968, -33.406113743999988 ], [ -70.21711163599997, -33.407406326999919 ], [ -70.217231875999971, -33.408488488999971 ], [ -70.217622657999982, -33.409540591999928 ], [ -70.218193799999938, -33.41125401599993 ], [ -70.219215841999983, -33.412456418999966 ], [ -70.220027463999941, -33.412967440999978 ], [ -70.221139685999958, -33.413508520999983 ], [ -70.222372148999966, -33.414139783999914 ], [ -70.223190451999983, -33.414329152999983 ], [ -70.224014293999971, -33.414632673999954 ], [ -70.225098294999952, -33.415716674999942 ], [ -70.226442456999976, -33.416844037999958 ], [ -70.228033133999986, -33.418603062999978 ], [ -70.229796987999975, -33.419580657999958 ], [ -70.231540472999953, -33.420873239999928 ], [ -70.232833056999937, -33.421534561999977 ], [ -70.234095578999984, -33.422616723999973 ], [ -70.235117620999972, -33.423067624999923 ], [ -70.235625611999978, -33.423210498999936 ], [ -70.236090900999955, -33.423588017999968 ], [ -70.236109603999978, -33.423999487999936 ], [ -70.235959303999948, -33.424630749999949 ], [ -70.235929243999976, -33.425231950999951 ], [ -70.236079543999949, -33.426043572999951 ], [ -70.236680745999934, -33.42649447499997 ], [ -70.237372127999947, -33.428177838999929 ], [ -70.238033449999989, -33.429139760999917 ], [ -70.238875130999986, -33.429801082999965 ], [ -70.240318014999957, -33.430191863999937 ], [ -70.241279936999945, -33.430732944999924 ], [ -70.241460297999936, -33.431514506999974 ], [ -70.242211798999961, -33.432145768999931 ], [ -70.242752880999944, -33.43286721 ], [ -70.243113601999937, -33.43391931299994 ], [ -70.242873121999935, -33.434550574999946 ], [ -70.24241, -33.435070002999964 ], [ -70.242692759999954, -33.435662797999953 ], [ -70.243594563999977, -33.435963397999949 ], [ -70.244316005999963, -33.436324118999956 ], [ -70.24509756599997, -33.436594659999969 ], [ -70.245999368999946, -33.436744960999931 ], [ -70.246871110999962, -33.437015500999962 ], [ -70.247639720999985, -33.437080792999957 ], [ -70.248283406999974, -33.437370449999946 ], [ -70.248959277, -33.437853214999961 ], [ -70.249796068999956, -33.438271610999941 ], [ -70.250000052999951, -33.438388172999964 ], [ -70.250697227999979, -33.438786559999976 ], [ -70.251566204999961, -33.43917277099996 ], [ -70.252402995999944, -33.439204954999973 ], [ -70.253303966999965, -33.439330126999934 ], [ -70.25417570999997, -33.439660787999962 ], [ -70.254626610999935, -33.440261989999954 ], [ -70.255017391999957, -33.440863190999941 ], [ -70.255348051999988, -33.441524511999937 ], [ -70.255678713999941, -33.442245953999929 ], [ -70.255979313999944, -33.442696855999941 ], [ -70.256610575999957, -33.443237936999921 ], [ -70.25718171699998, -33.443598657999928 ], [ -70.25844423999996, -33.44389925899997 ], [ -70.259135621999988, -33.443989438999957 ], [ -70.260157664999952, -33.444139739999969 ], [ -70.261269887999958, -33.444079619 ], [ -70.262141629999974, -33.443929317999959 ], [ -70.263043431999961, -33.443899257999931 ], [ -70.263824993999947, -33.444079618999972 ], [ -70.264615638999942, -33.444435010999946 ], [ -70.265418177999948, -33.444650759999945 ], [ -70.266350040999953, -33.445161781999957 ], [ -70.267492323999988, -33.445762982999952 ], [ -70.267822984999952, -33.446153764999963 ], [ -70.268153645999973, -33.446544544999938 ], [ -70.268874489999973, -33.446998591999936 ], [ -70.269716768999956, -33.447205867999969 ], [ -70.270708751999962, -33.447566587999958 ], [ -70.27173079399995, -33.44801748899993 ], [ -70.272331995999934, -33.448678810999972 ], [ -70.272873076999986, -33.449249951999938 ], [ -70.27326385799995, -33.450001453999953 ], [ -70.273895119999963, -33.450602655999937 ], [ -70.274315960999957, -33.451324097999937 ], [ -70.274766860999932, -33.452045538999982 ], [ -70.275398123999935, -33.452616680999938 ], [ -70.275909143999968, -33.452977400999934 ], [ -70.276871066999945, -33.453578602999968 ], [ -70.27774280899996, -33.453789022999956 ], [ -70.278467241999977, -33.45394506599996 ], [ -70.279456233999952, -33.454420284999976 ], [ -70.279907134999974, -33.455231906999977 ], [ -70.280778875999957, -33.455803047999943 ], [ -70.282075887999952, -33.455882245999923 ], [ -70.282726091999976, -33.455268204999975 ], [ -70.282932831999972, -33.454647983999969 ], [ -70.28336778299996, -33.453974977999962 ], [ -70.28418013199996, -33.453272133999981 ], [ -70.284913820999975, -33.452912805999972 ], [ -70.285827196999946, -33.452539231999943 ], [ -70.286683623999977, -33.452389405999945 ], [ -70.288060604999941, -33.452199241999949 ], [ -70.289273007999952, -33.451929605999958 ], [ -70.290067440999962, -33.451564577999939 ], [ -70.291360023999971, -33.451023495999948 ], [ -70.292772846999981, -33.450963376999937 ], [ -70.294516331999944, -33.451624697999925 ], [ -70.295432792999975, -33.452190044999945 ], [ -70.297161617999961, -33.452706860999967 ], [ -70.298063419999949, -33.453278000999944 ], [ -70.298694681999962, -33.453879203999982 ], [ -70.298965222999982, -33.454540525999953 ], [ -70.299055402999969, -33.455442327999947 ], [ -70.299115523999944, -33.456073588999971 ], [ -70.298875042999953, -33.456644729999944 ], [ -70.298875042999953, -33.45706557099993 ], [ -70.298905102999981, -33.457546532999963 ], [ -70.298905101999935, -33.458057553999929 ], [ -70.299386063999975, -33.458538515999969 ], [ -70.299746783999979, -33.459139716999964 ], [ -70.300408105999963, -33.459560557999964 ], [ -70.301069427999948, -33.460282 ], [ -70.301490268999942, -33.461153740999968 ], [ -70.301820929999963, -33.461724883999977 ], [ -70.302211710999984, -33.462205844999971 ], [ -70.302632552999967, -33.462897226999935 ], [ -70.303113512999971, -33.463558546999934 ], [ -70.303804894999985, -33.464039508999981 ], [ -70.304766816999972, -33.46440022999996 ], [ -70.305337957999939, -33.464700830999952 ], [ -70.305848979999951, -33.464851129999929 ], [ -70.306630541999937, -33.465211852999957 ], [ -70.307201683999949, -33.465422271999955 ], [ -70.308173041999964, -33.46595827099997 ], [ -70.308951426999954, -33.465977106999958 ], [ -70.309784613, -33.465995358999962 ], [ -70.310712191999983, -33.465917911999959 ], [ -70.311500274999958, -33.465752933999951 ], [ -70.312372015999983, -33.465873173999974 ], [ -70.313424118999933, -33.466233895999949 ], [ -70.314446161999967, -33.466384195999971 ], [ -70.315077423999981, -33.466624675999974 ], [ -70.315655169999957, -33.467028585999955 ], [ -70.316037402999939, -33.467465424999951 ], [ -70.316337729999987, -33.467847658999965 ], [ -70.316583451999975, -33.468229892999936 ], [ -70.316941146999966, -33.46863870199995 ], [ -70.317392048999977, -33.469149721999941 ], [ -70.317933130999961, -33.469961343999948 ], [ -70.318474212999959, -33.470893205999964 ], [ -70.31913553399994, -33.471434286999973 ], [ -70.319887034999965, -33.472005428999978 ], [ -70.320698657999969, -33.472636691999973 ], [ -70.321600459999956, -33.472847111999947 ], [ -70.322712682999963, -33.472877170999936 ], [ -70.323524304999978, -33.473117651999921 ], [ -70.324756768999976, -33.473057531999984 ], [ -70.325658570999963, -33.473237892999961 ], [ -70.32656037199996, -33.473388192999948 ], [ -70.327169133999973, -33.473552722999955 ], [ -70.327672594999967, -33.473688793999933 ], [ -70.328754757999945, -33.474259934999971 ], [ -70.329416078999955, -33.474470355999976 ], [ -70.330137521999973, -33.474680776999946 ], [ -70.33103932399996, -33.475041496999943 ], [ -70.332152906999966, -33.475873691999936 ], [ -70.333000172999959, -33.476130297999923 ], [ -70.334180311999944, -33.476472079999944 ], [ -70.335428094999941, -33.477386181999968 ], [ -70.336029295999936, -33.478588585999937 ], [ -70.336660557999949, -33.47943026799993 ], [ -70.337442119999935, -33.47967074799994 ], [ -70.338193620999959, -33.480302010999928 ], [ -70.33852428199998, -33.480993391999952 ], [ -70.338945123999963, -33.481805013999967 ], [ -70.339486205999947, -33.482616635999932 ], [ -70.34011746699997, -33.483578558999973 ], [ -70.340538306999974, -33.484300000999951 ], [ -70.341169568999987, -33.485141682999931 ], [ -70.341800830999944, -33.485532463999959 ], [ -70.342402031999939, -33.485803003999933 ], [ -70.343243714999971, -33.486464325999975 ], [ -70.343754735999937, -33.48691522699994 ], [ -70.344025276999957, -33.487366127999962 ], [ -70.344566356999962, -33.487877148999914 ], [ -70.345059870999933, -33.488379074999955 ], [ -70.345704258999945, -33.488823940999971 ], [ -70.346447298, -33.489370498999953 ], [ -70.347001223999939, -33.490251895999954 ], [ -70.347752725999953, -33.490342075999934 ], [ -70.348323866999976, -33.490402195999927 ], [ -70.348925067999971, -33.490251894999965 ], [ -70.349526270999945, -33.490342074999944 ], [ -70.349977171999967, -33.490582555999936 ], [ -70.350638491999973, -33.490672736999954 ], [ -70.351179574999946, -33.490462315999928 ], [ -70.351503240999989, -33.490208337999938 ], [ -70.351639752999972, -33.489853405999952 ], [ -70.351733139999979, -33.48938056999998 ], [ -70.351793053999984, -33.488604331999973 ], [ -70.352021986999944, -33.488106050999932 ], [ -70.352458825999975, -33.487423490999952 ], [ -70.353250594999963, -33.486795535999939 ], [ -70.353524260999961, -33.486434265999947 ], [ -70.354125461999956, -33.486344085999981 ], [ -70.354816842999981, -33.486314025999945 ], [ -70.355508224999937, -33.486223843999937 ], [ -70.356109426999978, -33.486163724999983 ], [ -70.356680567999945, -33.486344085999981 ], [ -70.357371948999969, -33.486614625999955 ], [ -70.358003211999971, -33.486885167999951 ], [ -70.358664532999967, -33.486975346999948 ], [ -70.359866935999946, -33.487245887999961 ], [ -70.36061843799996, -33.487215826999943 ], [ -70.361670540999967, -33.487005406999955 ], [ -70.362632463999944, -33.486704806999974 ], [ -70.363598210999953, -33.486440603999938 ], [ -70.364526492999985, -33.485921856999937 ], [ -70.365290960999971, -33.485485018999945 ], [ -70.366000823999968, -33.484993574999976 ], [ -70.366737988999944, -33.484584038999962 ], [ -70.367447851999941, -33.484311015999936 ], [ -70.368348831999981, -33.483983386999967 ], [ -70.369058693999989, -33.483601151999942 ], [ -70.369877765999945, -33.483218918999974 ], [ -70.370533024999986, -33.483164313999957 ], [ -70.371270189999962, -33.482918591999976 ], [ -70.372416891999933, -33.482700172999948 ], [ -70.373235964999935, -33.48259096399994 ], [ -70.373995171999979, -33.48252645499997 ], [ -70.375257694999959, -33.482466335999945 ], [ -70.375979137999934, -33.482466335999952 ], [ -70.376760697999941, -33.482616636999978 ], [ -70.377632440999946, -33.482827056999945 ], [ -70.378444062999961, -33.482977356999974 ], [ -70.379345865999937, -33.483097596999983 ], [ -70.380247667999981, -33.483488376999958 ], [ -70.381029229999967, -33.483909218999933 ], [ -70.381660490999934, -33.484239879999961 ], [ -70.382171512999946, -33.485111622999966 ], [ -70.382983133999971, -33.48559258399996 ], [ -70.383554275999984, -33.485772943999962 ], [ -70.384155477999968, -33.48586312499998 ], [ -70.384906978999936, -33.486163724999976 ], [ -70.385478120999949, -33.486314025999953 ], [ -70.386199561999945, -33.486464325999968 ], [ -70.387311784999952, -33.486674746999945 ], [ -70.387973107999983, -33.486975346999934 ], [ -70.38866448899995, -33.487215827999925 ], [ -70.389626410999938, -33.487516426999939 ], [ -70.390257672999951, -33.487907208999964 ], [ -70.390708574999962, -33.488177750999952 ], [ -70.391219594999939, -33.488448289999951 ], [ -70.391700555999932, -33.488989371999928 ], [ -70.392211577999944, -33.489500392999972 ], [ -70.392452057999947, -33.490071533999973 ], [ -70.392692538999938, -33.490702795999937 ], [ -70.39314343999996, -33.490973336999964 ], [ -70.393504160999953, -33.490913216999957 ], [ -70.394195542999967, -33.490792976999963 ], [ -70.394856863999962, -33.490462315999935 ], [ -70.395397945999946, -33.490131654999971 ], [ -70.39593902699994, -33.489951293999972 ], [ -70.396600348999982, -33.489650694999966 ], [ -70.397832811999933, -33.489169732999969 ], [ -70.398599907999937, -33.489798800999949 ], [ -70.399719305999952, -33.490153732999943 ], [ -70.400483773999952, -33.490290243999929 ], [ -70.401384754999981, -33.49023563999998 ], [ -70.402422245999958, -33.490099126999944 ], [ -70.403186712999968, -33.489553078999954 ], [ -70.403896575999966, -33.489034333999939 ], [ -70.404742951999935, -33.488570191999933 ], [ -70.40531630199996, -33.488215260999937 ], [ -70.40640839799994, -33.487833026999958 ], [ -70.407211554999947, -33.487185767999961 ], [ -70.40784281699996, -33.486734866999946 ], [ -70.408594317999984, -33.486464325999968 ], [ -70.40937588099996, -33.486283965999974 ], [ -70.410307742999976, -33.486043484999989 ], [ -70.411299725999982, -33.485652703999968 ], [ -70.412057527999934, -33.485107528999954 ], [ -70.412863568999967, -33.484608550999951 ], [ -70.413698142999976, -33.484256409999929 ], [ -70.414437267999972, -33.483802510999972 ], [ -70.415358456999968, -33.483303533999951 ], [ -70.415934199999981, -33.482996470999971 ], [ -70.416619501999946, -33.482645567999953 ], [ -70.417127875999938, -33.482233165999943 ], [ -70.417972481999982, -33.482034116999948 ], [ -70.418626921999987, -33.48194996899997 ], [ -70.419355825999958, -33.481925254999965 ], [ -70.420197507999944, -33.482105615999956 ], [ -70.42118949099995, -33.482316034999947 ], [ -70.422211533999985, -33.482526454999977 ], [ -70.423053215999971, -33.482706816999951 ], [ -70.423833291999983, -33.482787513999931 ], [ -70.423924958, -33.48279699699998 ], [ -70.424856819999945, -33.482827056999945 ], [ -70.425458021999987, -33.482977356999989 ], [ -70.42593898299998, -33.483157716999983 ], [ -70.426780665999956, -33.483578558999973 ], [ -70.427231565999989, -33.48378897799995 ], [ -70.427892887999974, -33.484179759999968 ], [ -70.428343788999939, -33.484269939999933 ], [ -70.428587638999943, -33.484201680999959 ], [ -70.428811712999959, -33.484010373999972 ], [ -70.428938642999981, -33.483489963999943 ], [ -70.428955934999976, -33.482895812999978 ], [ -70.42902782799996, -33.482684698999932 ], [ -70.42916146, -33.482523416999989 ], [ -70.429452528999946, -33.482253426999932 ], [ -70.429725528999953, -33.48210889599995 ], [ -70.430049213999951, -33.481845729999975 ], [ -70.430552142999943, -33.481780239999971 ], [ -70.431198091999988, -33.481852011999933 ], [ -70.431988789999934, -33.481740733999978 ], [ -70.432740921999951, -33.481517124999968 ], [ -70.43378, -33.48114 ], [ -70.433774146999951, -33.481074006999968 ], [ -70.433735269999943, -33.480635150999937 ], [ -70.433722113999977, -33.480526383999972 ], [ -70.433503730999973, -33.478720904999932 ], [ -70.433462109999937, -33.47846 ], [ -70.433308582999985, -33.477497586999959 ], [ -70.433039536999956, -33.476720310999937 ], [ -70.432762509, -33.476064336999968 ], [ -70.432753389999959, -33.476042743999983 ], [ -70.432308490999958, -33.474832786999976 ], [ -70.432303274999981, -33.474304125999943 ], [ -70.432299139999941, -33.473884906999949 ], [ -70.432569212999965, -33.473193842999926 ], [ -70.432730927999955, -33.472780039999975 ], [ -70.433400608999989, -33.471321506999963 ], [ -70.43382487599996, -33.470520497999935 ], [ -70.434500008999976, -33.469789898999984 ], [ -70.434721061999937, -33.469535950999948 ], [ -70.434726105999971, -33.469434606999975 ], [ -70.434739840999967, -33.46915863299995 ], [ -70.434705872999984, -33.468614325999965 ], [ -70.434424348999983, -33.467837195999941 ], [ -70.434007225999949, -33.466794520999933 ], [ -70.433416504999968, -33.465455313999939 ], [ -70.432862471999954, -33.464445642999976 ], [ -70.432030186999953, -33.463994360999955 ], [ -70.430941357999984, -33.463902185999984 ], [ -70.429985021999983, -33.463887034999964 ], [ -70.429670571999964, -33.463764961999971 ], [ -70.42959788099995, -33.463714831999937 ], [ -70.429506239999967, -33.463651632999984 ], [ -70.429194487999951, -33.462932449999983 ], [ -70.428672678999988, -33.461597661999981 ], [ -70.428546909999966, -33.461188847999956 ], [ -70.428375645999949, -33.460632143999945 ], [ -70.427899992999983, -33.459900018999974 ], [ -70.427375626999947, -33.459093357999954 ], [ -70.427317408999954, -33.458591225999953 ], [ -70.42734061699997, -33.458528153999971 ], [ -70.427580618999968, -33.45787589299993 ], [ -70.427663416999962, -33.457425209999933 ], [ -70.42779156499995, -33.456727680999961 ], [ -70.427945835999935, -33.455873739999959 ], [ -70.42799995699994, -33.455589990999947 ], [ -70.428078977999974, -33.455014164999966 ], [ -70.428115471999945, -33.45485626899994 ], [ -70.428315632999954, -33.453990252999979 ], [ -70.428409979999969, -33.453582044999962 ], [ -70.428339395999956, -33.452325852999934 ], [ -70.428200720999939, -33.451489445999982 ], [ -70.428225838999936, -33.450734952999937 ], [ -70.428253165999934, -33.450220583999965 ], [ -70.428268814999967, -33.449918085999968 ], [ -70.428180309999959, -33.44954768499997 ], [ -70.428187324999953, -33.449373971999933 ], [ -70.428194967999971, -33.449184734999967 ], [ -70.428434144999983, -33.448689631999962 ], [ -70.428786496999976, -33.448184586999965 ], [ -70.429310027999975, -33.447750987999946 ], [ -70.429868246999945, -33.44704544699993 ], [ -70.430050001999973, -33.446839992999969 ], [ -70.430249807999985, -33.446625889999957 ], [ -70.430503678999969, -33.446445749999953 ], [ -70.431573839999942, -33.445686378999937 ], [ -70.431949857999939, -33.445055804999974 ], [ -70.431964667999978, -33.444851555999946 ], [ -70.432012267999937, -33.444195082999954 ], [ -70.43203385299995, -33.443897387999989 ], [ -70.431894344999932, -33.443321021999957 ], [ -70.431879483, -33.443259618999939 ], [ -70.43138222999994, -33.442785735999969 ], [ -70.430917721999947, -33.442370093999955 ], [ -70.43083343099994, -33.442201704999945 ], [ -70.43063962399998, -33.441814528999949 ], [ -70.430395374999932, -33.440115724999934 ], [ -70.43024780099995, -33.439560244999932 ], [ -70.430120846999955, -33.43908236999993 ], [ -70.430153688999951, -33.438572367999939 ], [ -70.430247616999964, -33.438420215999933 ], [ -70.430650459999981, -33.437767651999934 ], [ -70.431125178999949, -33.436561536999932 ], [ -70.431179744999952, -33.436429711999935 ], [ -70.431671704999985, -33.435337314999963 ], [ -70.431835729999989, -33.434892902999927 ], [ -70.432260423999935, -33.434268035999935 ], [ -70.432850992999988, -33.433299172999966 ], [ -70.43307088499995, -33.432808173999945 ], [ -70.433135593999964, -33.432663685999955 ], [ -70.433143652999945, -33.431674797999975 ], [ -70.433144040999935, -33.431627178999967 ], [ -70.433146367999939, -33.431341679999946 ], [ -70.433146459999989, -33.431330446999937 ], [ -70.433245669999963, -33.430447225999956 ], [ -70.433318039999961, -33.429802941999981 ], [ -70.433545107999976, -33.428994142999954 ], [ -70.433627718999958, -33.428699887999983 ], [ -70.434210778999955, -33.427277570999934 ], [ -70.434506214999942, -33.426894642999962 ], [ -70.434660127999962, -33.42669514899994 ], [ -70.434896446999971, -33.426524262999969 ], [ -70.43493, -33.4265 ], [ -70.435113767999951, -33.426373800999968 ], [ -70.435359617999964, -33.42630190899996 ], [ -70.435749925999971, -33.426187772999974 ], [ -70.436762303999956, -33.425956153999948 ], [ -70.438904245999936, -33.425642707999934 ], [ -70.439686231999985, -33.425565217999974 ], [ -70.440475125999967, -33.425487037999972 ], [ -70.440889323999968, -33.425322919999935 ], [ -70.441739466999934, -33.424986061999959 ], [ -70.44176151399995, -33.424977325999969 ], [ -70.443063585999937, -33.42437199699998 ], [ -70.444217490999961, -33.423835531999941 ], [ -70.444941168999947, -33.42343574299997 ], [ -70.446565283999973, -33.422538484999954 ], [ -70.446773818999986, -33.422423278999929 ], [ -70.447190582999951, -33.422172156999984 ], [ -70.44770916799996, -33.421683095999974 ], [ -70.448435815, -33.421230781999952 ], [ -70.449025655999947, -33.420765744999983 ], [ -70.449665035999942, -33.420199906999983 ], [ -70.450454701999945, -33.419431868999929 ], [ -70.451444217999949, -33.418594764999966 ], [ -70.451692540999943, -33.418317359999946 ], [ -70.451999442999977, -33.41766996299998 ], [ -70.452307558999962, -33.417019995999965 ], [ -70.452259658999935, -33.416586389999956 ], [ -70.452450465999959, -33.416249207999954 ], [ -70.45258019399995, -33.415496040999983 ], [ -70.452707258999965, -33.413728777999943 ], [ -70.452784340999983, -33.412354054999987 ], [ -70.452927050999961, -33.410695749999945 ], [ -70.453089992999935, -33.41003 ], [ -70.453070429999968, -33.409616802999949 ], [ -70.453069076999952, -33.409535562999963 ], [ -70.453063024999949, -33.40917216999997 ], [ -70.453151527, -33.408621085999982 ], [ -70.453111151999963, -33.407872557999951 ], [ -70.453042681999989, -33.407112655999974 ], [ -70.452849043999947, -33.406377625999937 ], [ -70.452530238999941, -33.40566746799994 ], [ -70.452258548999964, -33.40527274199998 ], [ -70.452090488999943, -33.404934136999941 ], [ -70.451998671999945, -33.404749142999954 ], [ -70.451816272999963, -33.403850134999971 ], [ -70.451616893999983, -33.40287379199998 ], [ -70.451616434999949, -33.402776371999941 ], [ -70.451615516999937, -33.402581229999946 ], [ -70.451659971999959, -33.402379971999949 ], [ -70.451878336999982, -33.40176896399997 ], [ -70.451880365999955, -33.401763286999937 ], [ -70.45264302399994, -33.400620286999988 ], [ -70.452840703999982, -33.400169272999953 ], [ -70.45308975599994, -33.399108908999942 ], [ -70.453200308999953, -33.398590838999958 ], [ -70.453516522999962, -33.397820478999954 ], [ -70.453760579999937, -33.397538096999945 ], [ -70.453914628999939, -33.397393119999933 ], [ -70.454213341999946, -33.397235110999922 ], [ -70.454968390999966, -33.396907300999928 ], [ -70.454980879999951, -33.396906224999952 ], [ -70.455822743999988, -33.39666681999995 ], [ -70.456999502999963, -33.396438248999971 ], [ -70.457808503999956, -33.396333298999934 ], [ -70.459986956999956, -33.395615688999946 ], [ -70.461034304999941, -33.395305085999951 ], [ -70.462579170999959, -33.394976680999946 ], [ -70.463543576999939, -33.394810205999924 ], [ -70.464339733999964, -33.394788881999929 ], [ -70.465517643999988, -33.394631802999974 ], [ -70.466579981999985, -33.394368700999948 ], [ -70.467923112999983, -33.393887511999942 ], [ -70.468702428999961, -33.393711255999968 ], [ -70.469426265999971, -33.393619168999976 ], [ -70.470215860999986, -33.393605434999976 ], [ -70.470249974999945, -33.393590010999958 ], [ -70.470250001999943, -33.39359 ], [ -70.470292091999966, -33.393611636999935 ], [ -70.470988709999972, -33.393999495999935 ], [ -70.47126826899995, -33.394155140999935 ], [ -70.471536869999966, -33.394304689999956 ], [ -70.471930316999988, -33.394380661999939 ], [ -70.472349274999956, -33.394461557999925 ], [ -70.47343, -33.394728892999971 ], [ -70.473444067999935, -33.394732372999961 ], [ -70.474194199999943, -33.394628857999976 ], [ -70.47513066099998, -33.394428520999938 ], [ -70.475504391999948, -33.394297938999955 ], [ -70.475539997999988, -33.394249997999964 ], [ -70.475835205999942, -33.39385251899995 ], [ -70.476200404999986, -33.393217483999933 ], [ -70.476609968999981, -33.391872390999929 ], [ -70.476681892999977, -33.391711877999967 ], [ -70.477148195999973, -33.390174204999937 ], [ -70.477953122999963, -33.388983931999981 ], [ -70.478313896999964, -33.388466821999941 ], [ -70.478640016, -33.387568117999933 ], [ -70.478758900999935, -33.387029809999952 ], [ -70.478795498999943, -33.386671446999962 ], [ -70.478771583999958, -33.386099047999942 ], [ -70.478902741999946, -33.385191285999944 ], [ -70.478989955999978, -33.384419762999975 ], [ -70.479228035999938, -33.383659701999932 ], [ -70.479560191999951, -33.383118850999942 ], [ -70.480009326999948, -33.38276749799995 ], [ -70.480793837999954, -33.382066145999943 ], [ -70.481505423999977, -33.381258281999976 ], [ -70.481818076999957, -33.380407453999958 ], [ -70.482167367999978, -33.379537097999957 ], [ -70.482401429999982, -33.378245763999928 ], [ -70.482508713999948, -33.377528626999947 ], [ -70.482487798999955, -33.376715187999942 ], [ -70.482330316999935, -33.376233866999932 ], [ -70.48214012699998, -33.375919968999938 ], [ -70.481852166999943, -33.375161359999929 ], [ -70.481520871999976, -33.374203343999959 ], [ -70.481463186999974, -33.373628052999948 ], [ -70.481179912999949, -33.372976662999967 ], [ -70.480786742999967, -33.372265673999941 ], [ -70.480193989999975, -33.37155706399993 ], [ -70.47942134699997, -33.370941958999936 ], [ -70.478830423999966, -33.370674046999966 ], [ -70.478434924999988, -33.370410311999933 ], [ -70.477903866999952, -33.370118363999943 ], [ -70.47757071999996, -33.36984321299996 ], [ -70.47747437299995, -33.364229856999934 ], [ -70.478161910999972, -33.36434615099995 ], [ -70.478236333999973, -33.36434289999994 ], [ -70.47835988099996, -33.364337502999952 ], [ -70.478752082999961, -33.364320368999977 ], [ -70.478930779999985, -33.364315561999938 ], [ -70.479064927999957, -33.364319320999982 ], [ -70.479202402999988, -33.364331076999981 ], [ -70.479231861999949, -33.364332904999962 ], [ -70.479311060999976, -33.364337818999964 ], [ -70.479400477999945, -33.364339431999952 ], [ -70.479508490999933, -33.364331978999928 ], [ -70.479601873999968, -33.364312828999971 ], [ -70.479730362999987, -33.364284240999943 ], [ -70.479907909999952, -33.364237031999949 ], [ -70.480067780999946, -33.364217087999968 ], [ -70.480291088999934, -33.364214424999936 ], [ -70.480519845999936, -33.364211696999966 ], [ -70.480537229999982, -33.364211489999946 ], [ -70.480682448999971, -33.364218775999966 ], [ -70.480772931999979, -33.364226714999973 ], [ -70.480890583999951, -33.364252367999939 ], [ -70.481095292999953, -33.364316541999983 ], [ -70.481185163999953, -33.364344936999935 ], [ -70.481252418999986, -33.36435752899996 ], [ -70.481346908999967, -33.364364164999976 ], [ -70.481444961999955, -33.364362994999958 ], [ -70.481583464999972, -33.364370360999935 ], [ -70.481656821999934, -33.364378503999944 ], [ -70.481793615999948, -33.364403926999962 ], [ -70.481851793999965, -33.364422067999961 ], [ -70.481905041999937, -33.364438670999959 ], [ -70.481982887999948, -33.364473815999915 ], [ -70.482055695999975, -33.364509021999943 ], [ -70.482183669999984, -33.364588660999971 ], [ -70.482383597999956, -33.36471253499996 ], [ -70.482467147999955, -33.364764808999944 ], [ -70.482475556999987, -33.364770069999956 ], [ -70.482544377999943, -33.36482067299994 ], [ -70.48262706099996, -33.364866931999984 ], [ -70.482719712999938, -33.364897322999973 ], [ -70.482883938999976, -33.364922562999944 ], [ -70.483023966999951, -33.364929480999912 ], [ -70.483144938999942, -33.364919444999941 ], [ -70.483264009999971, -33.364897977999938 ], [ -70.483425144999956, -33.364841647999981 ], [ -70.483494478999944, -33.364805025999949 ], [ -70.483578849999958, -33.364749612999951 ], [ -70.483664682999972, -33.364679864999964 ], [ -70.483760410999935, -33.364589953999932 ], [ -70.483837665999943, -33.364517444999933 ], [ -70.483930321999935, -33.36444761499996 ], [ -70.484041864999938, -33.36438471799994 ], [ -70.484143438999979, -33.364337688999967 ], [ -70.484245304999945, -33.364307835999973 ], [ -70.484366129999955, -33.364289210999978 ], [ -70.484507716999985, -33.364287517999962 ], [ -70.484659903999955, -33.364307172999929 ], [ -70.484819302999952, -33.364349649999951 ], [ -70.485014792999948, -33.364407442999955 ], [ -70.485227415999987, -33.364469325999949 ], [ -70.485403800999961, -33.364507303999972 ], [ -70.485597050999957, -33.364533624999979 ], [ -70.48582261599995, -33.364553832999938 ], [ -70.486143732999949, -33.364574327999961 ], [ -70.486565569999982, -33.364597910999976 ], [ -70.487200981999933, -33.36463897699997 ], [ -70.487617774999933, -33.364666911999954 ], [ -70.488119909999966, -33.364696685999931 ], [ -70.488386269999978, -33.364707809999956 ], [ -70.488681361999966, -33.364702838999975 ], [ -70.48887882799994, -33.364676131999943 ], [ -70.489064230999986, -33.364642409999917 ], [ -70.489249365999967, -33.364592942999927 ], [ -70.489551937999977, -33.364526316999957 ], [ -70.489645613999983, -33.364516601999973 ], [ -70.490012203999981, -33.364502179999931 ], [ -70.490457337999942, -33.36449110999996 ], [ -70.49077099699997, -33.364474456999972 ], [ -70.490967171999955, -33.364472100999933 ], [ -70.491197365999938, -33.364463608999984 ], [ -70.491405725999982, -33.364475422999931 ], [ -70.491590569999971, -33.36450899499993 ], [ -70.491795957999955, -33.364546613999948 ], [ -70.491990914999974, -33.364572904999932 ], [ -70.492293024999981, -33.364579295999931 ], [ -70.492583314999933, -33.364592985999934 ], [ -70.492766657999937, -33.364616678999937 ], [ -70.492966724999974, -33.364664255999962 ], [ -70.493226297999968, -33.364780982999939 ], [ -70.493555781999987, -33.364987893999967 ], [ -70.493948528999965, -33.365199000999951 ], [ -70.494045696999933, -33.365269474999927 ], [ -70.494101154999953, -33.365319592999974 ], [ -70.494377317999977, -33.365643361999958 ], [ -70.494615504999956, -33.365931768999928 ], [ -70.495044201999974, -33.366460354999951 ], [ -70.495149315999981, -33.366607927999944 ], [ -70.495262794999974, -33.366731546 ], [ -70.495362987999954, -33.366816015999987 ], [ -70.495550799999933, -33.36691746799994 ], [ -70.495709665999982, -33.366957590999959 ], [ -70.495914750999987, -33.366974867999943 ], [ -70.496122494999952, -33.366983754999978 ], [ -70.496470683999974, -33.36698689299994 ], [ -70.496799817999943, -33.367006104999973 ], [ -70.497062799999981, -33.36701422699997 ], [ -70.497672763999958, -33.367012833999979 ], [ -70.498066749999964, -33.367020010999958 ], [ -70.498503484999958, -33.367032634999923 ], [ -70.498819691999984, -33.367064609999922 ], [ -70.499092627999971, -33.36714363699997 ] ] ] } },
{ "type": "Feature", "properties": { "OA_ID": "13103", "REGION": "Metropolitana de Santiago", "PROVINCIA": "Santiago", "COMUNA": "Cerro Navia", "area_km2": 11.053738867111147 }, "geometry": { "type": "Polygon", "coordinates": [ [ [ -70.722407694999958, -33.411677984999983 ], [ -70.722185619999962, -33.411906577999957 ], [ -70.721966702999964, -33.412122071999931 ], [ -70.721772973999975, -33.412238576999982 ], [ -70.721390396999936, -33.412413344999948 ], [ -70.720881585999962, -33.412610097999966 ], [ -70.72046865599998, -33.412775167999939 ], [ -70.720016926999961, -33.412961007999975 ], [ -70.719523184999957, -33.413157545999972 ], [ -70.719215725999959, -33.413318619999984 ], [ -70.718908813999974, -33.413507507999945 ], [ -70.718664568999941, -33.413662645999963 ], [ -70.718131596999967, -33.414011475999985 ], [ -70.717669787999967, -33.41429861599994 ], [ -70.717327185999977, -33.414513285999931 ], [ -70.716897392999954, -33.414741808999956 ], [ -70.716385443999968, -33.414933527999949 ], [ -70.715856097999961, -33.415160894999936 ], [ -70.716185350999979, -33.41564700999993 ], [ -70.716496069999948, -33.416110615999969 ], [ -70.716614227999969, -33.416291084999948 ], [ -70.71668389599995, -33.416459578999927 ], [ -70.716767963999985, -33.416746746999934 ], [ -70.716923314999974, -33.417437603999929 ], [ -70.71718979799995, -33.418564477999958 ], [ -70.717464560999986, -33.419805051999958 ], [ -70.717786454999953, -33.42114108199997 ], [ -70.718078978999984, -33.422363702999959 ], [ -70.718281824999963, -33.423167713999931 ], [ -70.718455592999987, -33.423873488999959 ], [ -70.71856394799994, -33.42416790599998 ], [ -70.718943918999969, -33.42554106499994 ], [ -70.719261049999943, -33.426786103999973 ], [ -70.719737324999983, -33.42860559599994 ], [ -70.719992293999951, -33.429603629999974 ], [ -70.720249985999942, -33.430586450999961 ], [ -70.720515291999959, -33.431801852999968 ], [ -70.720685312999933, -33.432621489999974 ], [ -70.72084850799996, -33.43340075299993 ], [ -70.721014021999963, -33.434144574999934 ], [ -70.721291244999975, -33.435503973999978 ], [ -70.721533074999968, -33.436598295999936 ], [ -70.721627444999967, -33.436965974999971 ], [ -70.721768218999955, -33.43732606799994 ], [ -70.721880703999943, -33.437607247999949 ], [ -70.722109922999948, -33.43817644399995 ], [ -70.722336652999957, -33.438770043999952 ], [ -70.72245933499994, -33.438792243999956 ], [ -70.722775996999985, -33.438791291999969 ], [ -70.72301214099997, -33.438774217999928 ], [ -70.723278814999958, -33.438741202999942 ], [ -70.723530825999944, -33.438694598999973 ], [ -70.723740185999986, -33.438571005999961 ], [ -70.723854638999981, -33.438431491999943 ], [ -70.723971429999949, -33.43820229499994 ], [ -70.724071183999968, -33.438047468999962 ], [ -70.724130402999947, -33.437922514999961 ], [ -70.724174060999985, -33.437842601999932 ], [ -70.72424622799997, -33.437748499999934 ], [ -70.724317292999956, -33.437702686999948 ], [ -70.72468983999994, -33.437616475999967 ], [ -70.725234422999975, -33.437495111999965 ], [ -70.725978411999961, -33.43737097099995 ], [ -70.726536008999972, -33.437283901999933 ], [ -70.72675131699998, -33.437253318999979 ], [ -70.727033508999966, -33.437173530999921 ], [ -70.727309190999961, -33.437076592999972 ], [ -70.727482562999967, -33.437005215999932 ], [ -70.727773699999943, -33.436858063999978 ], [ -70.727883581999947, -33.43679963999994 ], [ -70.728097487999946, -33.436698387999961 ], [ -70.72837279099997, -33.436582488999932 ], [ -70.728574634999973, -33.43649519699995 ], [ -70.728707026999984, -33.436431285999952 ], [ -70.728831571999933, -33.436386447999944 ], [ -70.728995619999978, -33.436363471999975 ], [ -70.729110570999978, -33.436353248999978 ], [ -70.729759121999962, -33.436290757999984 ], [ -70.730324071999974, -33.43626390999998 ], [ -70.730957681999939, -33.436277477999973 ], [ -70.731704630999957, -33.436303252999942 ], [ -70.732408237999948, -33.436321007999936 ], [ -70.73271090999998, -33.436340914999967 ], [ -70.733013273999973, -33.436345308999925 ], [ -70.733795444999942, -33.436384370999967 ], [ -70.734161810999979, -33.436401659999937 ], [ -70.734597967999946, -33.436412798999989 ], [ -70.735079008999946, -33.43640606799994 ], [ -70.735862309999959, -33.436398551999964 ], [ -70.736472929999934, -33.436393448999965 ], [ -70.73757719799994, -33.436395218999962 ], [ -70.738699933999953, -33.436394994999937 ], [ -70.739526265999984, -33.436379956999922 ], [ -70.73973624599995, -33.436382397999971 ], [ -70.739929393999944, -33.436384643999915 ], [ -70.740457817999982, -33.436382399999964 ], [ -70.740883356999973, -33.436392656999935 ], [ -70.740885637999966, -33.435024853999941 ], [ -70.740875703999961, -33.434170331999951 ], [ -70.740857655999946, -33.433052961999969 ], [ -70.740840585999933, -33.432141255999959 ], [ -70.740838638999946, -33.431701773999976 ], [ -70.740830573999972, -33.431554429999949 ], [ -70.740822248999962, -33.431052044999937 ], [ -70.740804104999938, -33.429886955999955 ], [ -70.741332089999958, -33.429906742999947 ], [ -70.741618854999956, -33.429902715999958 ], [ -70.74288645699994, -33.429937874999936 ], [ -70.744145009999968, -33.42994737999993 ], [ -70.744404691999989, -33.429955179999979 ], [ -70.74567180799994, -33.429965979999956 ], [ -70.746594495999943, -33.430000229999955 ], [ -70.746825462999936, -33.429938279999931 ], [ -70.74706, -33.42989 ], [ -70.748335760999964, -33.429644984999982 ], [ -70.748980127999971, -33.429508482999957 ], [ -70.749387605999971, -33.429393931999989 ], [ -70.749672643999986, -33.429304011999939 ], [ -70.749868162999974, -33.429262599999966 ], [ -70.750016204999952, -33.429237603999979 ], [ -70.750556933999974, -33.429126894999953 ], [ -70.750834825999959, -33.42902132599994 ], [ -70.751310412999942, -33.428812750999946 ], [ -70.751753853999958, -33.428618943999929 ], [ -70.751980075999938, -33.428491196999964 ], [ -70.752187492999951, -33.428362282999956 ], [ -70.752402138999969, -33.428253309999938 ], [ -70.752534527999956, -33.428214215999958 ], [ -70.752944967999952, -33.428162602999976 ], [ -70.753547996999941, -33.428093947999962 ], [ -70.754399538999962, -33.427987415999951 ], [ -70.754515261999984, -33.427968598999939 ], [ -70.754737335999948, -33.427889580999917 ], [ -70.755049737999968, -33.427717659999928 ], [ -70.755242218999967, -33.427610426999934 ], [ -70.755385862999958, -33.427536811999978 ], [ -70.755550506999953, -33.427488668999949 ], [ -70.75583304099996, -33.42744458399995 ], [ -70.756132700999956, -33.427403117999972 ], [ -70.756732278999948, -33.427333064999971 ], [ -70.757015272999979, -33.427311875999976 ], [ -70.757615046999945, -33.42733630399993 ], [ -70.759034954999947, -33.427390613999926 ], [ -70.759985445999973, -33.427450139999955 ], [ -70.760466694999934, -33.427523478999937 ], [ -70.761035947999972, -33.427642809999952 ], [ -70.761279392999938, -33.427692321999977 ], [ -70.761592328999939, -33.427716509999982 ], [ -70.761873962999971, -33.427712507999956 ], [ -70.762731823999957, -33.427665956999924 ], [ -70.762903899999969, -33.427647763 ], [ -70.763031422999973, -33.427621612999914 ], [ -70.763338165999983, -33.427508447999976 ], [ -70.763949044999947, -33.427237772999945 ], [ -70.764802580999969, -33.426893491999984 ], [ -70.765272072999949, -33.426639138999981 ], [ -70.765911172999949, -33.426291353999936 ], [ -70.766397390999941, -33.426027420999958 ], [ -70.766769613999941, -33.425845928999934 ], [ -70.767109179, -33.425765119999944 ], [ -70.767307444999972, -33.425834491999979 ], [ -70.767552493999972, -33.426131638999948 ], [ -70.767789146999988, -33.426295287999963 ], [ -70.768034180999962, -33.426310882999928 ], [ -70.768269170999986, -33.426111877999965 ], [ -70.768463269999984, -33.425860961999938 ], [ -70.768669133999936, -33.425628966999959 ], [ -70.768917725999984, -33.425539523999923 ], [ -70.769440085999975, -33.425479578999948 ], [ -70.769899667999937, -33.425410982999949 ], [ -70.770591255999989, -33.425277035999954 ], [ -70.771259307999969, -33.425105245999923 ], [ -70.771683921999966, -33.42507174699994 ], [ -70.771779759999959, -33.425064185999929 ], [ -70.77199795599995, -33.425046971999954 ], [ -70.772190237999951, -33.425042256999973 ], [ -70.772591851999948, -33.424951602999947 ], [ -70.772812568999939, -33.424806269999969 ], [ -70.773135411999988, -33.424423691999955 ], [ -70.773640227999977, -33.424298717999925 ], [ -70.774073422999948, -33.424029044999948 ], [ -70.774172181999973, -33.423889703999976 ], [ -70.77424022799994, -33.42379369799994 ], [ -70.774402710999937, -33.423346007999953 ], [ -70.774479378999956, -33.423098246999984 ], [ -70.774672359999954, -33.422944746 ], [ -70.775021658999947, -33.422843821999933 ], [ -70.775585434999982, -33.422842602999935 ], [ -70.77594738199997, -33.422804869999936 ], [ -70.776341252999941, -33.422584485999948 ], [ -70.776568191999957, -33.422370870999949 ], [ -70.776802965999934, -33.422205183999949 ], [ -70.776945917999967, -33.421916885999963 ], [ -70.77713599599997, -33.421470360999933 ], [ -70.77725488599998, -33.420881692999949 ], [ -70.777343821999978, -33.420498653999971 ], [ -70.777453324999954, -33.420287113999962 ], [ -70.777720368999951, -33.419987418999945 ], [ -70.778265636999947, -33.419836831999923 ], [ -70.778659975999972, -33.419640293999976 ], [ -70.778971552999963, -33.419292237 ], [ -70.779220158999976, -33.418925993999949 ], [ -70.77958186099994, -33.418524722999948 ], [ -70.779674093999972, -33.418303884999936 ], [ -70.77995614699995, -33.41790375599993 ], [ -70.780164728999978, -33.417528541999964 ], [ -70.780410362999987, -33.417295956999965 ], [ -70.780572904999985, -33.417174321999923 ], [ -70.780712884999957, -33.417062554999973 ], [ -70.781000503999962, -33.416922791999973 ], [ -70.781235908999975, -33.41685899699997 ], [ -70.781580489999953, -33.416734745999953 ], [ -70.781937323999969, -33.416653265999962 ], [ -70.782136626999943, -33.416659946999971 ], [ -70.782148720999942, -33.416416397999967 ], [ -70.782160230999978, -33.416144224999982 ], [ -70.782167939999965, -33.415685996999969 ], [ -70.782195150999939, -33.415346789999937 ], [ -70.782219862999966, -33.414606765999963 ], [ -70.782271359999982, -33.413785230999963 ], [ -70.782271391999984, -33.413784520999961 ], [ -70.781861798999955, -33.413777325999945 ], [ -70.781251677999933, -33.413759696999932 ], [ -70.780941348999988, -33.413783225999971 ], [ -70.780768549999948, -33.413796326999943 ], [ -70.780121522999934, -33.413897991999924 ], [ -70.779492341999969, -33.41391031999995 ], [ -70.778956672999982, -33.413878414999935 ], [ -70.778551325999956, -33.413871030999921 ], [ -70.778263792999951, -33.413844353999941 ], [ -70.777994917999933, -33.413786632999972 ], [ -70.77777360499995, -33.413737018999946 ], [ -70.77737877999995, -33.413666797999952 ], [ -70.77705343599996, -33.413634713999961 ], [ -70.776605599999982, -33.413562404999936 ], [ -70.776235379999946, -33.413541314999982 ], [ -70.77585023499995, -33.41356002699996 ], [ -70.775398768999935, -33.413606079999965 ], [ -70.774995032999982, -33.413677841999963 ], [ -70.774536571999988, -33.413766880999958 ], [ -70.774071652999964, -33.413925292999977 ], [ -70.773592342999962, -33.414149891999948 ], [ -70.773302989999934, -33.414236507999917 ], [ -70.772907382999961, -33.414321343999973 ], [ -70.772728080999968, -33.414403086999982 ], [ -70.772575839999959, -33.414461347999968 ], [ -70.772356203999948, -33.414494178999981 ], [ -70.772105305999958, -33.414537353999947 ], [ -70.771842340999967, -33.414567504999972 ], [ -70.771700150999948, -33.414585526999936 ], [ -70.771229284999947, -33.414599355999933 ], [ -70.770819598999935, -33.414572213999982 ], [ -70.770078548999948, -33.414500313999952 ], [ -70.769420022999952, -33.414423932999959 ], [ -70.768776962999937, -33.414334130999976 ], [ -70.767567562999943, -33.414057747999955 ], [ -70.766516618999958, -33.413835181999957 ], [ -70.76585629799996, -33.413669729999974 ], [ -70.765236107999954, -33.413543292999975 ], [ -70.764710181999988, -33.413428256999971 ], [ -70.764279819999956, -33.413338316999955 ], [ -70.763624248999989, -33.413206615999975 ], [ -70.762845886999969, -33.413039526999974 ], [ -70.762091390999956, -33.412885289999963 ], [ -70.761497874999975, -33.412715566999957 ], [ -70.761082467999984, -33.412599396999944 ], [ -70.760810373999959, -33.412566968999947 ], [ -70.760443426999984, -33.412512792999955 ], [ -70.759967160999963, -33.412499756999964 ], [ -70.759326316999989, -33.412518746999972 ], [ -70.75870940199998, -33.412553889999963 ], [ -70.757688205999955, -33.412634348999973 ], [ -70.756746128999964, -33.412736773999931 ], [ -70.756176934999985, -33.412797620999974 ], [ -70.755453298999953, -33.412807865999959 ], [ -70.755204470999956, -33.412758600999943 ], [ -70.754801334, -33.412665329999982 ], [ -70.754446253999959, -33.412614266999981 ], [ -70.753929333999963, -33.412535799999944 ], [ -70.753360093999959, -33.412398684999971 ], [ -70.752994466999951, -33.412325364999958 ], [ -70.75254401799998, -33.412311243999973 ], [ -70.751954099999978, -33.41231957899997 ], [ -70.751246395999942, -33.412339470999939 ], [ -70.750936488999969, -33.41226576199994 ], [ -70.750689620999935, -33.412235158999977 ], [ -70.750272018999965, -33.412205835999941 ], [ -70.749999946999935, -33.412209926999928 ], [ -70.749364336999975, -33.412257157999925 ], [ -70.748602630999983, -33.412330582999964 ], [ -70.747589620999975, -33.412427339999958 ], [ -70.746895693999988, -33.412545988999959 ], [ -70.746436478999954, -33.412598643999956 ], [ -70.745913348999977, -33.412602709999923 ], [ -70.745395905999942, -33.412497820999931 ], [ -70.744543647999933, -33.412371245999957 ], [ -70.743991207999954, -33.412286637999955 ], [ -70.743518479999977, -33.412253694999954 ], [ -70.742866227999968, -33.412292553999976 ], [ -70.742402880999975, -33.412335354999975 ], [ -70.741904335999948, -33.412388546999978 ], [ -70.741011322999952, -33.412387887999955 ], [ -70.740248158999975, -33.412388700999941 ], [ -70.739196715999981, -33.412334166999976 ], [ -70.737987893999957, -33.412278529999966 ], [ -70.737219943999946, -33.412236500999938 ], [ -70.736058120999985, -33.412170289999942 ], [ -70.735282699999971, -33.412148148999961 ], [ -70.734292940999978, -33.412227975999947 ], [ -70.733009068999934, -33.412354794999935 ], [ -70.732019370999978, -33.412437901999965 ], [ -70.731203434999955, -33.412554867999958 ], [ -70.730431738999982, -33.41272069799993 ], [ -70.729762686999948, -33.412904887999957 ], [ -70.728985015999967, -33.413166468999975 ], [ -70.728403490999938, -33.413343404999971 ], [ -70.727845970999965, -33.413456174999965 ], [ -70.727169969999977, -33.413488684999948 ], [ -70.726815421999959, -33.413463928999931 ], [ -70.726337256999955, -33.413355113999962 ], [ -70.725508692999938, -33.413033425999977 ], [ -70.724195109999982, -33.412454540999931 ], [ -70.723523745999955, -33.412124055999982 ], [ -70.722407694999958, -33.411677984999983 ] ] ] } },
{ "type": "Feature", "properties": { "OA_ID": "13116", "REGION": "Metropolitana de Santiago", "PROVINCIA": "Santiago", "COMUNA": "Lo Espejo", "area_km2": 8.2550111455948443 }, "geometry": { "type": "Polygon", "coordinates": [ [ [ -70.671029621999935, -33.510750345999945 ], [ -70.671351868999977, -33.511421695999942 ], [ -70.671759527999939, -33.512238903999958 ], [ -70.671977965999986, -33.51269598499993 ], [ -70.672426606999977, -33.513629076999955 ], [ -70.672841966999954, -33.514490079999973 ], [ -70.67322724099995, -33.515326672999947 ], [ -70.673685610999939, -33.516290168999937 ], [ -70.674096513999984, -33.517155044999981 ], [ -70.674428895999952, -33.51784727699993 ], [ -70.674654491999945, -33.518319526999953 ], [ -70.675285835999944, -33.519624267999973 ], [ -70.675871996999945, -33.520830355999976 ], [ -70.676121497999986, -33.521359544999946 ], [ -70.676608011999974, -33.522360823999968 ], [ -70.677137133999963, -33.523443602999976 ], [ -70.677666453999962, -33.524535921999984 ], [ -70.677977870999953, -33.525201702999944 ], [ -70.678591746999984, -33.526422670999978 ], [ -70.679131464999955, -33.527461393999943 ], [ -70.679802559999985, -33.528693032999961 ], [ -70.680306280999972, -33.529636795999984 ], [ -70.680819054999972, -33.530576616999952 ], [ -70.681556809999961, -33.531952410999956 ], [ -70.682079354999985, -33.532924542999979 ], [ -70.682424760999936, -33.533576486999941 ], [ -70.682876485999941, -33.534421685999966 ], [ -70.684295057999975, -33.537049940999964 ], [ -70.685141641999962, -33.538624655999975 ], [ -70.685404303999974, -33.539130403999927 ], [ -70.68671845199998, -33.53862961499992 ], [ -70.68784205299994, -33.538223930999941 ], [ -70.688952909999955, -33.537810949999937 ], [ -70.690675277999958, -33.537180752999973 ], [ -70.691836379999984, -33.536758787999929 ], [ -70.692037850999952, -33.536687316999974 ], [ -70.693186965999985, -33.536265026999942 ], [ -70.694164702999956, -33.535909017999984 ], [ -70.69476561099998, -33.535690822999975 ], [ -70.695514784999943, -33.535420009999939 ], [ -70.696699381999963, -33.534978113999948 ], [ -70.698417726999935, -33.534323686999969 ], [ -70.699101094999946, -33.53406902699993 ], [ -70.699498258999938, -33.533923276999928 ], [ -70.700254106999978, -33.533645663999934 ], [ -70.701298330999975, -33.533254326999952 ], [ -70.701865320999957, -33.533051834999981 ], [ -70.702694208999958, -33.53277996099996 ], [ -70.704804384999989, -33.532029759999944 ], [ -70.705475562999936, -33.531772471999943 ], [ -70.70594295799998, -33.531585061999976 ], [ -70.70638401399998, -33.531412343999925 ], [ -70.706265934999976, -33.530332719999919 ], [ -70.70620938999997, -33.529835061999961 ], [ -70.706167639999933, -33.529389922999933 ], [ -70.706161591999944, -33.529185731999981 ], [ -70.706125435999979, -33.528807836999938 ], [ -70.706097039999989, -33.528362995999942 ], [ -70.706067428999972, -33.527769282999941 ], [ -70.706055077999963, -33.527561092999981 ], [ -70.706017490999955, -33.526720833999946 ], [ -70.705993945999978, -33.526174757999968 ], [ -70.705951390999985, -33.52585503499995 ], [ -70.705843996999988, -33.524924111999944 ], [ -70.705690955999955, -33.524206282999955 ], [ -70.705462353999962, -33.523597976999945 ], [ -70.705390206999937, -33.523401727999946 ], [ -70.705034773999955, -33.522570309999928 ], [ -70.704543322999939, -33.521407422999971 ], [ -70.704020120999985, -33.520185796999954 ], [ -70.703544022999949, -33.519083838999968 ], [ -70.703113713999983, -33.518154823999964 ], [ -70.702587351999966, -33.517010158999945 ], [ -70.70232680099997, -33.516451596999964 ], [ -70.701972586999943, -33.515679324999951 ], [ -70.701719376999961, -33.515134466999939 ], [ -70.701429159999975, -33.514503329999968 ], [ -70.700684108999951, -33.512890246999959 ], [ -70.700288401999956, -33.512041614999923 ], [ -70.699966254999936, -33.511341875999953 ], [ -70.698932931999934, -33.509192288999941 ], [ -70.698309637999955, -33.507901 ], [ -70.697865628999978, -33.506987929999973 ], [ -70.697635428999945, -33.506533478999977 ], [ -70.69712564799994, -33.505506904999947 ], [ -70.696721212999933, -33.504689937999956 ], [ -70.696196715999974, -33.50363200299995 ], [ -70.695378421999976, -33.501996862999924 ], [ -70.694591361999983, -33.502267685999975 ], [ -70.694158994999952, -33.502404857999984 ], [ -70.692880805999948, -33.502848088999947 ], [ -70.691172568999946, -33.503444330999983 ], [ -70.690764430999934, -33.503582440999935 ], [ -70.690168636999942, -33.503780828999936 ], [ -70.689608596999975, -33.503980863999963 ], [ -70.688960565999935, -33.504218034999951 ], [ -70.688024527999971, -33.50453475299998 ], [ -70.687502451999933, -33.504719297999934 ], [ -70.68618418799997, -33.505164793999938 ], [ -70.684921305999978, -33.505599679999932 ], [ -70.684465854999985, -33.505752049999955 ], [ -70.683954578999987, -33.505855680999957 ], [ -70.683695772999954, -33.505931881999963 ], [ -70.683368997999935, -33.506056035999954 ], [ -70.683077854999965, -33.506175428999946 ], [ -70.682867973999976, -33.506274477999973 ], [ -70.682007540999962, -33.506645301999981 ], [ -70.681509060999986, -33.506863703999947 ], [ -70.681063780999978, -33.507062142999978 ], [ -70.680592986999955, -33.507260926999933 ], [ -70.679846674999965, -33.507595984 ], [ -70.679178659999934, -33.507889358999932 ], [ -70.678510432999985, -33.508172044999988 ], [ -70.678269845999978, -33.508267226999969 ], [ -70.678056266999988, -33.508302823999941 ], [ -70.676860194999961, -33.508346175999975 ], [ -70.67666173799995, -33.508376652999971 ], [ -70.676514634999933, -33.508423535999945 ], [ -70.676370329999941, -33.50848320799998 ], [ -70.675456764999979, -33.508880358999924 ], [ -70.675041744999987, -33.509061265999932 ], [ -70.673758733999989, -33.509621591999959 ], [ -70.673300458999961, -33.509809489999945 ], [ -70.672695731999966, -33.510078459999953 ], [ -70.672090835999938, -33.510338878999953 ], [ -70.671029621999935, -33.510750345999945 ] ] ] } },
{ "type": "Feature", "properties": { "OA_ID": "13110", "REGION": "Metropolitana de Santiago", "PROVINCIA": "Santiago", "COMUNA": "La Florida", "area_km2": 71.057818818786998 }, "geometry": { "type": "Polygon", "coordinates": [ [ [ -70.613822745999983, -33.508230085999969 ], [ -70.613358914999935, -33.508270029999949 ], [ -70.612521391999962, -33.508322439999972 ], [ -70.610775819999958, -33.508411553999963 ], [ -70.608649998999979, -33.508510000999934 ], [ -70.605512413999975, -33.508739710999976 ], [ -70.604409842999985, -33.508823035999953 ], [ -70.604093786999954, -33.508846987999952 ], [ -70.603643042999977, -33.508881182999964 ], [ -70.602329448999967, -33.508980829999985 ], [ -70.600536473999966, -33.509111050999934 ], [ -70.599999697999976, -33.509149980999943 ], [ -70.59913254199995, -33.50921303399997 ], [ -70.59743550099995, -33.509324998999936 ], [ -70.594341854999982, -33.509542772999964 ], [ -70.593021765999936, -33.509623289999979 ], [ -70.59208724299998, -33.50970191499993 ], [ -70.591637318999972, -33.509770690999972 ], [ -70.591220859999964, -33.509924933999969 ], [ -70.590694514999939, -33.510176029999961 ], [ -70.590213665999954, -33.510351620999984 ], [ -70.589897945999951, -33.510415326999976 ], [ -70.589328397999964, -33.510422635999923 ], [ -70.588952778999953, -33.510326046999978 ], [ -70.588544086999946, -33.51017321099993 ], [ -70.587843777999979, -33.510039025999959 ], [ -70.586457590999942, -33.510111770999977 ], [ -70.585467974999972, -33.510179506999968 ], [ -70.584977394999953, -33.510212784999958 ], [ -70.583146759999977, -33.510331185999974 ], [ -70.582309323999937, -33.510381628999937 ], [ -70.580888193999954, -33.510445414999936 ], [ -70.580643890999966, -33.510458936999953 ], [ -70.579953579999938, -33.51051291299995 ], [ -70.578251224999974, -33.510615590999961 ], [ -70.577204344999984, -33.510686568999958 ], [ -70.575734054999941, -33.510799151999947 ], [ -70.574876783, -33.510929045999944 ], [ -70.574134741999956, -33.511031302999989 ], [ -70.572944665999955, -33.511163704999937 ], [ -70.571909980999976, -33.511262747999986 ], [ -70.571012552999946, -33.511343132999968 ], [ -70.570650055999977, -33.511380043999957 ], [ -70.569875981999985, -33.511458858999966 ], [ -70.569097532999933, -33.511527036999944 ], [ -70.568758376999938, -33.511555809999955 ], [ -70.568188304999978, -33.511534570999963 ], [ -70.567910406999943, -33.511529849999917 ], [ -70.567521909999982, -33.511546095999954 ], [ -70.566232956999954, -33.511612525999972 ], [ -70.565982797999936, -33.511609998 ], [ -70.565568561999967, -33.511581257999971 ], [ -70.564796969999975, -33.511440392999937 ], [ -70.564600268999982, -33.511393657999974 ], [ -70.564105505999976, -33.511373928999944 ], [ -70.562065576999942, -33.511449545999945 ], [ -70.561706350999941, -33.51147369399996 ], [ -70.560324313999956, -33.511612001999936 ], [ -70.559604109999952, -33.511732742999982 ], [ -70.559027887999946, -33.511788453999941 ], [ -70.557699901999968, -33.511884990999924 ], [ -70.556843365999953, -33.511947578999987 ], [ -70.554594019999982, -33.512050615999954 ], [ -70.552935832999935, -33.512123506999949 ], [ -70.550733765999951, -33.512212060999957 ], [ -70.549736218999954, -33.51225713499997 ], [ -70.548454354999933, -33.512317844999977 ], [ -70.547091480999939, -33.51238660599995 ], [ -70.54622403999997, -33.512467261999966 ], [ -70.545518821999963, -33.512503264999957 ], [ -70.544918729999949, -33.512492140999932 ], [ -70.544439473999944, -33.512452304999947 ], [ -70.543784405999986, -33.512427256999956 ], [ -70.543354268999963, -33.512434163999956 ], [ -70.542695224999989, -33.512494085999947 ], [ -70.541752852999934, -33.512401047999951 ], [ -70.540261036999937, -33.512072920999955 ], [ -70.53855962199998, -33.511694346999946 ], [ -70.537536501999966, -33.511182106999968 ], [ -70.536121673999958, -33.510856525999927 ], [ -70.534142330999941, -33.510341302999961 ], [ -70.533354103999955, -33.510088723999957 ], [ -70.530833327999972, -33.509202837999958 ], [ -70.528152641999952, -33.508260661999934 ], [ -70.527673121999953, -33.508092125999944 ], [ -70.524816100999942, -33.507783146999941 ], [ -70.524284645999956, -33.50763281899998 ], [ -70.524234349999972, -33.507618592999961 ], [ -70.523577751999937, -33.507432866999977 ], [ -70.523217773999988, -33.507212240999941 ], [ -70.521827414999962, -33.506360109999946 ], [ -70.520306630999983, -33.505427998999942 ], [ -70.519765026999949, -33.505087963999983 ], [ -70.519720847999963, -33.505056919999959 ], [ -70.519508189999954, -33.504907488999947 ], [ -70.519506749999948, -33.50490647699997 ], [ -70.519505309999943, -33.504905464999979 ], [ -70.51946591799998, -33.50487778399998 ], [ -70.519194185999936, -33.504686840999966 ], [ -70.518989615999942, -33.504543091999942 ], [ -70.518850731999976, -33.504445498999928 ], [ -70.518778329999975, -33.504394622999939 ], [ -70.518773584999963, -33.504390692999948 ], [ -70.518727136999985, -33.504352215999965 ], [ -70.518725952999944, -33.504351234999952 ], [ -70.518699240999979, -33.50432910699994 ], [ -70.51868585699998, -33.504318019999964 ], [ -70.518672398999968, -33.504306870999976 ], [ -70.51866139699996, -33.504297756999968 ], [ -70.518626590999986, -33.504268924999948 ], [ -70.518626317999974, -33.504268939999974 ], [ -70.518599107999933, -33.504246509999966 ], [ -70.518541929999969, -33.504199375999974 ], [ -70.518248590999974, -33.503957565999933 ], [ -70.518243733999952, -33.503954480999937 ], [ -70.518239423999944, -33.503951743999949 ], [ -70.518237665999948, -33.503950627999977 ], [ -70.518138779999958, -33.503887813999945 ], [ -70.518122044999984, -33.503877183999975 ], [ -70.518106845999966, -33.503867529999972 ], [ -70.518102673999977, -33.503864879999973 ], [ -70.518081574999954, -33.503852002999963 ], [ -70.517949549999969, -33.503771431999944 ], [ -70.517949181999938, -33.503771206999943 ], [ -70.517888099999936, -33.50373392999996 ], [ -70.51779212699995, -33.503658991999941 ], [ -70.51773338299995, -33.503613123999969 ], [ -70.517707078999933, -33.503592584999978 ], [ -70.517626822999944, -33.503529918999959 ], [ -70.517535325999972, -33.503458474999938 ], [ -70.517436437999947, -33.503383022999969 ], [ -70.517415919999962, -33.50336736699996 ], [ -70.517415321999977, -33.503366910999951 ], [ -70.517075147999947, -33.503032725999951 ], [ -70.516918440999973, -33.502878777999975 ], [ -70.516872259999971, -33.50283340999993 ], [ -70.516264114999956, -33.502235972999983 ], [ -70.516259364999939, -33.502231304999952 ], [ -70.516258841999957, -33.502230789999928 ], [ -70.516237626999953, -33.502209432999955 ], [ -70.516218193999975, -33.502201468999935 ], [ -70.516217408999978, -33.502201146999937 ], [ -70.516168542999935, -33.502181121999968 ], [ -70.516168502999975, -33.502181105999966 ], [ -70.516117607999959, -33.502160612999944 ], [ -70.516001054999947, -33.502113681999951 ], [ -70.515859133999982, -33.502038761999977 ], [ -70.515766115999952, -33.501990298999949 ], [ -70.515617748999944, -33.50189291199996 ], [ -70.515569855999956, -33.501866442999976 ], [ -70.515522118999968, -33.501848989999914 ], [ -70.515492494999933, -33.501838078999981 ], [ -70.515482619999943, -33.501834441999961 ], [ -70.515473198999985, -33.501831551999942 ], [ -70.515458867999939, -33.501827154999944 ], [ -70.515437864999981, -33.501820710999922 ], [ -70.515437255999984, -33.501820682999941 ], [ -70.515399482999953, -33.501818925999935 ], [ -70.515357363999954, -33.501814931999952 ], [ -70.515306757999952, -33.501806531999932 ], [ -70.515219828999989, -33.501798576999931 ], [ -70.515135511999972, -33.501786080999977 ], [ -70.515073564999966, -33.501786838999976 ], [ -70.515024524999944, -33.501787438999941 ], [ -70.514910768999982, -33.501784320999953 ], [ -70.51480197799998, -33.501776632999956 ], [ -70.514653008999971, -33.501760416999943 ], [ -70.514513141999942, -33.50172605399996 ], [ -70.514377467999964, -33.501700656999965 ], [ -70.514333961999967, -33.501693706999959 ], [ -70.514237308999967, -33.501678266999932 ], [ -70.51408904699997, -33.501654581999965 ], [ -70.514028014999951, -33.501646308999966 ], [ -70.513991455999985, -33.501633227999953 ], [ -70.513958933999959, -33.501620097999933 ], [ -70.513936086999934, -33.501602341999948 ], [ -70.513895076999987, -33.501584804999936 ], [ -70.513833057999989, -33.50155850799996 ], [ -70.513315740999985, -33.501394254999965 ], [ -70.51321760999997, -33.501357868999946 ], [ -70.513155042999983, -33.501334668999952 ], [ -70.513128281999968, -33.501324745999959 ], [ -70.512958515999969, -33.50131016399996 ], [ -70.512755075999962, -33.501296143999987 ], [ -70.512684177999972, -33.501291257999981 ], [ -70.512651868999967, -33.501290389999951 ], [ -70.512298812999973, -33.501186569999966 ], [ -70.512143401999936, -33.501144998999955 ], [ -70.512076698, -33.501140942999932 ], [ -70.512045366999985, -33.50113961199996 ], [ -70.511981037999988, -33.501136879999926 ], [ -70.511801136999964, -33.501104534999968 ], [ -70.511709570999983, -33.501091402999975 ], [ -70.511701255999981, -33.501091070999962 ], [ -70.511665458999971, -33.501089641999954 ], [ -70.511611766999977, -33.501090972999968 ], [ -70.51158113799994, -33.501087649999924 ], [ -70.511525482999957, -33.501090672999958 ], [ -70.511493886999972, -33.501092257999964 ], [ -70.511466059999975, -33.501093652999941 ], [ -70.511418126999956, -33.501091847999923 ], [ -70.511255902999949, -33.501066892999987 ], [ -70.51125103399994, -33.501066143999928 ], [ -70.511179076999952, -33.501055074999947 ], [ -70.51111113099995, -33.501044622999984 ], [ -70.510958863999974, -33.501021199999961 ], [ -70.510867105999978, -33.501040310999926 ], [ -70.510808778999944, -33.501050851999942 ], [ -70.510764569999935, -33.501058741999941 ], [ -70.510703158999945, -33.501068147999923 ], [ -70.510660961999974, -33.501074343999953 ], [ -70.510603475999972, -33.501074143999965 ], [ -70.51056515099998, -33.501073979999944 ], [ -70.510511455999975, -33.501068952999944 ], [ -70.510458258999961, -33.501055354999941 ], [ -70.510454040999946, -33.50105427699998 ], [ -70.510450527999978, -33.501053224999957 ], [ -70.510403812999982, -33.501039238999965 ], [ -70.510383310999941, -33.501033100999962 ], [ -70.510383271999956, -33.501033088999975 ], [ -70.510335382999983, -33.501015275999976 ], [ -70.510300954999934, -33.501007081999951 ], [ -70.510243486, -33.500992406999963 ], [ -70.510178427999961, -33.500977688999974 ], [ -70.510124835999989, -33.500963010999953 ], [ -70.510094254999956, -33.500953282999937 ], [ -70.510057465999978, -33.500939091999946 ], [ -70.51005209899995, -33.500937021999952 ], [ -70.509954476999951, -33.500922204999938 ], [ -70.509906594999961, -33.500920397999941 ], [ -70.509845280999969, -33.500910503999933 ], [ -70.509791664999966, -33.500903852999947 ], [ -70.509753232999969, -33.500903689999973 ], [ -70.509718834999944, -33.500900320999953 ], [ -70.509659330999966, -33.50090172299997 ], [ -70.509586579999961, -33.500893409999939 ], [ -70.509538671999962, -33.500889980999936 ], [ -70.509465837999983, -33.500880046999946 ], [ -70.509391196999957, -33.500862107999971 ], [ -70.509347137999953, -33.500857142999962 ], [ -70.50930498799994, -33.500853688999939 ], [ -70.509239853999986, -33.50084699699994 ], [ -70.509197601999986, -33.50085003699995 ], [ -70.509136247999947, -33.500862688999966 ], [ -70.508998039999938, -33.500894222999925 ], [ -70.508950001999949, -33.500898866999933 ], [ -70.50894995299997, -33.500898871999937 ], [ -70.508875215999979, -33.500906631999953 ], [ -70.508838829999945, -33.500909689999958 ], [ -70.508790818999955, -33.500912709999966 ], [ -70.508752544999936, -33.500909297999954 ], [ -70.508729507999988, -33.50090921799994 ], [ -70.508718042999988, -33.500909176999976 ], [ -70.50868292399997, -33.500906578999931 ], [ -70.508669128999941, -33.500904445999929 ], [ -70.508656730999974, -33.500902528999973 ], [ -70.508616578999977, -33.500896343999955 ], [ -70.508578382999985, -33.500885944999936 ], [ -70.508561093999958, -33.50088123799997 ], [ -70.508512304999954, -33.500854956999945 ], [ -70.508442876999936, -33.500814813999959 ], [ -70.508396625999978, -33.500788998999958 ], [ -70.508396195999978, -33.500788767999943 ], [ -70.508346929999959, -33.500763178999932 ], [ -70.508339284999977, -33.500759933999973 ], [ -70.50830111199997, -33.500743715999924 ], [ -70.50826774799998, -33.500737998999966 ], [ -70.508261780999987, -33.500736596999957 ], [ -70.508252963999951, -33.500734525 ], [ -70.508235972999955, -33.500730530999938 ], [ -70.508161284999971, -33.500719039999971 ], [ -70.508115307999958, -33.500709182999962 ], [ -70.508059781999975, -33.500700930999976 ], [ -70.508049523999944, -33.500698987999961 ], [ -70.508044394999956, -33.500698016999927 ], [ -70.508025328999963, -33.500694405999973 ], [ -70.507992757999943, -33.500684611999937 ], [ -70.50794484499994, -33.50067157699992 ], [ -70.507898637999972, -33.50065352699994 ], [ -70.507898557999965, -33.500653492999966 ], [ -70.507860748999988, -33.500639097999965 ], [ -70.507822519999934, -33.500619677999964 ], [ -70.507812963999982, -33.500614832999929 ], [ -70.50780230099997, -33.500609612999931 ], [ -70.507776593999949, -33.500597028999941 ], [ -70.507776286999956, -33.500596798999929 ], [ -70.507742237999935, -33.500571232999967 ], [ -70.50770406099997, -33.500548520999978 ], [ -70.507662061999952, -33.500522697999934 ], [ -70.507565194999984, -33.500479746999922 ], [ -70.507537744999979, -33.500467574999966 ], [ -70.507497581999985, -33.500454536999932 ], [ -70.507466897999961, -33.500448055999982 ], [ -70.507413333999978, -33.500438155999973 ], [ -70.507374957999957, -33.500434834999957 ], [ -70.507327044999954, -33.500428203999938 ], [ -70.507294513999966, -33.500421651999943 ], [ -70.507262019999985, -33.50041510799997 ], [ -70.507210333999979, -33.500402026999957 ], [ -70.507141425999976, -33.500382483999935 ], [ -70.50699978199998, -33.500336905999966 ], [ -70.506950037999957, -33.500320691999939 ], [ -70.506913790999988, -33.500309676999962 ], [ -70.506858142999988, -33.50029781999995 ], [ -70.506835181999975, -33.500292868999956 ], [ -70.506807931999958, -33.500287883999924 ], [ -70.506781567999951, -33.500283059999937 ], [ -70.506747185999984, -33.500262013999929 ], [ -70.506705082999986, -33.500242594999968 ], [ -70.506643924999935, -33.500223047999938 ], [ -70.506598002, -33.50020683199994 ], [ -70.506548748999933, -33.500188875999982 ], [ -70.506392666999943, -33.500167472999976 ], [ -70.506366657999934, -33.500163905999955 ], [ -70.506148198999938, -33.500134765999974 ], [ -70.505994806999979, -33.500091588999958 ], [ -70.505925974999968, -33.500051498999937 ], [ -70.505847581999944, -33.500012636999934 ], [ -70.505744802999985, -33.499965273999976 ], [ -70.505721380999944, -33.499954332999955 ], [ -70.505687399999942, -33.499937700999972 ], [ -70.505619071999945, -33.499908138999956 ], [ -70.505539107999937, -33.499877997999924 ], [ -70.505461512999943, -33.499847916999961 ], [ -70.505381592999981, -33.499814076999932 ], [ -70.505310661999943, -33.49978959799995 ], [ -70.505246264999982, -33.499763234999918 ], [ -70.505168551999986, -33.499738746999967 ], [ -70.505160562999947, -33.49973639499995 ], [ -70.505110883999976, -33.49972177099994 ], [ -70.505039833999959, -33.49970288399993 ], [ -70.504955391999943, -33.499687586999983 ], [ -70.504888690999962, -33.499683616999953 ], [ -70.504824218999943, -33.499677816999956 ], [ -70.504773051999962, -33.499675732999947 ], [ -70.504724187999955, -33.499669923999946 ], [ -70.504667385999937, -33.499659475999962 ], [ -70.504574951999984, -33.499648919999949 ], [ -70.504508262999934, -33.499639357999968 ], [ -70.504452735999962, -33.499627947999947 ], [ -70.504397197999936, -33.499622128999924 ], [ -70.504323801999988, -33.499610664999963 ], [ -70.50301, -33.499590000999937 ], [ -70.502780000999962, -33.499560000999956 ], [ -70.50211, -33.49949000099997 ], [ -70.501874004999934, -33.499466095999942 ], [ -70.501830525999935, -33.499466500999965 ], [ -70.501781618999985, -33.499464387999986 ], [ -70.50171045999997, -33.499464077999953 ], [ -70.501590288, -33.499480416 ], [ -70.501503530999969, -33.499493101 ], [ -70.501467498999943, -33.499494799999972 ], [ -70.501405201999944, -33.499496456999957 ], [ -70.501342934999968, -33.499499916999973 ], [ -70.501258373999974, -33.499508877999958 ], [ -70.501180422999951, -33.499514151999946 ], [ -70.501111481999942, -33.499517602999958 ], [ -70.501062596999986, -33.499522974999934 ], [ -70.501000286999968, -33.499530132999944 ], [ -70.500935694999953, -33.499529832999933 ], [ -70.500871286999939, -33.499527727999968 ], [ -70.500817914999971, -33.499516379999932 ], [ -70.500766888999976, -33.499497517999941 ], [ -70.500698111999952, -33.499473009999981 ], [ -70.500616084999933, -33.499435494999943 ], [ -70.500542928999948, -33.499394264999964 ], [ -70.500472032999937, -33.499353006999968 ], [ -70.500421051999979, -33.499311778999981 ], [ -70.500384536999945, -33.499297971999965 ], [ -70.500324859999978, -33.499245575999964 ], [ -70.500280573999987, -33.499211842999941 ], [ -70.500238430999957, -33.499183764999941 ], [ -70.500203025999951, -33.499159392999957 ], [ -70.500178634999941, -33.499136961999966 ], [ -70.50013903599995, -33.499075393999924 ], [ -70.500103807999949, -33.499017561999956 ], [ -70.500064143999964, -33.49895220799992 ], [ -70.500033241999972, -33.498901807999978 ], [ -70.500011349999966, -33.498849585999956 ], [ -70.499985066999955, -33.498786143999936 ], [ -70.49996755899997, -33.498732154999956 ], [ -70.499961134999978, -33.498696699999982 ], [ -70.499965722999946, -33.498663185999931 ], [ -70.499968191999983, -33.498631591999974 ], [ -70.499979597999982, -33.49858140099996 ], [ -70.499988752999968, -33.498525555999947 ], [ -70.500002450999943, -33.498477231999956 ], [ -70.50000560899997, -33.498442151999939 ], [ -70.500007147999952, -33.498425048999927 ], [ -70.50001857599996, -33.49836367499995 ], [ -70.500036807999948, -33.49829112599997 ], [ -70.500036972999965, -33.498263257999945 ], [ -70.500034826999979, -33.498251153999952 ], [ -70.500032680999936, -33.498239049999938 ], [ -70.500010657999951, -33.498197921999974 ], [ -70.499986428999989, -33.498166199999957 ], [ -70.499959192999953, -33.498141097999962 ], [ -70.499892786999965, -33.498097981999919 ], [ -70.499850632999937, -33.498075404999952 ], [ -70.499801816999934, -33.49804731699993 ], [ -70.499746487999971, -33.498009838999963 ], [ -70.499704409999936, -33.49798545799996 ], [ -70.499624504999986, -33.497946021999944 ], [ -70.499610874999973, -33.497939759999959 ], [ -70.499571338999942, -33.497921594999987 ], [ -70.499522585999955, -33.497897203999969 ], [ -70.499464725999985, -33.497887712999947 ], [ -70.499338173999945, -33.497864804999956 ], [ -70.499249321999969, -33.497849556999924 ], [ -70.499193721999973, -33.497840038999989 ], [ -70.499179311999967, -33.497837193999935 ], [ -70.499164882999935, -33.497834344999937 ], [ -70.499133782999934, -33.497828589999983 ], [ -70.499121576999983, -33.497825762999987 ], [ -70.499109357999941, -33.497822932999959 ], [ -70.499071627999967, -33.497813468999937 ], [ -70.499038311999982, -33.497804041999984 ], [ -70.499004962999948, -33.497792721999929 ], [ -70.498973980999949, -33.49778137299996 ], [ -70.498936263999951, -33.497766407999961 ], [ -70.498889695999935, -33.497743793999966 ], [ -70.49883194399996, -33.497715632999984 ], [ -70.498795915999949, -33.497698753999927 ], [ -70.498742598999968, -33.497678024999971 ], [ -70.498691487999963, -33.497666648999939 ], [ -70.49861148399998, -33.49765886899997 ], [ -70.498544784999979, -33.497654895999972 ], [ -70.498493681999946, -33.497656505999927 ], [ -70.498442537999949, -33.497661904999966 ], [ -70.498409110999944, -33.497671056999934 ], [ -70.498366769999961, -33.497687621999944 ], [ -70.498319908999989, -33.497704240999951 ], [ -70.498215180999978, -33.497748435999931 ], [ -70.498139359999982, -33.497783532999961 ], [ -70.49805459199996, -33.497824148999932 ], [ -70.497974344999989, -33.497864799999938 ], [ -70.497905120999974, -33.497901710999948 ], [ -70.497847223999941, -33.497927571999966 ], [ -70.497798131999957, -33.497945931999929 ], [ -70.49775256199996, -33.497974981999953 ], [ -70.497643355, -33.498015441999939 ], [ -70.497554173999958, -33.498056110999975 ], [ -70.497467206999943, -33.498100360999949 ], [ -70.497389037999937, -33.498142879999946 ], [ -70.497317660999954, -33.498179816999922 ], [ -70.497246348999965, -33.498220539999984 ], [ -70.497190484999976, -33.498251967999977 ], [ -70.497134728999981, -33.498283394999923 ], [ -70.497083503999988, -33.498309175999964 ], [ -70.497018747999959, -33.498336832999939 ], [ -70.496976407999966, -33.498353487999964 ], [ -70.496940507999966, -33.498375294999953 ], [ -70.49684530199994, -33.498418304999966 ], [ -70.496735258999948, -33.498476887999971 ], [ -70.496643922999965, -33.498517491999962 ], [ -70.496559195999964, -33.498554318999943 ], [ -70.496483297999987, -33.498591309999938 ], [ -70.496409690999954, -33.498630076 ], [ -70.496351661999938, -33.498667030999968 ], [ -70.496302622999963, -33.498694768999933 ], [ -70.496231157999944, -33.498739190999977 ], [ -70.49617766199998, -33.498770589999936 ], [ -70.496141875999967, -33.498792846999947 ], [ -70.496079454999972, -33.498818581999963 ], [ -70.496021524999946, -33.49884254899996 ], [ -70.495963637999978, -33.498862817999971 ], [ -70.495880323999984, -33.498887993999972 ], [ -70.495755559999964, -33.498937748999936 ], [ -70.495639590999986, -33.498985683999933 ], [ -70.495554775999963, -33.49902999699998 ], [ -70.495485668999947, -33.49906131399996 ], [ -70.495459173999961, -33.499074158999967 ], [ -70.495394287999943, -33.499105614999962 ], [ -70.495320604999961, -33.499146275999969 ], [ -70.495260402999975, -33.499175860999969 ], [ -70.495202383999981, -33.49920722399996 ], [ -70.495170178999956, -33.499223975999939 ], [ -70.495124286999953, -33.499247847999975 ], [ -70.495041776999983, -33.499288524999947 ], [ -70.494979419999936, -33.499318046999974 ], [ -70.494939242999976, -33.499329082999964 ], [ -70.494905270999936, -33.499337879999977 ], [ -70.494854092999972, -33.499341383999933 ], [ -70.494791739999982, -33.499352326999947 ], [ -70.494736060999983, -33.499363279999947 ], [ -70.494629233999945, -33.499379538999953 ], [ -70.494542355999954, -33.499397812999973 ], [ -70.494473435999979, -33.499408744999982 ], [ -70.494433312999959, -33.49941040099997 ], [ -70.494391101999952, -33.499415779999914 ], [ -70.494351043999984, -33.499421223999931 ], [ -70.494319811999958, -33.499426650999972 ], [ -70.494284243999971, -33.499430235999966 ], [ -70.494239696999955, -33.499437536999949 ], [ -70.494192920999978, -33.499446668999944 ], [ -70.494128326999942, -33.499465033999954 ], [ -70.494083841999952, -33.499475941999947 ], [ -70.494039326999939, -33.499485136999965 ], [ -70.493988103999982, -33.499492337999975 ], [ -70.493947230999936, -33.49949418299996 ], [ -70.493900573999952, -33.499497721999937 ], [ -70.493829471999959, -33.499488117999938 ], [ -70.493769412999939, -33.499482258999933 ], [ -70.493724975999953, -33.499470889999934 ], [ -70.493673971999954, -33.499459510999948 ], [ -70.493620631999988, -33.499449962999954 ], [ -70.493554017999941, -33.499438500999922 ], [ -70.49350287599998, -33.499425319999929 ], [ -70.493436229999986, -33.499411963999925 ], [ -70.493387335999955, -33.499404346999931 ], [ -70.493331810999962, -33.499392930999939 ], [ -70.493291883999973, -33.499387189999943 ], [ -70.493251923999935, -33.499379554999955 ], [ -70.493205257999989, -33.49937001699994 ], [ -70.493142938999938, -33.499364184999926 ], [ -70.493076271999954, -33.499362101999964 ], [ -70.493009420999954, -33.499361915999941 ], [ -70.492973863999964, -33.499359908999963 ], [ -70.492913793999946, -33.499359640999948 ], [ -70.49285378899998, -33.499363159999959 ], [ -70.492775911999956, -33.499366533999932 ], [ -70.492718015999969, -33.499373724999941 ], [ -70.492653509999968, -33.499384692999961 ], [ -70.492597860999979, -33.499397447999982 ], [ -70.492548780999982, -33.49941030399998 ], [ -70.492499795999947, -33.499428750999989 ], [ -70.492448537999962, -33.499452725999966 ], [ -70.492412749999971, -33.499474891999959 ], [ -70.492365914999937, -33.499511980999948 ], [ -70.492290756999978, -33.499578652999958 ], [ -70.492163400999985, -33.49970862999993 ], [ -70.492083944999948, -33.499814823999941 ], [ -70.492051948999972, -33.499887946999927 ], [ -70.491988875999937, -33.499980015999931 ], [ -70.491965981999968, -33.500045291999982 ], [ -70.491961130999982, -33.500085587999934 ], [ -70.49195309199996, -33.500155326999966 ], [ -70.49193209699996, -33.500223674999965 ], [ -70.491927405999945, -33.500273254999968 ], [ -70.491902664999941, -33.500338552999928 ], [ -70.49188322599997, -33.500389857999934 ], [ -70.491821838999968, -33.500472620999979 ], [ -70.491809494999984, -33.500506816999973 ], [ -70.491735099999971, -33.500585092999977 ], [ -70.491696766999951, -33.50061186399995 ], [ -70.491598070999942, -33.500673409999933 ], [ -70.491568971999982, -33.50070006899994 ], [ -70.491530771999976, -33.500734576999953 ], [ -70.491507372999934, -33.500770453999955 ], [ -70.491461757999957, -33.500803502999943 ], [ -70.491439754999988, -33.500813052999945 ], [ -70.491366250999988, -33.500835604999963 ], [ -70.491323931999943, -33.500845399999939 ], [ -70.491220665999947, -33.500855928999947 ], [ -70.491085816999941, -33.500856003999964 ], [ -70.490987718999975, -33.500844803999932 ], [ -70.490911413999982, -33.500811674999973 ], [ -70.490720600999964, -33.500779923999971 ], [ -70.490592449999951, -33.500739679999974 ], [ -70.490513739999983, -33.50067407999996 ], [ -70.490474371999937, -33.500640505999975 ], [ -70.490426008999975, -33.500620968999954 ], [ -70.490379650999955, -33.500610693999931 ], [ -70.490340680999964, -33.500600328999951 ], [ -70.490267202999974, -33.500624427999973 ], [ -70.490230769999982, -33.50065427 ], [ -70.490185286999974, -33.500695055999977 ], [ -70.490141624999978, -33.500734270999942 ], [ -70.490092421999975, -33.500773552999931 ], [ -70.490024749999975, -33.500813056999952 ], [ -70.489967947999958, -33.500840049999958 ], [ -70.489890457999934, -33.500845624999954 ], [ -70.489857187999974, -33.500844476999923 ], [ -70.489812808999943, -33.500841915999956 ], [ -70.489721463999956, -33.500793490999953 ], [ -70.489550905999977, -33.500650065999935 ], [ -70.48952441299997, -33.500613241999929 ], [ -70.489473698999973, -33.500564327999932 ], [ -70.489421164999953, -33.500516983999937 ], [ -70.489376256999947, -33.500483476999932 ], [ -70.489291246999983, -33.500481402999988 ], [ -70.489228903999958, -33.500508461999971 ], [ -70.489186955999969, -33.500539918999948 ], [ -70.489150335999966, -33.500558929999947 ], [ -70.489130311999986, -33.500576194999944 ], [ -70.489033142999972, -33.500619147999934 ], [ -70.48898391299997, -33.500656882999962 ], [ -70.488935027999958, -33.500714731999942 ], [ -70.48891178699995, -33.500759891999955 ], [ -70.488897779999945, -33.500804940999956 ], [ -70.488860293999949, -33.500881224999951 ], [ -70.488824229999977, -33.500932728999942 ], [ -70.488796719999982, -33.501052225999956 ], [ -70.488731529999939, -33.501128842999947 ], [ -70.488717549999933, -33.501175438999944 ], [ -70.488705336999942, -33.501217370999932 ], [ -70.488680433999946, -33.501273384999919 ], [ -70.48865339299995, -33.501312399999961 ], [ -70.488628410999979, -33.501363770999937 ], [ -70.488557493999963, -33.501429622999979 ], [ -70.488493594999966, -33.501473723999936 ], [ -70.488451565999981, -33.501500538999949 ], [ -70.488333840999985, -33.501529809999951 ], [ -70.488243607999948, -33.501546369999964 ], [ -70.488140340999962, -33.501556896999936 ], [ -70.488035066999942, -33.501558160999934 ], [ -70.487988523999945, -33.501537053999982 ], [ -70.487894986999947, -33.501468534999951 ], [ -70.487803350999968, -33.501403087999954 ], [ -70.487763824999945, -33.501360229999939 ], [ -70.487740973999962, -33.501320265999929 ], [ -70.487638361999984, -33.501261142 ], [ -70.487595617999943, -33.501246178999963 ], [ -70.48747517299995, -33.501224410999946 ], [ -70.487425306999967, -33.501225009999985 ], [ -70.487348398999984, -33.50126462299994 ], [ -70.48727323199995, -33.501298025999972 ], [ -70.487174452999966, -33.501354925999976 ], [ -70.487057282999956, -33.501416688999932 ], [ -70.486978024999985, -33.501426925999972 ], [ -70.486883885999987, -33.50143115099997 ], [ -70.48681555099995, -33.501431971999978 ], [ -70.486747162999961, -33.501429696999928 ], [ -70.486674789999952, -33.501410446999948 ], [ -70.48660254899994, -33.501398932999962 ], [ -70.486526719999972, -33.501393651999926 ], [ -70.48648622099995, -33.501401876999978 ], [ -70.486438386999964, -33.501413283999973 ], [ -70.48635928799996, -33.501432803999947 ], [ -70.486252510999975, -33.501454203999977 ], [ -70.486147237999944, -33.501455466999957 ], [ -70.48607874399994, -33.501447002999946 ], [ -70.486000961999935, -33.501435555999926 ], [ -70.485899435999954, -33.501439868999967 ], [ -70.485853685999984, -33.501465178999986 ], [ -70.485772792999967, -33.501487815999951 ], [ -70.485724958999981, -33.501499222999939 ], [ -70.485634592999986, -33.50150804499998 ], [ -70.485542299999963, -33.501512246999937 ], [ -70.485475546999965, -33.501497570999966 ], [ -70.485439103999965, -33.501462459999971 ], [ -70.485401718999981, -33.501441432999968 ], [ -70.485381622999967, -33.501432128999973 ], [ -70.485327192999932, -33.501413692999961 ], [ -70.485247052999966, -33.501390791999924 ], [ -70.48516699399994, -33.501372663 ], [ -70.485122324999963, -33.501258663999977 ], [ -70.485084449999988, -33.501209008999986 ], [ -70.485026479999988, -33.501150050999968 ], [ -70.484988483999985, -33.501093238999943 ], [ -70.484956263999948, -33.501041129999976 ], [ -70.48490150799995, -33.501003607999962 ], [ -70.484841505999952, -33.500992396999948 ], [ -70.484650717999955, -33.500994682999917 ], [ -70.48457631499997, -33.500974099999958 ], [ -70.484513097999979, -33.500941450999946 ], [ -70.484472213999936, -33.500882287999957 ], [ -70.484442352999963, -33.50080151699995 ], [ -70.484409970999934, -33.500739864999957 ], [ -70.484394877999932, -33.500689936999947 ], [ -70.484396625999977, -33.500625490999937 ], [ -70.484418061999975, -33.500546490999959 ], [ -70.484425423999937, -33.500477204999974 ], [ -70.484427293999943, -33.500419914999945 ], [ -70.484389542999963, -33.500377416999982 ], [ -70.484383195999953, -33.500339314999955 ], [ -70.484365051999987, -33.500277492999928 ], [ -70.484327259999986, -33.500232608999973 ], [ -70.48428393599994, -33.500197335999914 ], [ -70.484234997999977, -33.500166902999986 ], [ -70.484202941999968, -33.500124335999942 ], [ -70.484173814999963, -33.500086506999928 ], [ -70.484098963999941, -33.500039680999969 ], [ -70.484036155999945, -33.500030888999959 ], [ -70.483979163999948, -33.50002918499996 ], [ -70.483924816999945, -33.50001551999997 ], [ -70.483851111999968, -33.500002795999926 ], [ -70.483658284999933, -33.499869361999963 ], [ -70.483582950999974, -33.499826253999956 ], [ -70.483497025999952, -33.49978425099993 ], [ -70.483374552999976, -33.499719175999921 ], [ -70.48332153399997, -33.499672546999925 ], [ -70.483321440999987, -33.499672464999961 ], [ -70.48326839, -33.499629359999979 ], [ -70.483201852999969, -33.499584432999939 ], [ -70.483139924999989, -33.499532055999957 ], [ -70.483080212999937, -33.499483349999934 ], [ -70.483038086999954, -33.499449673999955 ], [ -70.482987354999977, -33.499397342999941 ], [ -70.482926901999974, -33.499336740999986 ], [ -70.482889353999951, -33.49929372199994 ], [ -70.482854023999948, -33.499254553999947 ], [ -70.482820889999971, -33.499211570999918 ], [ -70.48278337499994, -33.499170444999947 ], [ -70.482752445999949, -33.499136815999968 ], [ -70.482714821999949, -33.49909569099998 ], [ -70.48267055599996, -33.499056358999944 ], [ -70.482621896999945, -33.499024564999949 ], [ -70.482586451999964, -33.499003885999969 ], [ -70.482544326999971, -33.498970210999964 ], [ -70.482506742999988, -33.498943965999956 ], [ -70.482420289999936, -33.498898915999973 ], [ -70.482373719999941, -33.498863398999958 ], [ -70.482316213999979, -33.498824044999942 ], [ -70.482256401999962, -33.498788416999965 ], [ -70.482216512999969, -33.498765896999934 ], [ -70.482183189999944, -33.498743388999969 ], [ -70.482136758999957, -33.498709673999933 ], [ -70.482101226999987, -33.498696480999961 ], [ -70.482063522999965, -33.498675828999978 ], [ -70.482031761999977, -33.498662861999954 ], [ -70.481991815999947, -33.498649631999974 ], [ -70.481947355999978, -33.498649441999923 ], [ -70.481911829999945, -33.498649235999942 ], [ -70.48187842699997, -33.498647289999951 ], [ -70.481842957999959, -33.498637793999926 ], [ -70.481794033999961, -33.498628278999938 ], [ -70.48179169499997, -33.498627362999969 ], [ -70.48175768599998, -33.498591012999945 ], [ -70.481727642999942, -33.49855095599996 ], [ -70.481707614999948, -33.498484193999957 ], [ -70.481600845999935, -33.498390778999976 ], [ -70.481543489999979, -33.49836760299997 ], [ -70.481491177999942, -33.498306188999948 ], [ -70.481456438999942, -33.498273197999936 ], [ -70.481283720999954, -33.498165500999967 ], [ -70.481208954999943, -33.498123444999976 ], [ -70.481168276999938, -33.498076207999915 ], [ -70.481092860999979, -33.497995980999974 ], [ -70.481063004999953, -33.497915208999984 ], [ -70.480906472999962, -33.497713094999931 ], [ -70.480854131999934, -33.497676344999938 ], [ -70.480818858999953, -33.497627796999943 ], [ -70.480741652999939, -33.497525096999937 ], [ -70.480715214999975, -33.497489609999946 ], [ -70.480657680999968, -33.497439117999932 ], [ -70.480613257999948, -33.497422107999967 ], [ -70.480563896999968, -33.497372362999954 ], [ -70.480443165999986, -33.497306993999985 ], [ -70.480385729999966, -33.497279045999953 ], [ -70.480287697999984, -33.497208633999946 ], [ -70.480264105999936, -33.497161192999947 ], [ -70.480211714999939, -33.497095006999984 ], [ -70.480141913999944, -33.497009938999945 ], [ -70.48007845799998, -33.49696297499996 ], [ -70.479890201999979, -33.496946134999966 ], [ -70.479781755999966, -33.496933112999962 ], [ -70.479661918999966, -33.496920227999965 ], [ -70.479490991999967, -33.49691749699997 ], [ -70.479462191999971, -33.496898751999943 ], [ -70.479244568999945, -33.496829765999969 ], [ -70.479019236999989, -33.49677577999995 ], [ -70.478674349999949, -33.496793622999981 ], [ -70.478628709999953, -33.496789394999951 ], [ -70.478417755999942, -33.496777595999944 ], [ -70.478315004999956, -33.496764504999923 ], [ -70.478166126999952, -33.496718558999945 ], [ -70.478045641999984, -33.496667500999912 ], [ -70.477931095999963, -33.496630689999954 ], [ -70.477822487999958, -33.496608123999977 ], [ -70.477657092999948, -33.496595779999943 ], [ -70.477531238999973, -33.496563874999936 ], [ -70.477260337999951, -33.496376213999945 ], [ -70.477178826999989, -33.49627219599995 ], [ -70.477085844999976, -33.496163541999969 ], [ -70.477026870999964, -33.496044937999955 ], [ -70.476985628999955, -33.495964300999958 ], [ -70.47685, -33.4958 ], [ -70.476809802999981, -33.495767973999932 ], [ -70.476963357999978, -33.49565913999993 ], [ -70.477065216999961, -33.495619746999985 ], [ -70.477098817999945, -33.495585939999955 ], [ -70.477073850999943, -33.495457385999934 ], [ -70.477050260999988, -33.495409944999949 ], [ -70.476975094999943, -33.495344028999959 ], [ -70.476877391999949, -33.49529269899994 ], [ -70.476813938999953, -33.495245731999951 ], [ -70.476687761999983, -33.495194740999978 ], [ -70.476562071999979, -33.495172377999943 ], [ -70.47641929699995, -33.495150217999942 ], [ -70.476191262999976, -33.495138617999942 ], [ -70.475831924999966, -33.495109492999966 ], [ -70.475643915999967, -33.495106960999976 ], [ -70.475387326999964, -33.495090926999978 ], [ -70.475016842999949, -33.495076249999947 ], [ -70.474845918999961, -33.495073511999969 ], [ -70.47466344299994, -33.495061367999945 ], [ -70.474458187999986, -33.495049493999943 ], [ -70.474310123999942, -33.495051255999954 ], [ -70.474230396999985, -33.495052204999972 ], [ -70.474133423999945, -33.495043813999978 ], [ -70.474002362999954, -33.495040600999964 ], [ -70.473865606999937, -33.49503745599997 ], [ -70.473591852999959, -33.495016850999953 ], [ -70.473477634999938, -33.494999119999925 ], [ -70.473425895999981, -33.494971101999958 ], [ -70.473362283999961, -33.49491459099994 ], [ -70.473333082999943, -33.494871987999936 ], [ -70.473230091999937, -33.49484457899996 ], [ -70.473190227999964, -33.494845052999935 ], [ -70.473099515999934, -33.494869992999952 ], [ -70.472964295999986, -33.494957501999977 ], [ -70.472908640999947, -33.49503451999994 ], [ -70.472892606999949, -33.495096749999945 ], [ -70.472888447999935, -33.495187472999937 ], [ -70.472866961999955, -33.495264085999963 ], [ -70.472822614999984, -33.495336196999972 ], [ -70.472754762999955, -33.495365637999953 ], [ -70.47261182699998, -33.495333930999948 ], [ -70.472434560999943, -33.495293086999929 ], [ -70.472285283999952, -33.49522327699998 ], [ -70.472146428999963, -33.495096074999957 ], [ -70.471961772999975, -33.494955099999963 ], [ -70.471942010999953, -33.494825172999974 ], [ -70.471900302999984, -33.494688581999981 ], [ -70.47189941399995, -33.494636097999937 ], [ -70.471778774999962, -33.494575490999985 ], [ -70.47165300599994, -33.494548350999928 ], [ -70.471578892999958, -33.49454445899994 ], [ -70.471482162999962, -33.494550380999954 ], [ -70.47122756999994, -33.494591666999945 ], [ -70.471067736999942, -33.494631658999936 ], [ -70.470880939999972, -33.494700688999956 ], [ -70.470791436999946, -33.494797196999968 ], [ -70.47071211399998, -33.494822 ], [ -70.470587554999952, -33.494866429999931 ], [ -70.470491872999958, -33.494934377999982 ], [ -70.470418808999966, -33.494992511999961 ], [ -70.470379912999988, -33.495050240999944 ], [ -70.470346712999969, -33.495107902999969 ], [ -70.470256321999955, -33.495151925999942 ], [ -70.470194162999974, -33.495181297999963 ], [ -70.470109063999985, -33.495201396999953 ], [ -70.470000862999939, -33.495202680999967 ], [ -70.469892176999963, -33.495175336999964 ], [ -70.469770892999975, -33.495076556999962 ], [ -70.469706717999941, -33.494986645 ], [ -70.469602760999976, -33.494901977 ], [ -70.469320007999968, -33.494685804999961 ], [ -70.468846509999935, -33.494304863999957 ], [ -70.468464372999961, -33.493937154999969 ], [ -70.468142705999981, -33.493439875999961 ], [ -70.467735783999956, -33.492953150999938 ], [ -70.467316832999984, -33.49242838899994 ], [ -70.467150400999969, -33.492354002999939 ], [ -70.467087035999953, -33.492311801999968 ], [ -70.466955495999969, -33.492279953999962 ], [ -70.466858526999943, -33.492271556999981 ], [ -70.466790191999976, -33.492272366999948 ], [ -70.466750328999979, -33.492272837999955 ], [ -70.466613577999965, -33.492269684999933 ], [ -70.466573715999971, -33.492270156999965 ], [ -70.466437044999964, -33.492271774999956 ], [ -70.466351544999952, -33.49226801399994 ], [ -70.466283128999976, -33.492264051999939 ], [ -70.466231635999975, -33.492250343999956 ], [ -70.46613939599996, -33.492184623999947 ], [ -70.466059027999961, -33.49214739599995 ], [ -70.465922276999947, -33.492144241999931 ], [ -70.465882414999953, -33.492144713999956 ], [ -70.465774216999932, -33.492145993999941 ], [ -70.465717431999963, -33.492156209999962 ], [ -70.465609233999942, -33.492157489999947 ], [ -70.465337258999966, -33.492241835999934 ], [ -70.465060231999985, -33.492364419999944 ], [ -70.464981069999965, -33.492398761999929 ], [ -70.464833330999966, -33.492419597999969 ], [ -70.464748312999973, -33.492444464999949 ], [ -70.464674844999934, -33.49247873999996 ], [ -70.464556141999935, -33.49253263799995 ], [ -70.464380009999957, -33.492558581999958 ], [ -70.464266116999966, -33.492559927999942 ], [ -70.464163130999964, -33.492532510999986 ], [ -70.46407153499996, -33.492504959999962 ], [ -70.463933417999954, -33.49242068999996 ], [ -70.463858503999973, -33.492369079999939 ], [ -70.463772602999938, -33.492341460999974 ], [ -70.463521878999984, -33.492334878999941 ], [ -70.463254230999951, -33.492338039999936 ], [ -70.462980888999937, -33.492341267999961 ], [ -70.462630629999978, -33.492512433999927 ], [ -70.46216310799997, -33.492823379999948 ], [ -70.461532440999974, -33.493255555999951 ], [ -70.461064269999952, -33.493528326999986 ], [ -70.460645745999955, -33.493705064999979 ], [ -70.460516128999984, -33.493787721999972 ], [ -70.460426454999947, -33.493874680999966 ], [ -70.460212858999967, -33.494044228999925 ], [ -70.46006102299998, -33.494160553999968 ], [ -70.459839968999972, -33.49422519899997 ], [ -70.459606562999966, -33.494232720999946 ], [ -70.459429945999943, -33.494230029999976 ], [ -70.459166625999956, -33.494152001999957 ], [ -70.459018561999983, -33.494153745999924 ], [ -70.458893756999942, -33.494183848999974 ], [ -70.458848518999957, -33.494203470999935 ], [ -70.458815150999953, -33.494251586999944 ], [ -70.458708310999953, -33.494333973999971 ], [ -70.458628663999946, -33.494339683999954 ], [ -70.458537467999975, -33.494335985999967 ], [ -70.458457580999948, -33.494327381999938 ], [ -70.458360769999956, -33.494328520999936 ], [ -70.458241338999983, -33.494339471999972 ], [ -70.458139952999943, -33.494407476999974 ], [ -70.457914641999935, -33.494558069999975 ], [ -70.457756706999987, -33.494650602999961 ], [ -70.457564362999975, -33.494729222999979 ], [ -70.457083342999965, -33.494916227999973 ], [ -70.456863962999932, -33.49508106699993 ], [ -70.456773963999979, -33.495148936999946 ], [ -70.45662052299997, -33.495169830999941 ], [ -70.456500931999983, -33.495171236999958 ], [ -70.456404119999945, -33.495172374999981 ], [ -70.45633546199997, -33.49515409299994 ], [ -70.456266724999978, -33.495131038999943 ], [ -70.456152667999959, -33.495122834999947 ], [ -70.456038691999936, -33.495119401999936 ], [ -70.455890625999984, -33.495121142999949 ], [ -70.455811536999988, -33.495160249999962 ], [ -70.455721777999941, -33.495242433999984 ], [ -70.455448357999956, -33.495463511999958 ], [ -70.455164440999965, -33.495500204999935 ], [ -70.455019340999968, -33.495509066999944 ], [ -70.454857875999949, -33.495561072999969 ], [ -70.454730579999989, -33.49561267699994 ], [ -70.454577057999984, -33.495628795999941 ], [ -70.454337872999986, -33.495631603999975 ], [ -70.45417520999996, -33.49561203799994 ], [ -70.453918701999953, -33.495600731999943 ], [ -70.453764939999985, -33.495602535999978 ], [ -70.45360263699996, -33.495604440999955 ], [ -70.45342336799996, -33.495613702999954 ], [ -70.453133407999985, -33.495645737999951 ], [ -70.45284296899996, -33.495649143999955 ], [ -70.452671763999945, -33.495629675999965 ], [ -70.452457727999956, -33.49560355199997 ], [ -70.452235149999979, -33.495577526999952 ], [ -70.452038676999962, -33.49557982999994 ], [ -70.451834497999982, -33.495632332999946 ], [ -70.451716338999972, -33.495719618999964 ], [ -70.451538144999972, -33.495793290999977 ], [ -70.451307740999937, -33.495810307999932 ], [ -70.451102843999934, -33.495819865999977 ], [ -70.450974708999979, -33.495821366999962 ], [ -70.450906011999962, -33.495800695999947 ], [ -70.450742871999978, -33.495752496999948 ], [ -70.450638214999969, -33.495624870999961 ], [ -70.450628956999935, -33.495582027999951 ], [ -70.450267075999989, -33.495400144999955 ], [ -70.450093962999972, -33.495266159999964 ], [ -70.450024669999948, -33.495209703999933 ], [ -70.449878018999982, -33.495125517999959 ], [ -70.449765656999944, -33.495048089999948 ], [ -70.449611180999966, -33.495006946999979 ], [ -70.449456823999981, -33.494972960999974 ], [ -70.449354077999942, -33.494959845999972 ], [ -70.448832642999946, -33.49494446999995 ], [ -70.448763350999968, -33.494888011999933 ], [ -70.448625124999978, -33.49479656799997 ], [ -70.448564017999956, -33.494718539999944 ], [ -70.448216368999965, -33.494364680999979 ], [ -70.448000311999976, -33.494216877999975 ], [ -70.447836222999968, -33.494111418999971 ], [ -70.447698117999948, -33.494027130999939 ], [ -70.447526083999946, -33.493957556999938 ], [ -70.447303629999965, -33.493938679999921 ], [ -70.446944144999975, -33.493899927999962 ], [ -70.446772705999933, -33.493866137999923 ], [ -70.44657480799998, -33.493782546999959 ], [ -70.446462569999937, -33.493712272999971 ], [ -70.446299078999971, -33.493642596999962 ], [ -70.446178179999947, -33.493565264999965 ], [ -70.446117908999952, -33.493537334999928 ], [ -70.445928077999952, -33.493425014999943 ], [ -70.445652707999955, -33.493306533999942 ], [ -70.445514962999937, -33.493243714999956 ], [ -70.445454573999939, -33.493208626999937 ], [ -70.445342217999951, -33.493131194999926 ], [ -70.445281471999976, -33.493074635999953 ], [ -70.44521242199994, -33.493032489999955 ], [ -70.445058188999951, -33.49300565599998 ], [ -70.444819009999947, -33.49300844499993 ], [ -70.444578880999984, -33.492953976999942 ], [ -70.444346699999983, -33.492863623999924 ], [ -70.444243481999933, -33.492821876999976 ], [ -70.444088654999973, -33.492759254999946 ], [ -70.443916387999934, -33.492675360999954 ], [ -70.443588225999974, -33.492464430999974 ], [ -70.443312624999976, -33.492331630999942 ], [ -70.443030143999977, -33.492299128999946 ], [ -70.442859184999975, -33.49229396199997 ], [ -70.44252580899996, -33.492283526999977 ], [ -70.442141417999949, -33.492288001999952 ], [ -70.442003914999987, -33.492239492999943 ], [ -70.441729383999984, -33.492171102999976 ], [ -70.441326959999969, -33.49211851699993 ], [ -70.44115564599997, -33.492091875999961 ], [ -70.44098480599996, -33.492093862999972 ], [ -70.44077944199995, -33.492074775999981 ], [ -70.440574077999941, -33.492055688999983 ], [ -70.440496962999987, -33.49204226799997 ], [ -70.440265972999953, -33.492023477999965 ], [ -70.440163113999972, -33.492003198999953 ], [ -70.440128708999964, -33.491989281999963 ], [ -70.440016951999951, -33.491947629999963 ], [ -70.439828790999968, -33.49193549999994 ], [ -70.439299778999967, -33.491977438999974 ], [ -70.438762579999946, -33.492040945999975 ], [ -70.438345441999957, -33.49213169099994 ], [ -70.438005180999937, -33.492221542999964 ], [ -70.437546804999954, -33.492178076999949 ], [ -70.436992878999945, -33.492112328999958 ], [ -70.436772376999954, -33.493346035999942 ], [ -70.436519784999973, -33.494095726999952 ], [ -70.436418741999944, -33.495436339999962 ], [ -70.436500714999966, -33.496950601999963 ], [ -70.436795121999978, -33.497531796999965 ], [ -70.437059086999966, -33.497994035999959 ], [ -70.43743666599994, -33.498429936999969 ], [ -70.437782240999979, -33.498877149999942 ], [ -70.438188798999988, -33.49928370799995 ], [ -70.438575028999935, -33.499791905999977 ], [ -70.438718493999943, -33.499999931999973 ], [ -70.438981585999954, -33.500381415999975 ], [ -70.439388144999953, -33.50088961199998 ], [ -70.44007929299994, -33.501438465999954 ], [ -70.440587489999984, -33.501824695999971 ], [ -70.441034703999946, -33.502312564999947 ], [ -70.441400605999945, -33.502800434999976 ], [ -70.441908803999979, -33.503085025999958 ], [ -70.442417000999967, -33.503552566999943 ], [ -70.443065751999939, -33.504261842999938 ], [ -70.443859016999966, -33.504691651999963 ], [ -70.444925038999941, -33.505080094999983 ], [ -70.445290500999988, -33.505111436999982 ], [ -70.446062711999957, -33.504980917999944 ], [ -70.446949462999953, -33.504865571999972 ], [ -70.447530879999988, -33.504887412999949 ], [ -70.448071848999973, -33.504941096999964 ], [ -70.448493446999976, -33.505219766999964 ], [ -70.448817166999959, -33.505502318999959 ], [ -70.449219353999979, -33.505707595999972 ], [ -70.44961899599997, -33.505760186999971 ], [ -70.450169270999936, -33.505963727999976 ], [ -70.450775274999955, -33.506295079999965 ], [ -70.451413531999947, -33.506789078999915 ], [ -70.452105293999978, -33.507277290999973 ], [ -70.452752932999942, -33.507851917999972 ], [ -70.45309993799998, -33.508162818999942 ], [ -70.453355972999987, -33.508484330999977 ], [ -70.454142084999944, -33.509162315999959 ], [ -70.454674722999982, -33.509874542999967 ], [ -70.455293809999944, -33.510580477999952 ], [ -70.456403562999981, -33.511531436999967 ], [ -70.458203259999948, -33.512856047999954 ], [ -70.459980066999947, -33.514171357999956 ], [ -70.461108047999971, -33.514845264999956 ], [ -70.462761697999952, -33.515608400999952 ], [ -70.463943608999955, -33.516208983999952 ], [ -70.464445559999945, -33.516810205999946 ], [ -70.464932730999976, -33.517319850999961 ], [ -70.465517807999959, -33.518229206999933 ], [ -70.46610547399996, -33.519291241999952 ], [ -70.466368354999986, -33.520013515999949 ], [ -70.466469805999964, -33.520623166999947 ], [ -70.466877143999966, -33.521801866999958 ], [ -70.467177652999965, -33.523401791999959 ], [ -70.46754588999994, -33.524962734999981 ], [ -70.468364405999978, -33.526193822999964 ], [ -70.469017726999937, -33.526791338999928 ], [ -70.470134211999948, -33.52707001199996 ], [ -70.47066446499997, -33.527426407999933 ], [ -70.472460250999973, -33.527815481999937 ], [ -70.474463409999942, -33.528335684999938 ], [ -70.475636613999939, -33.528970736999945 ], [ -70.476653886999941, -33.529418223999976 ], [ -70.477041111999938, -33.529690713999976 ], [ -70.477942913999982, -33.530201734999928 ], [ -70.478843645999973, -33.530583679999964 ], [ -70.479727826999977, -33.530973986999982 ], [ -70.479964818999974, -33.531505646999953 ], [ -70.480037564999975, -33.532430595999983 ], [ -70.479970488999982, -33.533175869999972 ], [ -70.479826413999945, -33.534084320999959 ], [ -70.47966231099997, -33.535155267999968 ], [ -70.479577330999973, -33.535518974999938 ], [ -70.479735545999972, -33.536108843999962 ], [ -70.48015763799998, -33.536800547999967 ], [ -70.480839544999981, -33.537355519999956 ], [ -70.481745780999972, -33.537697823999963 ], [ -70.482731096999942, -33.537998610999971 ], [ -70.483332643999972, -33.538184680999969 ], [ -70.484063, -33.53840499699993 ], [ -70.484698492999939, -33.538576336999924 ], [ -70.485155981999981, -33.538835709999944 ], [ -70.485657063999952, -33.539144666999952 ], [ -70.486029828999961, -33.539448002999954 ], [ -70.486296392999975, -33.540038947999953 ], [ -70.486376283999959, -33.540710875999942 ], [ -70.486249246999932, -33.541778997999984 ], [ -70.486527553999963, -33.542555918999938 ], [ -70.486774708999974, -33.543011085999979 ], [ -70.487141297999983, -33.543277867999954 ], [ -70.489351976999956, -33.543417830999928 ], [ -70.490918810999972, -33.543462940999966 ], [ -70.492257063999944, -33.543542770999977 ], [ -70.493668394999986, -33.543429796999931 ], [ -70.494696733999945, -33.543257461999929 ], [ -70.49603278099994, -33.543209339999976 ], [ -70.496701134999967, -33.543509202999935 ], [ -70.497529178999969, -33.543559386999959 ], [ -70.498686971999973, -33.543733109999955 ], [ -70.499493735999977, -33.544217168999971 ], [ -70.500000083999964, -33.544633096999974 ], [ -70.500678366999978, -33.545159925999947 ], [ -70.500990668999975, -33.545330271999937 ], [ -70.501466686999947, -33.545623907999975 ], [ -70.501632918999974, -33.545843799999943 ], [ -70.501849690999961, -33.546020128999942 ], [ -70.502366850999977, -33.546264395999962 ], [ -70.502848834999952, -33.546451820999941 ], [ -70.502960194999957, -33.546464785999952 ], [ -70.503601724999953, -33.54648562899996 ], [ -70.504114178999941, -33.546457927999931 ], [ -70.50483906999996, -33.546356059999937 ], [ -70.506488014999945, -33.545806287999923 ], [ -70.507421227999941, -33.545394060999961 ], [ -70.508646147999968, -33.545042696999928 ], [ -70.509977106999941, -33.544890461999948 ], [ -70.511483432999967, -33.544499845999958 ], [ -70.512160087999973, -33.544217168999971 ], [ -70.513696447999962, -33.543456323999962 ], [ -70.514680380999948, -33.543014789999972 ], [ -70.515872298999966, -33.542735342999954 ], [ -70.51680993399998, -33.542580691999945 ], [ -70.517341038999973, -33.54255394799997 ], [ -70.518688949999955, -33.542486071999974 ], [ -70.519619533999958, -33.542417386999936 ], [ -70.521407287999978, -33.542481328999948 ], [ -70.521819283999946, -33.542576481999959 ], [ -70.523939101999986, -33.543051487999946 ], [ -70.524572939999985, -33.543122425999975 ], [ -70.525111695999954, -33.543133685999969 ], [ -70.525635182999963, -33.543248926999979 ], [ -70.52702044199998, -33.543271218999976 ], [ -70.527337802999966, -33.543331728999931 ], [ -70.527634868999939, -33.543453333999928 ], [ -70.527907365999965, -33.543636086999975 ], [ -70.529081516999966, -33.54404870299993 ], [ -70.530529442999978, -33.544068987999943 ], [ -70.531404763999944, -33.544058976999956 ], [ -70.531807949999973, -33.54417725199994 ], [ -70.53250146299996, -33.544722244999932 ], [ -70.532883293999987, -33.545246907999953 ], [ -70.533389286999977, -33.545942479999951 ], [ -70.533794382999986, -33.546290603999978 ], [ -70.534362906999945, -33.546856222999956 ], [ -70.535138423999967, -33.547524260999971 ], [ -70.536148713999978, -33.547931680999966 ], [ -70.536564888999976, -33.548260569999961 ], [ -70.53715488399996, -33.548749553999976 ], [ -70.537455243999943, -33.548974888999972 ], [ -70.537982010999954, -33.549111510999978 ], [ -70.538643673999957, -33.54914146599998 ], [ -70.539166888999944, -33.549077696 ], [ -70.53958804399997, -33.549043824999963 ], [ -70.540279153999961, -33.548806161999948 ], [ -70.541133025999954, -33.548747812999977 ], [ -70.541063206999979, -33.549015910999962 ], [ -70.541766813999971, -33.54918005199994 ], [ -70.542770502999986, -33.549807356999956 ], [ -70.543899653999972, -33.550509939999984 ], [ -70.544501867999941, -33.550961601 ], [ -70.545486733999951, -33.551515883999969 ], [ -70.545879004999961, -33.552177104999949 ], [ -70.546399761999965, -33.552614413999926 ], [ -70.546712831999969, -33.55291114999995 ], [ -70.547072850999939, -33.552963916999936 ], [ -70.547257578999961, -33.552775492999956 ], [ -70.54726416699998, -33.552060918999977 ], [ -70.547268297999949, -33.551577225999942 ], [ -70.547312200999954, -33.551011784999957 ], [ -70.547538030999988, -33.550384478999952 ], [ -70.547864230999949, -33.54980735699997 ], [ -70.547946323999966, -33.549694160999941 ], [ -70.548205091999932, -33.549439587999977 ], [ -70.548621373999936, -33.54908493399995 ], [ -70.548986814999978, -33.548906188999986 ], [ -70.549513501999968, -33.548689046999982 ], [ -70.550059850999958, -33.548467247999945 ], [ -70.550508011999966, -33.548276439999931 ], [ -70.550971430999937, -33.548096201999961 ], [ -70.551151322999942, -33.548029168999967 ], [ -70.551650219999942, -33.547967239999934 ], [ -70.552016335999951, -33.547958798999957 ], [ -70.552701981999974, -33.547957782999951 ], [ -70.553058324999938, -33.548000715999933 ], [ -70.553635446999976, -33.548025806999931 ], [ -70.554326862999972, -33.547960674999963 ], [ -70.556713582999976, -33.54787997599994 ], [ -70.557945031999964, -33.547834719999969 ], [ -70.558791420999967, -33.547827371999965 ], [ -70.560056187999976, -33.547804824999957 ], [ -70.561154972999987, -33.547776641999974 ], [ -70.561765736999973, -33.547771142999977 ], [ -70.562680526999941, -33.547760700999959 ], [ -70.563756893999937, -33.547730572999953 ], [ -70.56605263299997, -33.547643125999969 ], [ -70.568182673999956, -33.547574004999937 ], [ -70.567745059999936, -33.548129674999984 ], [ -70.567359950999958, -33.548596060999948 ], [ -70.566730704999941, -33.549422660999937 ], [ -70.566101803999985, -33.550210035999953 ], [ -70.565802322999957, -33.550558342999985 ], [ -70.565366732999962, -33.55110433599998 ], [ -70.565035820999981, -33.551489387999936 ], [ -70.564547868999966, -33.552062905999939 ], [ -70.563971181999989, -33.55274026799998 ], [ -70.563706370999967, -33.553023336999949 ], [ -70.56342542799996, -33.553354020999961 ], [ -70.563111368999955, -33.553732532999952 ], [ -70.562704801999985, -33.55421493599993 ], [ -70.562245040999983, -33.554783348999941 ], [ -70.560948595999946, -33.556373745999963 ], [ -70.56027430499995, -33.557189812999979 ], [ -70.559803246999934, -33.557761519999929 ], [ -70.55958918999994, -33.558034459999931 ], [ -70.559022202999984, -33.558730640999954 ], [ -70.558578838999949, -33.559268806999967 ], [ -70.558159521999983, -33.559779801999987 ], [ -70.557717694999951, -33.56029898099996 ], [ -70.557229585999949, -33.560819053999978 ], [ -70.557353141999954, -33.560849423999962 ], [ -70.560307218999981, -33.561361123999973 ], [ -70.56212732299997, -33.561676982999984 ], [ -70.563425452999979, -33.561901573999933 ], [ -70.56465736499996, -33.56212053999996 ], [ -70.565571968999961, -33.562294298 ], [ -70.565927087999967, -33.562357092999946 ], [ -70.566582384999947, -33.562470489999946 ], [ -70.567237735999981, -33.562586745999958 ], [ -70.568246447999968, -33.562762945999964 ], [ -70.56998256199995, -33.563067349999969 ], [ -70.572552429999973, -33.563517187999935 ], [ -70.573082570999986, -33.563612097999965 ], [ -70.575283658999979, -33.563999277999983 ], [ -70.576331855999968, -33.564182066999933 ], [ -70.577769540999952, -33.564435758999934 ], [ -70.579330751999976, -33.564710763999969 ], [ -70.581055021999987, -33.565018025999954 ], [ -70.583118638999963, -33.565365303999954 ], [ -70.584505441999966, -33.565590354999983 ], [ -70.584426616999963, -33.56603694699993 ], [ -70.584218508999982, -33.567147273999979 ], [ -70.584089438999968, -33.567820842999922 ], [ -70.583873903999972, -33.568879199999969 ], [ -70.584938908999959, -33.569010636999963 ], [ -70.586001637999971, -33.569142094999961 ], [ -70.587735341999974, -33.56937087799998 ], [ -70.592177969999966, -33.56993417499995 ], [ -70.592634960999987, -33.56998496399995 ], [ -70.593264542999975, -33.569961936999952 ], [ -70.59375, -33.569630000999943 ], [ -70.59497, -33.569010000999967 ], [ -70.59545, -33.568870000999929 ], [ -70.59666, -33.568440000999935 ], [ -70.597423810999942, -33.568101089999971 ], [ -70.597701211999947, -33.567978005999969 ], [ -70.59817, -33.567770000999936 ], [ -70.598679998999955, -33.56734 ], [ -70.59901, -33.567230001999981 ], [ -70.599980000999949, -33.567200000999939 ], [ -70.600671963999957, -33.567359309999972 ], [ -70.601136352999958, -33.567497529999969 ], [ -70.601937524999983, -33.567902344999922 ], [ -70.602435699999944, -33.56804717399995 ], [ -70.604000621999944, -33.568505135999942 ], [ -70.604337203999933, -33.568422693999935 ], [ -70.607828797999957, -33.569353369999916 ], [ -70.609744722999949, -33.569875016999958 ], [ -70.611539401999948, -33.570312694999977 ], [ -70.611904172999971, -33.567855075999937 ], [ -70.61249627899997, -33.563788473999971 ], [ -70.612694374999933, -33.562258062999945 ], [ -70.610545588999969, -33.562022622999969 ], [ -70.612340836999977, -33.555734166999969 ], [ -70.61434210699997, -33.548788493999943 ], [ -70.614997939999967, -33.546360469999968 ], [ -70.613772734999941, -33.54657002099998 ], [ -70.613458212999944, -33.546581516999936 ], [ -70.61313176799996, -33.546594789999965 ], [ -70.611912970999981, -33.546620908999955 ], [ -70.611034426999936, -33.546653441999979 ], [ -70.61058584999995, -33.546659503999933 ], [ -70.610566675999962, -33.546163382999964 ], [ -70.610551181999938, -33.545558716999942 ], [ -70.610510029999944, -33.544492679999962 ], [ -70.610460755999952, -33.543219160999968 ], [ -70.610422926999945, -33.542332035999955 ], [ -70.610402456999964, -33.541459000999971 ], [ -70.610374677999971, -33.540883126999965 ], [ -70.610326950999934, -33.539539048999984 ], [ -70.61011082899995, -33.537295971999967 ], [ -70.610115506999989, -33.536472716999974 ], [ -70.610106139999971, -33.536159666999943 ], [ -70.610073296999985, -33.535348829999975 ], [ -70.610054265999963, -33.534898706999961 ], [ -70.610037877999957, -33.53420695899996 ], [ -70.609978498999965, -33.532925217999953 ], [ -70.609973158999935, -33.532445089999946 ], [ -70.609946976999936, -33.531801190999943 ], [ -70.609936284999947, -33.531416575999963 ], [ -70.609908466999968, -33.530492334999963 ], [ -70.609841003, -33.528966125999951 ], [ -70.609800691999965, -33.528328374999937 ], [ -70.609779224999954, -33.527362293999943 ], [ -70.609754040999974, -33.526772067999943 ], [ -70.609741417999942, -33.526283086999968 ], [ -70.609806370999934, -33.525560455999937 ], [ -70.609865172999946, -33.525082475999966 ], [ -70.609967462999975, -33.524260932999915 ], [ -70.610028442999976, -33.523708360999933 ], [ -70.610128219999979, -33.522943518999959 ], [ -70.610150114999954, -33.522203550999969 ], [ -70.610206205999987, -33.521579459999934 ], [ -70.610365947999981, -33.520784011999979 ], [ -70.610537871999952, -33.519493295999936 ], [ -70.610616557999947, -33.518743640999944 ], [ -70.610738890999983, -33.517659367999947 ], [ -70.610927962999938, -33.516141748999935 ], [ -70.611002121999945, -33.515532334999932 ], [ -70.611039498999958, -33.515051650999972 ], [ -70.611139115999947, -33.51408697599993 ], [ -70.611275942999953, -33.513062940999937 ], [ -70.611380512999972, -33.512158210999914 ], [ -70.611454304999938, -33.511437131999962 ], [ -70.611554037999952, -33.510548212999936 ], [ -70.611589753999965, -33.510354475999975 ], [ -70.613134404999983, -33.508864065999944 ], [ -70.613822745999983, -33.508230085999969 ] ] ] } },
{ "type": "Feature", "properties": { "OA_ID": "13129", "REGION": "Metropolitana de Santiago", "PROVINCIA": "Santiago", "COMUNA": "San Joaquín", "area_km2": 9.9392810484613072 }, "geometry": { "type": "Polygon", "coordinates": [ [ [ -70.611275942999953, -33.513062940999937 ], [ -70.612370182999939, -33.513072944999969 ], [ -70.614085174999957, -33.513084010999933 ], [ -70.614759792999962, -33.513084534999955 ], [ -70.61486, -33.513090000999966 ], [ -70.61496, -33.513090000999966 ], [ -70.615156964999983, -33.513124917999953 ], [ -70.61599847399998, -33.513343003999971 ], [ -70.616968582999959, -33.513583265999955 ], [ -70.617982925999968, -33.513827714999941 ], [ -70.619157463999969, -33.514108237999942 ], [ -70.619519757999967, -33.514213259999963 ], [ -70.620059796999954, -33.514379186999982 ], [ -70.620741361999933, -33.514649439999957 ], [ -70.621187470999985, -33.514895331999988 ], [ -70.621967850999965, -33.515270464999965 ], [ -70.622802458999956, -33.51565084799995 ], [ -70.623308272999964, -33.515889983999948 ], [ -70.624127186999942, -33.516344530999952 ], [ -70.624571131999971, -33.516549874999953 ], [ -70.625530650999963, -33.516982286999962 ], [ -70.625894235999965, -33.517155275999976 ], [ -70.626652760999946, -33.517502032999971 ], [ -70.62709771699997, -33.517684686999928 ], [ -70.627329604999943, -33.517746063999937 ], [ -70.62777, -33.517820000999968 ], [ -70.628016386999946, -33.517836058999926 ], [ -70.628443090999951, -33.517880556999955 ], [ -70.629196598999954, -33.517958930999946 ], [ -70.630159856999967, -33.51805720699997 ], [ -70.630832178999981, -33.518135445999967 ], [ -70.63127179199995, -33.518184535999971 ], [ -70.631891181999947, -33.518250343999952 ], [ -70.632402127999967, -33.518305646999984 ], [ -70.633225506999963, -33.518387847999968 ], [ -70.633889132999968, -33.518457833999939 ], [ -70.634355937999942, -33.518513711999951 ], [ -70.634881036999957, -33.518564047 ], [ -70.635664570999964, -33.518647949999938 ], [ -70.636079822999989, -33.518688992999948 ], [ -70.636604642999941, -33.518729771999979 ], [ -70.636750113999938, -33.517471831999949 ], [ -70.636837960999969, -33.516540105999972 ], [ -70.636988075999966, -33.514982406999941 ], [ -70.637076457999967, -33.514079305999928 ], [ -70.637118488999988, -33.513739928999932 ], [ -70.637231162999967, -33.51306795499994 ], [ -70.637279786999954, -33.512776211999956 ], [ -70.637338760999981, -33.512471392999927 ], [ -70.637547647999952, -33.511572479999977 ], [ -70.637775963999957, -33.510689001999921 ], [ -70.637925558999939, -33.51001176699998 ], [ -70.638025182999968, -33.509554710999964 ], [ -70.638192953999976, -33.508784177999928 ], [ -70.63839, -33.508120000999938 ], [ -70.63841, -33.508020000999984 ], [ -70.63849, -33.507300000999976 ], [ -70.6385, -33.507220000999951 ], [ -70.638506476999964, -33.507164937999967 ], [ -70.638508085999945, -33.507151264999948 ], [ -70.63850843299997, -33.507148315999984 ], [ -70.638508590999948, -33.507146975999945 ], [ -70.638508664999961, -33.507146347999935 ], [ -70.638508694999985, -33.507146090999974 ], [ -70.638508700999978, -33.507146035999931 ], [ -70.63850870999994, -33.507145965999939 ], [ -70.638508712999965, -33.507145939999923 ], [ -70.638508717999969, -33.507145901999934 ], [ -70.638508723999962, -33.507145849999965 ], [ -70.638508736999938, -33.50714574199997 ], [ -70.638508744999967, -33.507145666999975 ], [ -70.638508758999933, -33.507145544999958 ], [ -70.638509398999986, -33.507140106999941 ], [ -70.63869, -33.505650000999935 ], [ -70.63874, -33.505290000999935 ], [ -70.63874, -33.505240000999947 ], [ -70.638742343999979, -33.505195452999949 ], [ -70.638744284999973, -33.50515859099994 ], [ -70.638745461999974, -33.505136235999949 ], [ -70.638747597999952, -33.50509564999993 ], [ -70.638748642999985, -33.505075768 ], [ -70.638751197999966, -33.505027239999954 ], [ -70.63878, -33.504480000999934 ], [ -70.638809998999989, -33.504100000999976 ], [ -70.63882, -33.503850000999932 ], [ -70.63897, -33.502560000999942 ], [ -70.63916, -33.50098 ], [ -70.639289844999951, -33.500001222999977 ], [ -70.639368183999977, -33.499246903999961 ], [ -70.63943, -33.498630000999988 ], [ -70.639481411999952, -33.497850747999955 ], [ -70.639625411999987, -33.496727388999929 ], [ -70.639701574999947, -33.496084526999915 ], [ -70.639802791999955, -33.495259992999934 ], [ -70.639919096999961, -33.494480593999974 ], [ -70.640185351999946, -33.492592072999969 ], [ -70.640319297999952, -33.491596314999981 ], [ -70.640439296999944, -33.490806314999929 ], [ -70.640611308999951, -33.48950839999997 ], [ -70.640822208999964, -33.487856829999949 ], [ -70.641045625999936, -33.486114423999929 ], [ -70.641217261999941, -33.484797422999975 ], [ -70.641236481999954, -33.484608668999961 ], [ -70.641481597999984, -33.482772527999941 ], [ -70.641671594999934, -33.481242527999946 ], [ -70.641764010999964, -33.480120631999959 ], [ -70.64182591499997, -33.478874279999957 ], [ -70.64189989099998, -33.477513235999929 ], [ -70.64197401399997, -33.476528889999933 ], [ -70.641778922999947, -33.476496516999923 ], [ -70.640486091999946, -33.476299416999943 ], [ -70.639465335999944, -33.476143358999934 ], [ -70.638699976999987, -33.475935624999984 ], [ -70.63716597399997, -33.475424289999971 ], [ -70.635049749999951, -33.474744942999948 ], [ -70.631934041999955, -33.473523427999964 ], [ -70.628589616999989, -33.472309111999941 ], [ -70.627802293999935, -33.47197726499995 ], [ -70.626750982999965, -33.471587047999947 ], [ -70.626132612999982, -33.471043239999972 ], [ -70.625897017999932, -33.47080902699998 ], [ -70.625412968999967, -33.470119005999948 ], [ -70.625106645999949, -33.469561183999922 ], [ -70.624644694999972, -33.469836093999959 ], [ -70.624409974999935, -33.469998680999936 ], [ -70.624312444999987, -33.470112105999945 ], [ -70.624213001999976, -33.470275662999939 ], [ -70.62410377599997, -33.470525247999944 ], [ -70.623996466999984, -33.471182827999932 ], [ -70.623844007999935, -33.471840590999932 ], [ -70.623559496999974, -33.472903061999943 ], [ -70.623435208999979, -33.473424191999982 ], [ -70.623189981999985, -33.474329864999959 ], [ -70.623049187999982, -33.474926258999957 ], [ -70.622617034999962, -33.476508096999972 ], [ -70.622280054999976, -33.477805689999968 ], [ -70.622054533999972, -33.478574804999937 ], [ -70.622018214999969, -33.478691210999955 ], [ -70.621698447999961, -33.479979499999949 ], [ -70.62146992199996, -33.480833634999954 ], [ -70.621163589999981, -33.48191313399996 ], [ -70.620943383999986, -33.482681120999978 ], [ -70.620584350999934, -33.484014715999926 ], [ -70.620434227999965, -33.484352187999946 ], [ -70.618924697999944, -33.486827774999952 ], [ -70.618563207999955, -33.487414103999988 ], [ -70.618373256999973, -33.487979700999965 ], [ -70.61761794399996, -33.491296677999969 ], [ -70.617206861999989, -33.493011094999922 ], [ -70.616871301999936, -33.494479471999973 ], [ -70.616256405999934, -33.497229422999965 ], [ -70.615820640999985, -33.499186651999928 ], [ -70.615640362999955, -33.50001758999997 ], [ -70.615466890999983, -33.500799609999937 ], [ -70.614792923999971, -33.503845178999939 ], [ -70.61445, -33.50541 ], [ -70.614289689999964, -33.506027137999972 ], [ -70.614334716999977, -33.506548158999976 ], [ -70.61423625599997, -33.506999178999926 ], [ -70.614194653999959, -33.50718974199998 ], [ -70.614093124999954, -33.507614030999939 ], [ -70.613927487999945, -33.507993050999985 ], [ -70.613822745999983, -33.508230085999969 ], [ -70.613134404999983, -33.508864065999944 ], [ -70.611589753999965, -33.510354475999975 ], [ -70.611554037999952, -33.510548212999936 ], [ -70.611454304999938, -33.511437131999962 ], [ -70.611380512999972, -33.512158210999914 ], [ -70.611275942999953, -33.513062940999937 ] ] ] } },
{ "type": "Feature", "properties": { "OA_ID": "13121", "REGION": "Metropolitana de Santiago", "PROVINCIA": "Santiago", "COMUNA": "Pedro Aguirre Cerda", "area_km2": 8.7312913293016319 }, "geometry": { "type": "Polygon", "coordinates": [ [ [ -70.694341263999945, -33.499978502999966 ], [ -70.694237659999942, -33.499777106999936 ], [ -70.694048955999961, -33.499410446999953 ], [ -70.693849892999935, -33.499023647999927 ], [ -70.693712493999953, -33.498732042999961 ], [ -70.693540981999945, -33.498370515999959 ], [ -70.693340689999957, -33.497956889999948 ], [ -70.693117102999963, -33.497480350999965 ], [ -70.69291433099994, -33.497048861999922 ], [ -70.692724276999968, -33.496648813999968 ], [ -70.692422756999974, -33.496008701999983 ], [ -70.692123596999977, -33.495379889999988 ], [ -70.691821131, -33.494727260999973 ], [ -70.691470994, -33.493966121999954 ], [ -70.691274324999938, -33.493532756999961 ], [ -70.690850090999959, -33.492453372999925 ], [ -70.690769242999977, -33.492249753999928 ], [ -70.690263708999964, -33.491118506999953 ], [ -70.68973682799998, -33.48994316899995 ], [ -70.689467136999951, -33.489341267999976 ], [ -70.68913404999995, -33.488460247999953 ], [ -70.688931819999937, -33.487994243999928 ], [ -70.688439389999985, -33.486831313999971 ], [ -70.688107096999943, -33.486054648999982 ], [ -70.687733984999966, -33.485169734999943 ], [ -70.687161105999962, -33.483674323999935 ], [ -70.686778224999955, -33.482725115999976 ], [ -70.686572045999981, -33.482224465999941 ], [ -70.686333967999985, -33.481620455999973 ], [ -70.686256921999984, -33.481412062999929 ], [ -70.68617742899994, -33.481219938999971 ], [ -70.686000000999968, -33.48077 ], [ -70.68576498699997, -33.480148894999942 ], [ -70.68569002199996, -33.479947839999951 ], [ -70.685533374999977, -33.479472207999947 ], [ -70.685513322999952, -33.479201424999928 ], [ -70.685504217999949, -33.479084154999953 ], [ -70.685536654999964, -33.478818384999954 ], [ -70.685580865999952, -33.478572496999966 ], [ -70.68564134199994, -33.478284392999967 ], [ -70.685748291, -33.477925983999953 ], [ -70.685797775999959, -33.47771724699993 ], [ -70.685892560999946, -33.47731891799998 ], [ -70.68591153999995, -33.477240396999939 ], [ -70.68600620999996, -33.476953736999967 ], [ -70.686131155999988, -33.476760197999965 ], [ -70.686292990999959, -33.476530842999978 ], [ -70.686327251999955, -33.476476928999944 ], [ -70.68644016099995, -33.476367542999981 ], [ -70.686541412999986, -33.476267759999971 ], [ -70.686421793999955, -33.476225184999976 ], [ -70.686244951999981, -33.476179631999969 ], [ -70.685851189999937, -33.476091932999964 ], [ -70.685404030999962, -33.476025717999953 ], [ -70.684894567999947, -33.476006160999923 ], [ -70.684583736999969, -33.476054768 ], [ -70.68381266199998, -33.47628786699994 ], [ -70.683305015999963, -33.476406431999976 ], [ -70.68292626799996, -33.476476715999986 ], [ -70.680703608999977, -33.476510323999946 ], [ -70.680681806999985, -33.476510421999926 ], [ -70.68070176599997, -33.476839801999965 ], [ -70.680813231999934, -33.47840950899996 ], [ -70.678785192999953, -33.478444159999967 ], [ -70.677089854999963, -33.478456380999937 ], [ -70.675339213999962, -33.478480062999942 ], [ -70.673682575999976, -33.478506028999952 ], [ -70.671585795999988, -33.478520016999937 ], [ -70.671588130999965, -33.476862864999916 ], [ -70.671586056999956, -33.475902959999935 ], [ -70.669422660999942, -33.475905116999954 ], [ -70.668324304999942, -33.475893968999962 ], [ -70.665392585999939, -33.475824579999937 ], [ -70.664056726999945, -33.475797629999931 ], [ -70.66184070099996, -33.475818313999973 ], [ -70.660497447999944, -33.475902049999945 ], [ -70.659501169999942, -33.476017558999949 ], [ -70.658057288999942, -33.476161947999969 ], [ -70.656751003999943, -33.476262324999929 ], [ -70.655739748999963, -33.476359126999959 ], [ -70.654921785999989, -33.476437425999954 ], [ -70.655022036999981, -33.476647237999941 ], [ -70.655187760999979, -33.477007229999963 ], [ -70.655349825999963, -33.477354385999938 ], [ -70.655543731999956, -33.477848574999939 ], [ -70.655763812999965, -33.47846124099992 ], [ -70.655891151999981, -33.478778794999975 ], [ -70.655979790999936, -33.478947975999972 ], [ -70.656156689999989, -33.47926629899996 ], [ -70.656614642999955, -33.480079075999988 ], [ -70.656717521999951, -33.480278130999984 ], [ -70.657089293999945, -33.481050539999941 ], [ -70.657356509999943, -33.481625348999955 ], [ -70.657681277999984, -33.482321314999972 ], [ -70.657902336999939, -33.482789605999969 ], [ -70.658382969999934, -33.483804409999934 ], [ -70.658485366999969, -33.484022557999928 ], [ -70.658834304999971, -33.484775462999949 ], [ -70.65899315999998, -33.485116928999958 ], [ -70.659126793999974, -33.485405046999965 ], [ -70.659666828999946, -33.48654670399997 ], [ -70.660484628999939, -33.488290696999968 ], [ -70.661024268999938, -33.489409684999934 ], [ -70.66125, -33.489896993999935 ], [ -70.661851190999982, -33.491180983999982 ], [ -70.662173653999972, -33.491886511999958 ], [ -70.662531289999947, -33.492644058999929 ], [ -70.662804438999956, -33.493227364999946 ], [ -70.663168008999961, -33.493996760999948 ], [ -70.663551003999942, -33.494813615999924 ], [ -70.663651639999955, -33.495012693999968 ], [ -70.663950282999963, -33.495662462999974 ], [ -70.664205865999975, -33.496219753999981 ], [ -70.664606901999946, -33.49708527699994 ], [ -70.664802945999952, -33.497507360999975 ], [ -70.664966325999956, -33.497859494999943 ], [ -70.665303464999965, -33.498585096999932 ], [ -70.665600321999989, -33.499214603999967 ], [ -70.665748808999979, -33.499532338999984 ], [ -70.665968625999952, -33.500005400999946 ], [ -70.666086940999946, -33.500249573999938 ], [ -70.66659, -33.501310000999972 ], [ -70.666964109999981, -33.502119893999975 ], [ -70.66717347499997, -33.502581879999987 ], [ -70.667332516999977, -33.502914740999977 ], [ -70.667693054999972, -33.503655290999959 ], [ -70.667790348999972, -33.50385727299993 ], [ -70.668133, -33.504615241999943 ], [ -70.668357210999943, -33.505075054999963 ], [ -70.66860668299995, -33.505611003999952 ], [ -70.668889320999938, -33.506209435999963 ], [ -70.669163990999948, -33.506807974999951 ], [ -70.669632848999981, -33.507788526999953 ], [ -70.669889141999988, -33.508319547999974 ], [ -70.670117184999981, -33.508803226999923 ], [ -70.670298772999956, -33.509181592999937 ], [ -70.670395013999951, -33.509387403999945 ], [ -70.67057215799997, -33.509771554999922 ], [ -70.670656440999949, -33.509947939999954 ], [ -70.67084067899998, -33.510345356999942 ], [ -70.671029621999935, -33.510750345999945 ], [ -70.672090835999938, -33.510338878999953 ], [ -70.672695731999966, -33.510078459999953 ], [ -70.673300458999961, -33.509809489999945 ], [ -70.673758733999989, -33.509621591999959 ], [ -70.675041744999987, -33.509061265999932 ], [ -70.675456764999979, -33.508880358999924 ], [ -70.676370329999941, -33.50848320799998 ], [ -70.676514634999933, -33.508423535999945 ], [ -70.67666173799995, -33.508376652999971 ], [ -70.676860194999961, -33.508346175999975 ], [ -70.678056266999988, -33.508302823999941 ], [ -70.678269845999978, -33.508267226999969 ], [ -70.678510432999985, -33.508172044999988 ], [ -70.679178659999934, -33.507889358999932 ], [ -70.679846674999965, -33.507595984 ], [ -70.680592986999955, -33.507260926999933 ], [ -70.681063780999978, -33.507062142999978 ], [ -70.681509060999986, -33.506863703999947 ], [ -70.682007540999962, -33.506645301999981 ], [ -70.682867973999976, -33.506274477999973 ], [ -70.683077854999965, -33.506175428999946 ], [ -70.683368997999935, -33.506056035999954 ], [ -70.683695772999954, -33.505931881999963 ], [ -70.683954578999987, -33.505855680999957 ], [ -70.684465854999985, -33.505752049999955 ], [ -70.684921305999978, -33.505599679999932 ], [ -70.68618418799997, -33.505164793999938 ], [ -70.687502451999933, -33.504719297999934 ], [ -70.688024527999971, -33.50453475299998 ], [ -70.688960565999935, -33.504218034999951 ], [ -70.689608596999975, -33.503980863999963 ], [ -70.690168636999942, -33.503780828999936 ], [ -70.690764430999934, -33.503582440999935 ], [ -70.691172568999946, -33.503444330999983 ], [ -70.692880805999948, -33.502848088999947 ], [ -70.694158994999952, -33.502404857999984 ], [ -70.694591361999983, -33.502267685999975 ], [ -70.695378421999976, -33.501996862999924 ], [ -70.695336683999983, -33.50191583099997 ], [ -70.694959811999979, -33.501174395999946 ], [ -70.69453301599998, -33.500355260999974 ], [ -70.694481764999978, -33.500250038999972 ], [ -70.694341263999945, -33.499978502999966 ] ] ] } },
{ "type": "Feature", "properties": { "OA_ID": "13114", "REGION": "Metropolitana de Santiago", "PROVINCIA": "Santiago", "COMUNA": "Las Condes", "area_km2": 99.092151266733254 }, "geometry": { "type": "Polygon", "coordinates": [ [ [ -70.517601935999949, -33.372685375999922 ], [ -70.516635273999952, -33.372299606999931 ], [ -70.515708186999973, -33.371950856999938 ], [ -70.514190493999934, -33.371499250999925 ], [ -70.513002919999963, -33.371091452999963 ], [ -70.512432781999962, -33.370935709999969 ], [ -70.511950093999985, -33.370807608999939 ], [ -70.511165894999976, -33.370681487999938 ], [ -70.510087669999962, -33.370494172999948 ], [ -70.509351878999951, -33.370374268999953 ], [ -70.508855912999934, -33.370308713999968 ], [ -70.508137924999971, -33.370231537999985 ], [ -70.506816752999953, -33.370137820999958 ], [ -70.505922402999943, -33.370058000999954 ], [ -70.50541960299995, -33.369925701999925 ], [ -70.504732781999962, -33.369676322999958 ], [ -70.503919136999968, -33.369328257999939 ], [ -70.503271062999943, -33.369016360999971 ], [ -70.502531681999983, -33.368686476999969 ], [ -70.50163721499996, -33.368267789999948 ], [ -70.500897681999959, -33.367928351999971 ], [ -70.500398621999977, -33.367681450999946 ], [ -70.499779167999975, -33.367378733999935 ], [ -70.499423910999951, -33.367225537999957 ], [ -70.499092627999971, -33.36714363699997 ], [ -70.498819691999984, -33.367064609999922 ], [ -70.498503484999958, -33.367032634999923 ], [ -70.498066749999964, -33.367020010999958 ], [ -70.497672763999958, -33.367012833999979 ], [ -70.497062799999981, -33.36701422699997 ], [ -70.496799817999943, -33.367006104999973 ], [ -70.496470683999974, -33.36698689299994 ], [ -70.496122494999952, -33.366983754999978 ], [ -70.495914750999987, -33.366974867999943 ], [ -70.495709665999982, -33.366957590999959 ], [ -70.495550799999933, -33.36691746799994 ], [ -70.495362987999954, -33.366816015999987 ], [ -70.495262794999974, -33.366731546 ], [ -70.495149315999981, -33.366607927999944 ], [ -70.495044201999974, -33.366460354999951 ], [ -70.494615504999956, -33.365931768999928 ], [ -70.494377317999977, -33.365643361999958 ], [ -70.494101154999953, -33.365319592999974 ], [ -70.494045696999933, -33.365269474999927 ], [ -70.493948528999965, -33.365199000999951 ], [ -70.493555781999987, -33.364987893999967 ], [ -70.493226297999968, -33.364780982999939 ], [ -70.492966724999974, -33.364664255999962 ], [ -70.492766657999937, -33.364616678999937 ], [ -70.492583314999933, -33.364592985999934 ], [ -70.492293024999981, -33.364579295999931 ], [ -70.491990914999974, -33.364572904999932 ], [ -70.491795957999955, -33.364546613999948 ], [ -70.491590569999971, -33.36450899499993 ], [ -70.491405725999982, -33.364475422999931 ], [ -70.491197365999938, -33.364463608999984 ], [ -70.490967171999955, -33.364472100999933 ], [ -70.49077099699997, -33.364474456999972 ], [ -70.490457337999942, -33.36449110999996 ], [ -70.490012203999981, -33.364502179999931 ], [ -70.489645613999983, -33.364516601999973 ], [ -70.489551937999977, -33.364526316999957 ], [ -70.489249365999967, -33.364592942999927 ], [ -70.489064230999986, -33.364642409999917 ], [ -70.48887882799994, -33.364676131999943 ], [ -70.488681361999966, -33.364702838999975 ], [ -70.488386269999978, -33.364707809999956 ], [ -70.488119909999966, -33.364696685999931 ], [ -70.487617774999933, -33.364666911999954 ], [ -70.487200981999933, -33.36463897699997 ], [ -70.486565569999982, -33.364597910999976 ], [ -70.486143732999949, -33.364574327999961 ], [ -70.48582261599995, -33.364553832999938 ], [ -70.485597050999957, -33.364533624999979 ], [ -70.485403800999961, -33.364507303999972 ], [ -70.485227415999987, -33.364469325999949 ], [ -70.485014792999948, -33.364407442999955 ], [ -70.484819302999952, -33.364349649999951 ], [ -70.484659903999955, -33.364307172999929 ], [ -70.484507716999985, -33.364287517999962 ], [ -70.484366129999955, -33.364289210999978 ], [ -70.484245304999945, -33.364307835999973 ], [ -70.484143438999979, -33.364337688999967 ], [ -70.484041864999938, -33.36438471799994 ], [ -70.483930321999935, -33.36444761499996 ], [ -70.483837665999943, -33.364517444999933 ], [ -70.483760410999935, -33.364589953999932 ], [ -70.483664682999972, -33.364679864999964 ], [ -70.483578849999958, -33.364749612999951 ], [ -70.483494478999944, -33.364805025999949 ], [ -70.483425144999956, -33.364841647999981 ], [ -70.483264009999971, -33.364897977999938 ], [ -70.483144938999942, -33.364919444999941 ], [ -70.483023966999951, -33.364929480999912 ], [ -70.482883938999976, -33.364922562999944 ], [ -70.482719712999938, -33.364897322999973 ], [ -70.48262706099996, -33.364866931999984 ], [ -70.482544377999943, -33.36482067299994 ], [ -70.482475556999987, -33.364770069999956 ], [ -70.482467147999955, -33.364764808999944 ], [ -70.482383597999956, -33.36471253499996 ], [ -70.482183669999984, -33.364588660999971 ], [ -70.482055695999975, -33.364509021999943 ], [ -70.481982887999948, -33.364473815999915 ], [ -70.481905041999937, -33.364438670999959 ], [ -70.481851793999965, -33.364422067999961 ], [ -70.481793615999948, -33.364403926999962 ], [ -70.481656821999934, -33.364378503999944 ], [ -70.481583464999972, -33.364370360999935 ], [ -70.481444961999955, -33.364362994999958 ], [ -70.481346908999967, -33.364364164999976 ], [ -70.481252418999986, -33.36435752899996 ], [ -70.481185163999953, -33.364344936999935 ], [ -70.481095292999953, -33.364316541999983 ], [ -70.480890583999951, -33.364252367999939 ], [ -70.480772931999979, -33.364226714999973 ], [ -70.480682448999971, -33.364218775999966 ], [ -70.480537229999982, -33.364211489999946 ], [ -70.480519845999936, -33.364211696999966 ], [ -70.480291088999934, -33.364214424999936 ], [ -70.480067780999946, -33.364217087999968 ], [ -70.479907909999952, -33.364237031999949 ], [ -70.479730362999987, -33.364284240999943 ], [ -70.479601873999968, -33.364312828999971 ], [ -70.479508490999933, -33.364331978999928 ], [ -70.479400477999945, -33.364339431999952 ], [ -70.479311060999976, -33.364337818999964 ], [ -70.479231861999949, -33.364332904999962 ], [ -70.479202402999988, -33.364331076999981 ], [ -70.479064927999957, -33.364319320999982 ], [ -70.478930779999985, -33.364315561999938 ], [ -70.478752082999961, -33.364320368999977 ], [ -70.47835988099996, -33.364337502999952 ], [ -70.478236333999973, -33.36434289999994 ], [ -70.478161910999972, -33.36434615099995 ], [ -70.47747437299995, -33.364229856999934 ], [ -70.47757071999996, -33.36984321299996 ], [ -70.477903866999952, -33.370118363999943 ], [ -70.478434924999988, -33.370410311999933 ], [ -70.478830423999966, -33.370674046999966 ], [ -70.47942134699997, -33.370941958999936 ], [ -70.480193989999975, -33.37155706399993 ], [ -70.480786742999967, -33.372265673999941 ], [ -70.481179912999949, -33.372976662999967 ], [ -70.481463186999974, -33.373628052999948 ], [ -70.481520871999976, -33.374203343999959 ], [ -70.481852166999943, -33.375161359999929 ], [ -70.48214012699998, -33.375919968999938 ], [ -70.482330316999935, -33.376233866999932 ], [ -70.482487798999955, -33.376715187999942 ], [ -70.482508713999948, -33.377528626999947 ], [ -70.482401429999982, -33.378245763999928 ], [ -70.482167367999978, -33.379537097999957 ], [ -70.481818076999957, -33.380407453999958 ], [ -70.481505423999977, -33.381258281999976 ], [ -70.480793837999954, -33.382066145999943 ], [ -70.480009326999948, -33.38276749799995 ], [ -70.479560191999951, -33.383118850999942 ], [ -70.479228035999938, -33.383659701999932 ], [ -70.478989955999978, -33.384419762999975 ], [ -70.478902741999946, -33.385191285999944 ], [ -70.478771583999958, -33.386099047999942 ], [ -70.478795498999943, -33.386671446999962 ], [ -70.478758900999935, -33.387029809999952 ], [ -70.478640016, -33.387568117999933 ], [ -70.478313896999964, -33.388466821999941 ], [ -70.477953122999963, -33.388983931999981 ], [ -70.477148195999973, -33.390174204999937 ], [ -70.476681892999977, -33.391711877999967 ], [ -70.476609968999981, -33.391872390999929 ], [ -70.476200404999986, -33.393217483999933 ], [ -70.475835205999942, -33.39385251899995 ], [ -70.475539997999988, -33.394249997999964 ], [ -70.475504391999948, -33.394297938999955 ], [ -70.47513066099998, -33.394428520999938 ], [ -70.474194199999943, -33.394628857999976 ], [ -70.473444067999935, -33.394732372999961 ], [ -70.47343, -33.394728892999971 ], [ -70.472349274999956, -33.394461557999925 ], [ -70.471930316999988, -33.394380661999939 ], [ -70.471536869999966, -33.394304689999956 ], [ -70.47126826899995, -33.394155140999935 ], [ -70.470988709999972, -33.393999495999935 ], [ -70.470292091999966, -33.393611636999935 ], [ -70.470250001999943, -33.39359 ], [ -70.470249974999945, -33.393590010999958 ], [ -70.470215860999986, -33.393605434999976 ], [ -70.469426265999971, -33.393619168999976 ], [ -70.468702428999961, -33.393711255999968 ], [ -70.467923112999983, -33.393887511999942 ], [ -70.466579981999985, -33.394368700999948 ], [ -70.465517643999988, -33.394631802999974 ], [ -70.464339733999964, -33.394788881999929 ], [ -70.463543576999939, -33.394810205999924 ], [ -70.462579170999959, -33.394976680999946 ], [ -70.461034304999941, -33.395305085999951 ], [ -70.459986956999956, -33.395615688999946 ], [ -70.457808503999956, -33.396333298999934 ], [ -70.456999502999963, -33.396438248999971 ], [ -70.455822743999988, -33.39666681999995 ], [ -70.454980879999951, -33.396906224999952 ], [ -70.454968390999966, -33.396907300999928 ], [ -70.454213341999946, -33.397235110999922 ], [ -70.453914628999939, -33.397393119999933 ], [ -70.453760579999937, -33.397538096999945 ], [ -70.453516522999962, -33.397820478999954 ], [ -70.453200308999953, -33.398590838999958 ], [ -70.45308975599994, -33.399108908999942 ], [ -70.452840703999982, -33.400169272999953 ], [ -70.45264302399994, -33.400620286999988 ], [ -70.451880365999955, -33.401763286999937 ], [ -70.451878336999982, -33.40176896399997 ], [ -70.451659971999959, -33.402379971999949 ], [ -70.451615516999937, -33.402581229999946 ], [ -70.451616434999949, -33.402776371999941 ], [ -70.451616893999983, -33.40287379199998 ], [ -70.451816272999963, -33.403850134999971 ], [ -70.451998671999945, -33.404749142999954 ], [ -70.452090488999943, -33.404934136999941 ], [ -70.452258548999964, -33.40527274199998 ], [ -70.452530238999941, -33.40566746799994 ], [ -70.452849043999947, -33.406377625999937 ], [ -70.453042681999989, -33.407112655999974 ], [ -70.453111151999963, -33.407872557999951 ], [ -70.453151527, -33.408621085999982 ], [ -70.453063024999949, -33.40917216999997 ], [ -70.453069076999952, -33.409535562999963 ], [ -70.453070429999968, -33.409616802999949 ], [ -70.453089992999935, -33.41003 ], [ -70.452927050999961, -33.410695749999945 ], [ -70.452784340999983, -33.412354054999987 ], [ -70.452707258999965, -33.413728777999943 ], [ -70.45258019399995, -33.415496040999983 ], [ -70.452450465999959, -33.416249207999954 ], [ -70.452259658999935, -33.416586389999956 ], [ -70.452307558999962, -33.417019995999965 ], [ -70.451999442999977, -33.41766996299998 ], [ -70.451692540999943, -33.418317359999946 ], [ -70.451444217999949, -33.418594764999966 ], [ -70.450454701999945, -33.419431868999929 ], [ -70.449665035999942, -33.420199906999983 ], [ -70.449025655999947, -33.420765744999983 ], [ -70.448435815, -33.421230781999952 ], [ -70.44770916799996, -33.421683095999974 ], [ -70.447190582999951, -33.422172156999984 ], [ -70.446773818999986, -33.422423278999929 ], [ -70.446565283999973, -33.422538484999954 ], [ -70.444941168999947, -33.42343574299997 ], [ -70.444217490999961, -33.423835531999941 ], [ -70.443063585999937, -33.42437199699998 ], [ -70.44176151399995, -33.424977325999969 ], [ -70.441739466999934, -33.424986061999959 ], [ -70.440889323999968, -33.425322919999935 ], [ -70.440475125999967, -33.425487037999972 ], [ -70.439686231999985, -33.425565217999974 ], [ -70.438904245999936, -33.425642707999934 ], [ -70.436762303999956, -33.425956153999948 ], [ -70.435749925999971, -33.426187772999974 ], [ -70.435359617999964, -33.42630190899996 ], [ -70.435113767999951, -33.426373800999968 ], [ -70.43493, -33.4265 ], [ -70.434896446999971, -33.426524262999969 ], [ -70.434660127999962, -33.42669514899994 ], [ -70.434506214999942, -33.426894642999962 ], [ -70.434210778999955, -33.427277570999934 ], [ -70.433627718999958, -33.428699887999983 ], [ -70.433545107999976, -33.428994142999954 ], [ -70.433318039999961, -33.429802941999981 ], [ -70.433245669999963, -33.430447225999956 ], [ -70.433146459999989, -33.431330446999937 ], [ -70.433146367999939, -33.431341679999946 ], [ -70.433144040999935, -33.431627178999967 ], [ -70.433143652999945, -33.431674797999975 ], [ -70.433135593999964, -33.432663685999955 ], [ -70.43307088499995, -33.432808173999945 ], [ -70.432850992999988, -33.433299172999966 ], [ -70.432260423999935, -33.434268035999935 ], [ -70.431835729999989, -33.434892902999927 ], [ -70.431671704999985, -33.435337314999963 ], [ -70.431179744999952, -33.436429711999935 ], [ -70.431125178999949, -33.436561536999932 ], [ -70.430650459999981, -33.437767651999934 ], [ -70.430247616999964, -33.438420215999933 ], [ -70.430153688999951, -33.438572367999939 ], [ -70.430120846999955, -33.43908236999993 ], [ -70.43024780099995, -33.439560244999932 ], [ -70.430395374999932, -33.440115724999934 ], [ -70.43063962399998, -33.441814528999949 ], [ -70.43083343099994, -33.442201704999945 ], [ -70.430917721999947, -33.442370093999955 ], [ -70.43138222999994, -33.442785735999969 ], [ -70.431879483, -33.443259618999939 ], [ -70.431894344999932, -33.443321021999957 ], [ -70.43203385299995, -33.443897387999989 ], [ -70.432012267999937, -33.444195082999954 ], [ -70.431964667999978, -33.444851555999946 ], [ -70.431949857999939, -33.445055804999974 ], [ -70.431573839999942, -33.445686378999937 ], [ -70.430503678999969, -33.446445749999953 ], [ -70.430249807999985, -33.446625889999957 ], [ -70.430050001999973, -33.446839992999969 ], [ -70.429868246999945, -33.44704544699993 ], [ -70.429310027999975, -33.447750987999946 ], [ -70.428786496999976, -33.448184586999965 ], [ -70.428434144999983, -33.448689631999962 ], [ -70.428194967999971, -33.449184734999967 ], [ -70.428187324999953, -33.449373971999933 ], [ -70.428180309999959, -33.44954768499997 ], [ -70.428268814999967, -33.449918085999968 ], [ -70.428253165999934, -33.450220583999965 ], [ -70.428225838999936, -33.450734952999937 ], [ -70.428200720999939, -33.451489445999982 ], [ -70.428339395999956, -33.452325852999934 ], [ -70.428409979999969, -33.453582044999962 ], [ -70.428315632999954, -33.453990252999979 ], [ -70.428115471999945, -33.45485626899994 ], [ -70.428078977999974, -33.455014164999966 ], [ -70.42799995699994, -33.455589990999947 ], [ -70.427945835999935, -33.455873739999959 ], [ -70.42779156499995, -33.456727680999961 ], [ -70.427663416999962, -33.457425209999933 ], [ -70.427580618999968, -33.45787589299993 ], [ -70.42734061699997, -33.458528153999971 ], [ -70.427317408999954, -33.458591225999953 ], [ -70.427375626999947, -33.459093357999954 ], [ -70.427899992999983, -33.459900018999974 ], [ -70.428375645999949, -33.460632143999945 ], [ -70.428546909999966, -33.461188847999956 ], [ -70.428672678999988, -33.461597661999981 ], [ -70.429194487999951, -33.462932449999983 ], [ -70.429506239999967, -33.463651632999984 ], [ -70.42959788099995, -33.463714831999937 ], [ -70.429670571999964, -33.463764961999971 ], [ -70.429985021999983, -33.463887034999964 ], [ -70.430941357999984, -33.463902185999984 ], [ -70.432030186999953, -33.463994360999955 ], [ -70.432862471999954, -33.464445642999976 ], [ -70.433416504999968, -33.465455313999939 ], [ -70.434007225999949, -33.466794520999933 ], [ -70.434424348999983, -33.467837195999941 ], [ -70.434705872999984, -33.468614325999965 ], [ -70.434739840999967, -33.46915863299995 ], [ -70.434726105999971, -33.469434606999975 ], [ -70.434721061999937, -33.469535950999948 ], [ -70.434500008999976, -33.469789898999984 ], [ -70.43382487599996, -33.470520497999935 ], [ -70.433400608999989, -33.471321506999963 ], [ -70.432730927999955, -33.472780039999975 ], [ -70.432569212999965, -33.473193842999926 ], [ -70.432299139999941, -33.473884906999949 ], [ -70.432303274999981, -33.474304125999943 ], [ -70.432308490999958, -33.474832786999976 ], [ -70.432753389999959, -33.476042743999983 ], [ -70.432762509, -33.476064336999968 ], [ -70.433039536999956, -33.476720310999937 ], [ -70.433308582999985, -33.477497586999959 ], [ -70.433462109999937, -33.47846 ], [ -70.433503730999973, -33.478720904999932 ], [ -70.433722113999977, -33.480526383999972 ], [ -70.433735269999943, -33.480635150999937 ], [ -70.433774146999951, -33.481074006999968 ], [ -70.43378, -33.48114 ], [ -70.433780027999944, -33.481140007999954 ], [ -70.43474658599996, -33.481474352999939 ], [ -70.435468026999956, -33.481865132999928 ], [ -70.43594, -33.482290001999964 ], [ -70.436399888999972, -33.482857116999973 ], [ -70.436730549999936, -33.48336813799996 ], [ -70.437030107999988, -33.48399712999997 ], [ -70.43743666599994, -33.48452565499997 ], [ -70.437863551999953, -33.484952540999984 ], [ -70.438270109999962, -33.485318443999958 ], [ -70.438626506999981, -33.485655933999965 ], [ -70.438780974999986, -33.485848441999956 ], [ -70.43886, -33.485970001999931 ], [ -70.438860100999989, -33.485969996999977 ], [ -70.438860155999976, -33.485969992999969 ], [ -70.438860253999962, -33.485969984999933 ], [ -70.438874666999936, -33.485968807999932 ], [ -70.43887540999998, -33.485968746999944 ], [ -70.438878504999934, -33.485968493999955 ], [ -70.43888205099995, -33.485968204999935 ], [ -70.438892126999974, -33.485967382999945 ], [ -70.438906826999983, -33.48596618299996 ], [ -70.438961635999988, -33.485961710999952 ], [ -70.439137946999949, -33.48594732399993 ], [ -70.439364570999942, -33.485875275999945 ], [ -70.440006792999952, -33.485671096999972 ], [ -70.440199012999983, -33.485609984999947 ], [ -70.44076, -33.485516694999937 ], [ -70.441574272999958, -33.485381278999959 ], [ -70.442274319999981, -33.485264853999972 ], [ -70.443438497999978, -33.485071230999949 ], [ -70.443462696999973, -33.485068865999956 ], [ -70.444695751999973, -33.484948350999957 ], [ -70.445116538999969, -33.484907221999947 ], [ -70.447223651999934, -33.484629842999929 ], [ -70.447380632999966, -33.484550632999976 ], [ -70.448729852999975, -33.483869823999946 ], [ -70.448762188999979, -33.483853506999928 ], [ -70.449668430999964, -33.483428344999929 ], [ -70.451840991999973, -33.482409091999955 ], [ -70.452373989999955, -33.481949786999955 ], [ -70.453285435999987, -33.481164343999971 ], [ -70.45529259999995, -33.480067436999938 ], [ -70.455298561999939, -33.480064178999946 ], [ -70.456219995999959, -33.479309996999973 ], [ -70.456550277999952, -33.479019565999977 ], [ -70.456720805999964, -33.478869612999979 ], [ -70.457666574999962, -33.478418075999961 ], [ -70.45814022899998, -33.47823838599993 ], [ -70.458367586999941, -33.478084309999929 ], [ -70.458647792999955, -33.477894418999945 ], [ -70.459272570999985, -33.477252045999933 ], [ -70.459961012999941, -33.476762552999951 ], [ -70.460810030999937, -33.476350866999944 ], [ -70.461173333999966, -33.476174699999945 ], [ -70.461634921999973, -33.475977363999952 ], [ -70.461886156999981, -33.475869955999933 ], [ -70.461986357999933, -33.475827117999977 ], [ -70.462772733999941, -33.475668270999954 ], [ -70.463009511999985, -33.475620440999926 ], [ -70.463636487999963, -33.475521983999947 ], [ -70.463996865999945, -33.475465389999947 ], [ -70.465409327999964, -33.475312910999946 ], [ -70.465595006999934, -33.475292865999961 ], [ -70.466466170999979, -33.475282560999965 ], [ -70.467171290999943, -33.475274214999949 ], [ -70.46845929999995, -33.47519238499995 ], [ -70.469510670999966, -33.475210648999962 ], [ -70.470448684999951, -33.475207949999962 ], [ -70.470708018999972, -33.475192075999914 ], [ -70.470759097999974, -33.475188948999971 ], [ -70.470979586999988, -33.47525679499995 ], [ -70.471310190999986, -33.475350904999971 ], [ -70.471499993999942, -33.475389995999926 ], [ -70.471707909999964, -33.475306355999976 ], [ -70.472059068999954, -33.475044301999965 ], [ -70.472083363999957, -33.47502617199995 ], [ -70.472709848999955, -33.474583282999944 ], [ -70.472784183999977, -33.474530731999941 ], [ -70.473479514999951, -33.473819367999965 ], [ -70.473680896999952, -33.473658437999966 ], [ -70.474662548999959, -33.472873959999951 ], [ -70.474781582999981, -33.472730412999951 ], [ -70.475918244999946, -33.471359648999972 ], [ -70.476181455999949, -33.471042220999941 ], [ -70.477499265999938, -33.46946627199997 ], [ -70.477671896999937, -33.469259820999987 ], [ -70.479113794999932, -33.468066195999945 ], [ -70.480069790999949, -33.467139793999927 ], [ -70.480755958999964, -33.466528951999983 ], [ -70.481762749999973, -33.465632685999935 ], [ -70.482357677999971, -33.46523767799993 ], [ -70.483269002999975, -33.464632581999972 ], [ -70.483553476999987, -33.46444369599994 ], [ -70.484394015999953, -33.463885581999925 ], [ -70.484716511999977, -33.463775518999974 ], [ -70.486254645999963, -33.463250562999974 ], [ -70.486562430999982, -33.46243807999997 ], [ -70.486280910999938, -33.461363066999972 ], [ -70.48638828199995, -33.460611420999939 ], [ -70.486535033999985, -33.460256854999948 ], [ -70.486536788999956, -33.460252614999938 ], [ -70.486976476999985, -33.459190273999972 ], [ -70.487316582999938, -33.458696062999934 ], [ -70.488058439999975, -33.457648899999981 ], [ -70.488170851999939, -33.456581224999972 ], [ -70.488848011999949, -33.455561364999937 ], [ -70.489614213999971, -33.454778612999974 ], [ -70.4902, -33.454320000999935 ], [ -70.491436174999933, -33.4537645 ], [ -70.493201153999962, -33.452819586999958 ], [ -70.494507900999963, -33.451637889999972 ], [ -70.49491610299998, -33.450859200999957 ], [ -70.49495476, -33.450457860999954 ], [ -70.49485083999997, -33.449046511999946 ], [ -70.494744468999954, -33.447492022999938 ], [ -70.495108548999951, -33.446757858999938 ], [ -70.49536, -33.446240000999971 ], [ -70.495803673999944, -33.445522601999983 ], [ -70.496125191999965, -33.445190551999922 ], [ -70.496360253999967, -33.444947788999961 ], [ -70.497627114999943, -33.443639388999927 ], [ -70.498998896999979, -33.442639715999974 ], [ -70.499730534999969, -33.442179955999954 ], [ -70.500733407999974, -33.441549736999953 ], [ -70.501420665999945, -33.441130997999942 ], [ -70.50192478699995, -33.440773308999951 ], [ -70.50254, -33.440040000999943 ], [ -70.503482498999972, -33.438383909999963 ], [ -70.503967944999943, -33.437777101999977 ], [ -70.504474691999974, -33.437342945999944 ], [ -70.505048080999984, -33.436925568999982 ], [ -70.506032855999933, -33.436598639999936 ], [ -70.506905126999982, -33.436349426999975 ], [ -70.508359373999951, -33.436071012999953 ], [ -70.509332880999978, -33.43586175799993 ], [ -70.509734826999988, -33.435783087999937 ], [ -70.509902778999958, -33.435750215999974 ], [ -70.509956886999987, -33.43573962499994 ], [ -70.510681524999939, -33.435541932999968 ], [ -70.51155640099995, -33.435293547999933 ], [ -70.511926686999971, -33.435273001999974 ], [ -70.511969514999976, -33.435270626 ], [ -70.512726891999932, -33.435228597999973 ], [ -70.513371651999933, -33.435058506999958 ], [ -70.513608467999973, -33.43501033099993 ], [ -70.513626424999984, -33.435006677999972 ], [ -70.514120344999981, -33.434906197999943 ], [ -70.514709197999935, -33.434727202999959 ], [ -70.515363366999964, -33.434535453999963 ], [ -70.515376957999948, -33.434531469999961 ], [ -70.515524680999988, -33.434488168999962 ], [ -70.51610214599998, -33.434309306999985 ], [ -70.516701541999964, -33.434082450999938 ], [ -70.517115882999974, -33.433956957999946 ], [ -70.517118805999985, -33.433956072999926 ], [ -70.517686735999973, -33.433784058999954 ], [ -70.518276673999935, -33.433585827999934 ], [ -70.518569055999933, -33.433495424999933 ], [ -70.51880237599994, -33.433377950999947 ], [ -70.518822363999959, -33.433367886999982 ], [ -70.518855378999945, -33.433370316999984 ], [ -70.518861332999975, -33.433372223999982 ], [ -70.518928792999986, -33.433393830999925 ], [ -70.519043239999974, -33.433448625999972 ], [ -70.519166030999941, -33.433548414999954 ], [ -70.519212746999983, -33.433580861999921 ], [ -70.519227333999936, -33.433590993999928 ], [ -70.519230357999959, -33.433593094999942 ], [ -70.519239535999986, -33.433599468999937 ], [ -70.519254122999939, -33.433609600999944 ], [ -70.519266538999943, -33.433618224999975 ], [ -70.519281125999967, -33.433628356999975 ], [ -70.519305076999956, -33.433644991999984 ], [ -70.519306007999944, -33.433645638999963 ], [ -70.519306007999944, -33.433645551999966 ], [ -70.519306005999965, -33.43364500399997 ], [ -70.519306004999976, -33.433644718999972 ], [ -70.519306004999976, -33.433644679999929 ], [ -70.51930600299994, -33.433644640999937 ], [ -70.519305977999977, -33.433644218999966 ], [ -70.519305761999988, -33.43364084399996 ], [ -70.519297574999939, -33.433513107999936 ], [ -70.51929787399996, -33.433506866999949 ], [ -70.519302472999982, -33.433410820999939 ], [ -70.519329614999947, -33.433339068999942 ], [ -70.519371981999939, -33.433278333999965 ], [ -70.519384842999955, -33.433266304999954 ], [ -70.519431144999942, -33.43322299499993 ], [ -70.519454653999958, -33.433209105999936 ], [ -70.519516488999969, -33.433172575999947 ], [ -70.519654116999959, -33.433116385999938 ], [ -70.520062638999946, -33.432949594999975 ], [ -70.520586021999975, -33.432735908999966 ], [ -70.520822576999933, -33.432650249999938 ], [ -70.521128660999977, -33.432556435999977 ], [ -70.521391378999965, -33.432472888999932 ], [ -70.521552639999982, -33.432397888999958 ], [ -70.521762475999935, -33.432278478999933 ], [ -70.522006715999964, -33.432134306999956 ], [ -70.522236782999983, -33.432009779999937 ], [ -70.522327495999946, -33.431961860999941 ], [ -70.52259058999995, -33.431822881999949 ], [ -70.522917285999938, -33.431652531999916 ], [ -70.522958641999935, -33.431633986999934 ], [ -70.52300033299997, -33.431615437999938 ], [ -70.523125304999965, -33.431620123999949 ], [ -70.523422598999957, -33.431657723999926 ], [ -70.523605994999969, -33.431681667999953 ], [ -70.524024918999942, -33.431729983999958 ], [ -70.524230555999964, -33.431737404999971 ], [ -70.527373018999981, -33.432115517999918 ], [ -70.529673822999939, -33.432401217999939 ], [ -70.531250330999967, -33.432600385999933 ], [ -70.532859797999947, -33.43280292799993 ], [ -70.534880833999978, -33.43305363199994 ], [ -70.538018087999944, -33.433439421999935 ], [ -70.538742480999986, -33.432075106999946 ], [ -70.53892435299997, -33.431576532999927 ], [ -70.539081944999964, -33.430992358999951 ], [ -70.539196140999934, -33.430368158999947 ], [ -70.539219814999967, -33.429935973999925 ], [ -70.539227155999981, -33.429384683999949 ], [ -70.539218919999939, -33.429079360999935 ], [ -70.539152030999958, -33.428836804999932 ], [ -70.541478557999937, -33.429084697999933 ], [ -70.550683953999965, -33.430126471999984 ], [ -70.551443803999973, -33.430197774999954 ], [ -70.552260894999961, -33.430268355999942 ], [ -70.553486718999977, -33.430411417999935 ], [ -70.554484328999933, -33.430491723999985 ], [ -70.555036743999949, -33.430498523999972 ], [ -70.556563997999945, -33.430572044999955 ], [ -70.558539928999949, -33.430667235999977 ], [ -70.559019585999977, -33.430703609999966 ], [ -70.560633250999956, -33.430768833999934 ], [ -70.562722849999943, -33.430865011999963 ], [ -70.563703564, -33.430907052999942 ], [ -70.564995664999969, -33.430966758999944 ], [ -70.56544527799997, -33.430977084999938 ], [ -70.566217737999978, -33.431005733999939 ], [ -70.566925141999945, -33.431024798999935 ], [ -70.567641087999959, -33.431041351999966 ], [ -70.568459339999947, -33.431069407999935 ], [ -70.569412985999975, -33.431091744999947 ], [ -70.570204210999975, -33.431102529999954 ], [ -70.570966294999948, -33.431137680999953 ], [ -70.572120796999968, -33.431186253999947 ], [ -70.572803483999962, -33.431210398999951 ], [ -70.573358339, -33.431236162999923 ], [ -70.574096328999985, -33.431258 ], [ -70.574867405999953, -33.431262609999976 ], [ -70.577232366999965, -33.431340559999974 ], [ -70.578099868, -33.431347923999958 ], [ -70.578665028999978, -33.431363131999937 ], [ -70.579501526999934, -33.43139728299996 ], [ -70.579578972999968, -33.431405896999934 ], [ -70.579661406999946, -33.431426448999957 ], [ -70.579728416999956, -33.431438395999976 ], [ -70.579776202999938, -33.431442587999989 ], [ -70.580100007999988, -33.431460863999959 ], [ -70.580766005999976, -33.431511579999949 ], [ -70.58194472699995, -33.431579753999983 ], [ -70.582955344999959, -33.431638862999932 ], [ -70.583698180999988, -33.431664579999953 ], [ -70.584012418999976, -33.43168136799995 ], [ -70.584176968999941, -33.43170486799994 ], [ -70.584493466999959, -33.431765905999946 ], [ -70.584499427999958, -33.431758026999937 ], [ -70.584912933999988, -33.431203422999936 ], [ -70.585523506999948, -33.430605909999933 ], [ -70.586549107999986, -33.429690812999965 ], [ -70.587557102999938, -33.428817583999951 ], [ -70.588776663999965, -33.427768299999968 ], [ -70.589826407999965, -33.426938412999959 ], [ -70.590728645999945, -33.426239454999973 ], [ -70.590989051999941, -33.426071057999927 ], [ -70.592278058999966, -33.425049313999978 ], [ -70.593730069999935, -33.423913484999957 ], [ -70.595221540999944, -33.422736344999976 ], [ -70.596870569999965, -33.421491021999934 ], [ -70.598743641999988, -33.420102268999976 ], [ -70.599650888999989, -33.419454027999954 ], [ -70.600251760999981, -33.419021408999981 ], [ -70.600610848999963, -33.418760578999965 ], [ -70.601228919999983, -33.418288679999932 ], [ -70.601595386999975, -33.418028397999926 ], [ -70.602042772999937, -33.417765843999966 ], [ -70.602274792999935, -33.417664622999958 ], [ -70.602736526999934, -33.417499728999928 ], [ -70.603196134999962, -33.417380987999934 ], [ -70.604345537999961, -33.417267798999951 ], [ -70.604855354999984, -33.417185427999989 ], [ -70.605329111999936, -33.416904824999961 ], [ -70.606517664999956, -33.416318351999969 ], [ -70.60697023299997, -33.41625437499993 ], [ -70.607719403999965, -33.416096756999927 ], [ -70.607543074999967, -33.415760537 ], [ -70.607241162999969, -33.414974272999977 ], [ -70.607019101999981, -33.413992182999948 ], [ -70.606870187999959, -33.413326522999974 ], [ -70.606491690999974, -33.412092378999944 ], [ -70.606259050999938, -33.411496930999931 ], [ -70.606096486999945, -33.411193995999938 ], [ -70.605977673999973, -33.41072209299994 ], [ -70.60562970999996, -33.409823728999989 ], [ -70.605511927999942, -33.409509038999943 ], [ -70.605404672999953, -33.409319174999943 ], [ -70.605382887999951, -33.409257631999935 ], [ -70.605274160999954, -33.409221474999974 ], [ -70.60513005699994, -33.409173534999972 ], [ -70.604932414999951, -33.409107681999949 ], [ -70.604780106999954, -33.409056668999931 ], [ -70.604590491999943, -33.408992610999974 ], [ -70.604316617999984, -33.408899419999955 ], [ -70.603410973999985, -33.408600254999953 ], [ -70.602821320999965, -33.408401940999966 ], [ -70.602329087999976, -33.408257078999959 ], [ -70.602046565999956, -33.408194863999938 ], [ -70.601748715999975, -33.408156555999938 ], [ -70.601398913999958, -33.408133760999931 ], [ -70.600863527999934, -33.408119180999961 ], [ -70.599928950999981, -33.408082703999973 ], [ -70.599344812999959, -33.408067342999971 ], [ -70.599237594999977, -33.408064461999977 ], [ -70.598909594999952, -33.408028225999942 ], [ -70.598500506999983, -33.40791574699994 ], [ -70.597918178999976, -33.407715206999967 ], [ -70.597518729999933, -33.407569711999933 ], [ -70.597041614999966, -33.407342405999934 ], [ -70.59660731799994, -33.407183573999916 ], [ -70.595973244999982, -33.40696169899995 ], [ -70.595670507999955, -33.406857111999948 ], [ -70.594782003999967, -33.40654371199998 ], [ -70.594126827999958, -33.406311903999949 ], [ -70.593606903999955, -33.406134883999982 ], [ -70.592847495999933, -33.405867401999949 ], [ -70.592175516999987, -33.40562985199994 ], [ -70.591208542999937, -33.405289940999964 ], [ -70.590897173999963, -33.40517798399997 ], [ -70.590241843999934, -33.404953464999949 ], [ -70.589659910999956, -33.404774424999964 ], [ -70.588438946999986, -33.404538363999954 ], [ -70.586638203999939, -33.404200905999964 ], [ -70.585998436999944, -33.404075618999968 ], [ -70.584861364999938, -33.403652517999944 ], [ -70.583867938999958, -33.403078500999982 ], [ -70.582941396999956, -33.402658330999934 ], [ -70.580994981999936, -33.401855356999931 ], [ -70.580457349999961, -33.40163119999994 ], [ -70.579490193999959, -33.40122638899993 ], [ -70.578430469999944, -33.400775390999968 ], [ -70.577391484999964, -33.400344197999964 ], [ -70.576411217999976, -33.399937695999938 ], [ -70.575405415999967, -33.39955131499994 ], [ -70.574727558999939, -33.399286658999976 ], [ -70.574062178999952, -33.399036409999944 ], [ -70.573359288999939, -33.398770905999982 ], [ -70.57251501199994, -33.398440422999947 ], [ -70.571917384999949, -33.398210190999976 ], [ -70.571545851999986, -33.398078805999944 ], [ -70.57141, -33.398030000999938 ], [ -70.5711, -33.397900000999982 ], [ -70.570328978999953, -33.397602547999959 ], [ -70.569734295999979, -33.39737447899995 ], [ -70.569404270999939, -33.397249401999936 ], [ -70.568663092999941, -33.396974298999957 ], [ -70.567368089999945, -33.396523048999931 ], [ -70.566344153999978, -33.396174085 ], [ -70.565433031999987, -33.395860547999966 ], [ -70.565012145999958, -33.395712594999964 ], [ -70.564202859, -33.395430296999969 ], [ -70.563277834999951, -33.395108356999962 ], [ -70.561760044999971, -33.39457986799993 ], [ -70.561004847999982, -33.394320816999929 ], [ -70.560034989999963, -33.39398918399997 ], [ -70.559081483999933, -33.393661779999945 ], [ -70.55835112799997, -33.393411139999955 ], [ -70.557383229999971, -33.393076685 ], [ -70.556319644999974, -33.392708393999946 ], [ -70.555385700999977, -33.392381678999989 ], [ -70.554471641999953, -33.392064950999952 ], [ -70.553735466999967, -33.391804093999944 ], [ -70.552911379999955, -33.39150170399995 ], [ -70.551562456999989, -33.390979011999931 ], [ -70.550381498999968, -33.39051871199996 ], [ -70.550093889999971, -33.390405234999946 ], [ -70.549444890999951, -33.390208123999976 ], [ -70.548471669999969, -33.389827469999929 ], [ -70.548033207999936, -33.389657167999928 ], [ -70.547248367999941, -33.389310365999961 ], [ -70.54638405299994, -33.38898635999994 ], [ -70.545462956999984, -33.38867772899993 ], [ -70.54510107699997, -33.388565206999949 ], [ -70.544254162999948, -33.388287139999932 ], [ -70.542981124999983, -33.387789524999974 ], [ -70.542303851999975, -33.387514311999951 ], [ -70.540840600999957, -33.386944071999949 ], [ -70.539320936999957, -33.38634121399997 ], [ -70.538731636999955, -33.386086913999975 ], [ -70.537576907999949, -33.385589410999962 ], [ -70.537154697999952, -33.385408499999983 ], [ -70.53633118099998, -33.385069421999958 ], [ -70.535623430999976, -33.384791907999954 ], [ -70.534956940999962, -33.384460111999935 ], [ -70.533982444999936, -33.383842319999928 ], [ -70.53357718999996, -33.383459437999932 ], [ -70.532619068999963, -33.382479681999925 ], [ -70.532327819999978, -33.382189130999954 ], [ -70.531475537999938, -33.381377027999982 ], [ -70.531246746999955, -33.381161101999957 ], [ -70.53049688599998, -33.380479345999959 ], [ -70.530176616999938, -33.38017319599993 ], [ -70.529324405999944, -33.379374604999946 ], [ -70.528971234, -33.378985763999928 ], [ -70.52821268699995, -33.378067460999944 ], [ -70.527647048999938, -33.377482118999978 ], [ -70.527460720999954, -33.377337441999934 ], [ -70.526879636999979, -33.376923284999975 ], [ -70.526446777999979, -33.376638891999953 ], [ -70.525726569999961, -33.376249425999951 ], [ -70.524850861999937, -33.375819424999968 ], [ -70.523941062999938, -33.375440864999987 ], [ -70.522452072999954, -33.374816355999947 ], [ -70.521826813999951, -33.374546170999963 ], [ -70.520776932999979, -33.37408395399995 ], [ -70.520428866999964, -33.373935646999932 ], [ -70.519587412999954, -33.37357111599993 ], [ -70.518804318999969, -33.373224084999947 ], [ -70.518739097999969, -33.373196917999962 ], [ -70.517631783999946, -33.372698802999935 ], [ -70.517601935999949, -33.372685375999922 ] ] ] } },
{ "type": "Feature", "properties": { "OA_ID": "13122", "REGION": "Metropolitana de Santiago", "PROVINCIA": "Santiago", "COMUNA": "Peñalolén", "area_km2": 53.903871528254705 }, "geometry": { "type": "Polygon", "coordinates": [ [ [ -70.505994806999979, -33.500091588999958 ], [ -70.506148198999938, -33.500134765999974 ], [ -70.506366657999934, -33.500163905999955 ], [ -70.506392666999943, -33.500167472999976 ], [ -70.506548748999933, -33.500188875999982 ], [ -70.506598002, -33.50020683199994 ], [ -70.506643924999935, -33.500223047999938 ], [ -70.506705082999986, -33.500242594999968 ], [ -70.506747185999984, -33.500262013999929 ], [ -70.506781567999951, -33.500283059999937 ], [ -70.506807931999958, -33.500287883999924 ], [ -70.506835181999975, -33.500292868999956 ], [ -70.506858142999988, -33.50029781999995 ], [ -70.506913790999988, -33.500309676999962 ], [ -70.506950037999957, -33.500320691999939 ], [ -70.50699978199998, -33.500336905999966 ], [ -70.507141425999976, -33.500382483999935 ], [ -70.507210333999979, -33.500402026999957 ], [ -70.507262019999985, -33.50041510799997 ], [ -70.507294513999966, -33.500421651999943 ], [ -70.507327044999954, -33.500428203999938 ], [ -70.507374957999957, -33.500434834999957 ], [ -70.507413333999978, -33.500438155999973 ], [ -70.507466897999961, -33.500448055999982 ], [ -70.507497581999985, -33.500454536999932 ], [ -70.507537744999979, -33.500467574999966 ], [ -70.507565194999984, -33.500479746999922 ], [ -70.507662061999952, -33.500522697999934 ], [ -70.50770406099997, -33.500548520999978 ], [ -70.507742237999935, -33.500571232999967 ], [ -70.507776286999956, -33.500596798999929 ], [ -70.507776593999949, -33.500597028999941 ], [ -70.50780230099997, -33.500609612999931 ], [ -70.507812963999982, -33.500614832999929 ], [ -70.507822519999934, -33.500619677999964 ], [ -70.507860748999988, -33.500639097999965 ], [ -70.507898557999965, -33.500653492999966 ], [ -70.507898637999972, -33.50065352699994 ], [ -70.50794484499994, -33.50067157699992 ], [ -70.507992757999943, -33.500684611999937 ], [ -70.508025328999963, -33.500694405999973 ], [ -70.508044394999956, -33.500698016999927 ], [ -70.508049523999944, -33.500698987999961 ], [ -70.508059781999975, -33.500700930999976 ], [ -70.508115307999958, -33.500709182999962 ], [ -70.508161284999971, -33.500719039999971 ], [ -70.508235972999955, -33.500730530999938 ], [ -70.508252963999951, -33.500734525 ], [ -70.508261780999987, -33.500736596999957 ], [ -70.50826774799998, -33.500737998999966 ], [ -70.50830111199997, -33.500743715999924 ], [ -70.508339284999977, -33.500759933999973 ], [ -70.508346929999959, -33.500763178999932 ], [ -70.508396195999978, -33.500788767999943 ], [ -70.508396625999978, -33.500788998999958 ], [ -70.508442876999936, -33.500814813999959 ], [ -70.508512304999954, -33.500854956999945 ], [ -70.508561093999958, -33.50088123799997 ], [ -70.508578382999985, -33.500885944999936 ], [ -70.508616578999977, -33.500896343999955 ], [ -70.508656730999974, -33.500902528999973 ], [ -70.508669128999941, -33.500904445999929 ], [ -70.50868292399997, -33.500906578999931 ], [ -70.508718042999988, -33.500909176999976 ], [ -70.508729507999988, -33.50090921799994 ], [ -70.508752544999936, -33.500909297999954 ], [ -70.508790818999955, -33.500912709999966 ], [ -70.508838829999945, -33.500909689999958 ], [ -70.508875215999979, -33.500906631999953 ], [ -70.50894995299997, -33.500898871999937 ], [ -70.508950001999949, -33.500898866999933 ], [ -70.508998039999938, -33.500894222999925 ], [ -70.509136247999947, -33.500862688999966 ], [ -70.509197601999986, -33.50085003699995 ], [ -70.509239853999986, -33.50084699699994 ], [ -70.50930498799994, -33.500853688999939 ], [ -70.509347137999953, -33.500857142999962 ], [ -70.509391196999957, -33.500862107999971 ], [ -70.509465837999983, -33.500880046999946 ], [ -70.509538671999962, -33.500889980999936 ], [ -70.509586579999961, -33.500893409999939 ], [ -70.509659330999966, -33.50090172299997 ], [ -70.509718834999944, -33.500900320999953 ], [ -70.509753232999969, -33.500903689999973 ], [ -70.509791664999966, -33.500903852999947 ], [ -70.509845280999969, -33.500910503999933 ], [ -70.509906594999961, -33.500920397999941 ], [ -70.509954476999951, -33.500922204999938 ], [ -70.51005209899995, -33.500937021999952 ], [ -70.510057465999978, -33.500939091999946 ], [ -70.510094254999956, -33.500953282999937 ], [ -70.510124835999989, -33.500963010999953 ], [ -70.510178427999961, -33.500977688999974 ], [ -70.510243486, -33.500992406999963 ], [ -70.510300954999934, -33.501007081999951 ], [ -70.510335382999983, -33.501015275999976 ], [ -70.510383271999956, -33.501033088999975 ], [ -70.510383310999941, -33.501033100999962 ], [ -70.510403812999982, -33.501039238999965 ], [ -70.510450527999978, -33.501053224999957 ], [ -70.510454040999946, -33.50105427699998 ], [ -70.510458258999961, -33.501055354999941 ], [ -70.510511455999975, -33.501068952999944 ], [ -70.51056515099998, -33.501073979999944 ], [ -70.510603475999972, -33.501074143999965 ], [ -70.510660961999974, -33.501074343999953 ], [ -70.510703158999945, -33.501068147999923 ], [ -70.510764569999935, -33.501058741999941 ], [ -70.510808778999944, -33.501050851999942 ], [ -70.510867105999978, -33.501040310999926 ], [ -70.510958863999974, -33.501021199999961 ], [ -70.51111113099995, -33.501044622999984 ], [ -70.511179076999952, -33.501055074999947 ], [ -70.51125103399994, -33.501066143999928 ], [ -70.511255902999949, -33.501066892999987 ], [ -70.511418126999956, -33.501091847999923 ], [ -70.511466059999975, -33.501093652999941 ], [ -70.511493886999972, -33.501092257999964 ], [ -70.511525482999957, -33.501090672999958 ], [ -70.51158113799994, -33.501087649999924 ], [ -70.511611766999977, -33.501090972999968 ], [ -70.511665458999971, -33.501089641999954 ], [ -70.511701255999981, -33.501091070999962 ], [ -70.511709570999983, -33.501091402999975 ], [ -70.511801136999964, -33.501104534999968 ], [ -70.511981037999988, -33.501136879999926 ], [ -70.512045366999985, -33.50113961199996 ], [ -70.512076698, -33.501140942999932 ], [ -70.512143401999936, -33.501144998999955 ], [ -70.512298812999973, -33.501186569999966 ], [ -70.512651868999967, -33.501290389999951 ], [ -70.512684177999972, -33.501291257999981 ], [ -70.512755075999962, -33.501296143999987 ], [ -70.512958515999969, -33.50131016399996 ], [ -70.513128281999968, -33.501324745999959 ], [ -70.513155042999983, -33.501334668999952 ], [ -70.51321760999997, -33.501357868999946 ], [ -70.513315740999985, -33.501394254999965 ], [ -70.513833057999989, -33.50155850799996 ], [ -70.513895076999987, -33.501584804999936 ], [ -70.513936086999934, -33.501602341999948 ], [ -70.513958933999959, -33.501620097999933 ], [ -70.513991455999985, -33.501633227999953 ], [ -70.514028014999951, -33.501646308999966 ], [ -70.51408904699997, -33.501654581999965 ], [ -70.514237308999967, -33.501678266999932 ], [ -70.514333961999967, -33.501693706999959 ], [ -70.514377467999964, -33.501700656999965 ], [ -70.514513141999942, -33.50172605399996 ], [ -70.514653008999971, -33.501760416999943 ], [ -70.51480197799998, -33.501776632999956 ], [ -70.514910768999982, -33.501784320999953 ], [ -70.515024524999944, -33.501787438999941 ], [ -70.515073564999966, -33.501786838999976 ], [ -70.515135511999972, -33.501786080999977 ], [ -70.515219828999989, -33.501798576999931 ], [ -70.515306757999952, -33.501806531999932 ], [ -70.515357363999954, -33.501814931999952 ], [ -70.515399482999953, -33.501818925999935 ], [ -70.515437255999984, -33.501820682999941 ], [ -70.515437864999981, -33.501820710999922 ], [ -70.515458867999939, -33.501827154999944 ], [ -70.515473198999985, -33.501831551999942 ], [ -70.515482619999943, -33.501834441999961 ], [ -70.515492494999933, -33.501838078999981 ], [ -70.515522118999968, -33.501848989999914 ], [ -70.515569855999956, -33.501866442999976 ], [ -70.515617748999944, -33.50189291199996 ], [ -70.515766115999952, -33.501990298999949 ], [ -70.515859133999982, -33.502038761999977 ], [ -70.516001054999947, -33.502113681999951 ], [ -70.516117607999959, -33.502160612999944 ], [ -70.516168502999975, -33.502181105999966 ], [ -70.516168542999935, -33.502181121999968 ], [ -70.516217408999978, -33.502201146999937 ], [ -70.516218193999975, -33.502201468999935 ], [ -70.516237626999953, -33.502209432999955 ], [ -70.516258841999957, -33.502230789999928 ], [ -70.516259364999939, -33.502231304999952 ], [ -70.516264114999956, -33.502235972999983 ], [ -70.516872259999971, -33.50283340999993 ], [ -70.516918440999973, -33.502878777999975 ], [ -70.517075147999947, -33.503032725999951 ], [ -70.517415321999977, -33.503366910999951 ], [ -70.517415919999962, -33.50336736699996 ], [ -70.517436437999947, -33.503383022999969 ], [ -70.517535325999972, -33.503458474999938 ], [ -70.517626822999944, -33.503529918999959 ], [ -70.517707078999933, -33.503592584999978 ], [ -70.51773338299995, -33.503613123999969 ], [ -70.51779212699995, -33.503658991999941 ], [ -70.517888099999936, -33.50373392999996 ], [ -70.517949181999938, -33.503771206999943 ], [ -70.517949549999969, -33.503771431999944 ], [ -70.518081574999954, -33.503852002999963 ], [ -70.518102673999977, -33.503864879999973 ], [ -70.518106845999966, -33.503867529999972 ], [ -70.518122044999984, -33.503877183999975 ], [ -70.518138779999958, -33.503887813999945 ], [ -70.518237665999948, -33.503950627999977 ], [ -70.518239423999944, -33.503951743999949 ], [ -70.518243733999952, -33.503954480999937 ], [ -70.518248590999974, -33.503957565999933 ], [ -70.518541929999969, -33.504199375999974 ], [ -70.518599107999933, -33.504246509999966 ], [ -70.518626317999974, -33.504268939999974 ], [ -70.518626590999986, -33.504268924999948 ], [ -70.51866139699996, -33.504297756999968 ], [ -70.518672398999968, -33.504306870999976 ], [ -70.51868585699998, -33.504318019999964 ], [ -70.518699240999979, -33.50432910699994 ], [ -70.518725952999944, -33.504351234999952 ], [ -70.518727136999985, -33.504352215999965 ], [ -70.518773584999963, -33.504390692999948 ], [ -70.518778329999975, -33.504394622999939 ], [ -70.518850731999976, -33.504445498999928 ], [ -70.518989615999942, -33.504543091999942 ], [ -70.519194185999936, -33.504686840999966 ], [ -70.51946591799998, -33.50487778399998 ], [ -70.519505309999943, -33.504905464999979 ], [ -70.519506749999948, -33.50490647699997 ], [ -70.519508189999954, -33.504907488999947 ], [ -70.519720847999963, -33.505056919999959 ], [ -70.519765026999949, -33.505087963999983 ], [ -70.520306630999983, -33.505427998999942 ], [ -70.521827414999962, -33.506360109999946 ], [ -70.523217773999988, -33.507212240999941 ], [ -70.523577751999937, -33.507432866999977 ], [ -70.524234349999972, -33.507618592999961 ], [ -70.524284645999956, -33.50763281899998 ], [ -70.524816100999942, -33.507783146999941 ], [ -70.527673121999953, -33.508092125999944 ], [ -70.528152641999952, -33.508260661999934 ], [ -70.530833327999972, -33.509202837999958 ], [ -70.533354103999955, -33.510088723999957 ], [ -70.534142330999941, -33.510341302999961 ], [ -70.536121673999958, -33.510856525999927 ], [ -70.537536501999966, -33.511182106999968 ], [ -70.53855962199998, -33.511694346999946 ], [ -70.540261036999937, -33.512072920999955 ], [ -70.541752852999934, -33.512401047999951 ], [ -70.542695224999989, -33.512494085999947 ], [ -70.543354268999963, -33.512434163999956 ], [ -70.543784405999986, -33.512427256999956 ], [ -70.544439473999944, -33.512452304999947 ], [ -70.544918729999949, -33.512492140999932 ], [ -70.545518821999963, -33.512503264999957 ], [ -70.54622403999997, -33.512467261999966 ], [ -70.547091480999939, -33.51238660599995 ], [ -70.548454354999933, -33.512317844999977 ], [ -70.549736218999954, -33.51225713499997 ], [ -70.550733765999951, -33.512212060999957 ], [ -70.552935832999935, -33.512123506999949 ], [ -70.554594019999982, -33.512050615999954 ], [ -70.556843365999953, -33.511947578999987 ], [ -70.557699901999968, -33.511884990999924 ], [ -70.559027887999946, -33.511788453999941 ], [ -70.559604109999952, -33.511732742999982 ], [ -70.560324313999956, -33.511612001999936 ], [ -70.561706350999941, -33.51147369399996 ], [ -70.562065576999942, -33.511449545999945 ], [ -70.564105505999976, -33.511373928999944 ], [ -70.564600268999982, -33.511393657999974 ], [ -70.564796969999975, -33.511440392999937 ], [ -70.565568561999967, -33.511581257999971 ], [ -70.565982797999936, -33.511609998 ], [ -70.566232956999954, -33.511612525999972 ], [ -70.567521909999982, -33.511546095999954 ], [ -70.567910406999943, -33.511529849999917 ], [ -70.568188304999978, -33.511534570999963 ], [ -70.568758376999938, -33.511555809999955 ], [ -70.569097532999933, -33.511527036999944 ], [ -70.569875981999985, -33.511458858999966 ], [ -70.570650055999977, -33.511380043999957 ], [ -70.571012552999946, -33.511343132999968 ], [ -70.571909980999976, -33.511262747999986 ], [ -70.572944665999955, -33.511163704999937 ], [ -70.574134741999956, -33.511031302999989 ], [ -70.574876783, -33.510929045999944 ], [ -70.575734054999941, -33.510799151999947 ], [ -70.577204344999984, -33.510686568999958 ], [ -70.578251224999974, -33.510615590999961 ], [ -70.579953579999938, -33.51051291299995 ], [ -70.580643890999966, -33.510458936999953 ], [ -70.580888193999954, -33.510445414999936 ], [ -70.582309323999937, -33.510381628999937 ], [ -70.583146759999977, -33.510331185999974 ], [ -70.584977394999953, -33.510212784999958 ], [ -70.585467974999972, -33.510179506999968 ], [ -70.586457590999942, -33.510111770999977 ], [ -70.587843777999979, -33.510039025999959 ], [ -70.588544086999946, -33.51017321099993 ], [ -70.588952778999953, -33.510326046999978 ], [ -70.589328397999964, -33.510422635999923 ], [ -70.589897945999951, -33.510415326999976 ], [ -70.590213665999954, -33.510351620999984 ], [ -70.590078328999937, -33.509300730999932 ], [ -70.589950110999951, -33.508594839999944 ], [ -70.589818692999984, -33.50787783 ], [ -70.589592909999965, -33.506489845999958 ], [ -70.589446383999984, -33.505743800999923 ], [ -70.589232878999951, -33.504997541999956 ], [ -70.588854713999979, -33.50413293999997 ], [ -70.588333853999984, -33.502927701999965 ], [ -70.588165727999979, -33.502531089999934 ], [ -70.587992400999951, -33.502119170999947 ], [ -70.587187012999948, -33.500219608999942 ], [ -70.587037771999974, -33.499947193999958 ], [ -70.586827451999966, -33.499575394999972 ], [ -70.586693673999946, -33.499357627999984 ], [ -70.586050295999939, -33.498348514999975 ], [ -70.585835499999973, -33.498001941 ], [ -70.585626166999987, -33.497674102999945 ], [ -70.585332297999969, -33.497217790999969 ], [ -70.584877250999966, -33.496489242999928 ], [ -70.584561001999987, -33.495981060999952 ], [ -70.584259764999956, -33.495502705999968 ], [ -70.583833436999953, -33.494827004999927 ], [ -70.583049118999952, -33.493571398999954 ], [ -70.582622374999971, -33.492887805999935 ], [ -70.582143909999957, -33.492126055999968 ], [ -70.581416735999937, -33.490975695999964 ], [ -70.580948607999972, -33.490132218999975 ], [ -70.580610337999985, -33.489212428999949 ], [ -70.580458806999957, -33.488518119999974 ], [ -70.580276277999985, -33.48750478299997 ], [ -70.579907568999943, -33.485689776999941 ], [ -70.579746505999935, -33.484904996999951 ], [ -70.579365862999964, -33.483133246999948 ], [ -70.578972669999985, -33.481346194999951 ], [ -70.578548410999986, -33.479452163999952 ], [ -70.578048342999978, -33.476937538999948 ], [ -70.577740001999985, -33.475431683999936 ], [ -70.577488381999956, -33.47425132099994 ], [ -70.577147346999936, -33.47267170899994 ], [ -70.576454399999989, -33.469403456999935 ], [ -70.576341642999978, -33.469012796999941 ], [ -70.576235256999951, -33.468711413999976 ], [ -70.575973837999982, -33.468020852999985 ], [ -70.575787868999953, -33.467568179999944 ], [ -70.575671730999943, -33.467249538999958 ], [ -70.575505797999938, -33.466799562999938 ], [ -70.575170593999985, -33.465969941999951 ], [ -70.575006782999935, -33.465454127999983 ], [ -70.574840815999949, -33.464964932999962 ], [ -70.574377770999945, -33.463696680999931 ], [ -70.57428312899998, -33.463436112999943 ], [ -70.573940020999942, -33.46255385999995 ], [ -70.573780853999949, -33.462134978999977 ], [ -70.573632963999955, -33.461871920999947 ], [ -70.573502473999952, -33.461664631999952 ], [ -70.573143158999983, -33.460997375999973 ], [ -70.572694601999956, -33.460059962999928 ], [ -70.572560918999955, -33.459634519999952 ], [ -70.572395641999947, -33.459181182999941 ], [ -70.57233916399997, -33.459032212999936 ], [ -70.572332461999963, -33.459013692999974 ], [ -70.57172695099996, -33.45919739499994 ], [ -70.571478812999942, -33.45927643299995 ], [ -70.570898944999954, -33.45947356799995 ], [ -70.570359443999962, -33.45965794399995 ], [ -70.569254369999953, -33.460090991999948 ], [ -70.568674718999944, -33.460317468999961 ], [ -70.568138259999955, -33.460516902999977 ], [ -70.567533083999948, -33.46073612899994 ], [ -70.566408622999973, -33.461128316999975 ], [ -70.565502970999944, -33.46144209999995 ], [ -70.564458659999957, -33.461814196999967 ], [ -70.563374017999934, -33.462174008999973 ], [ -70.562826762999975, -33.462355626999965 ], [ -70.562526325999954, -33.462455338999973 ], [ -70.562296701999983, -33.462511454999969 ], [ -70.562086682999961, -33.462545587999955 ], [ -70.56204953799994, -33.462547044999951 ], [ -70.561925003999988, -33.462551929999954 ], [ -70.560478179999961, -33.46256795599993 ], [ -70.559751682999945, -33.462571546999968 ], [ -70.558624491999979, -33.46257972599993 ], [ -70.558049489999974, -33.46258493299996 ], [ -70.557679452999935, -33.462587451999973 ], [ -70.557358342999976, -33.46258963799994 ], [ -70.557035172999974, -33.462591156999956 ], [ -70.556348377999939, -33.462593541999986 ], [ -70.555695961999959, -33.462599354999952 ], [ -70.555496782999967, -33.462600608999942 ], [ -70.55485226899998, -33.462604620999961 ], [ -70.554553922999958, -33.462606396999945 ], [ -70.553784287999974, -33.462610967999971 ], [ -70.553492765999977, -33.462613560999955 ], [ -70.553344763999974, -33.462615326999973 ], [ -70.552888222999968, -33.462620771999987 ], [ -70.552510239999947, -33.462625468999931 ], [ -70.552079890999948, -33.462630858999944 ], [ -70.551767943999948, -33.462634763999965 ], [ -70.551650658999961, -33.462636730999975 ], [ -70.551544848999981, -33.462638922999929 ], [ -70.551421898999934, -33.462641469999937 ], [ -70.551132758999984, -33.462647458999982 ], [ -70.551010000999952, -33.462650000999929 ], [ -70.550982753999961, -33.462654302999958 ], [ -70.550552675999938, -33.46273178999995 ], [ -70.547989548999965, -33.463168011999983 ], [ -70.54525, -33.463520001999932 ], [ -70.544823773999951, -33.463582550999945 ], [ -70.544388513999934, -33.463646810999919 ], [ -70.544232540999985, -33.463648754999952 ], [ -70.544133408999983, -33.463642015999923 ], [ -70.543999268999983, -33.463615587999989 ], [ -70.543791742999986, -33.463539959999927 ], [ -70.54336370599998, -33.463348883999963 ], [ -70.542505067999969, -33.462965899999965 ], [ -70.542459933999965, -33.462945778999938 ], [ -70.542318807999948, -33.462907808999944 ], [ -70.542208444999972, -33.462884521999968 ], [ -70.542032033999988, -33.462864494999955 ], [ -70.54179, -33.462870000999942 ], [ -70.541462276999937, -33.462875992999955 ], [ -70.540092199999947, -33.462995952999961 ], [ -70.539360389999956, -33.463197673999964 ], [ -70.538844721999965, -33.463344055999976 ], [ -70.538443719999975, -33.463460802999961 ], [ -70.537324361999936, -33.463781148999942 ], [ -70.536750788999939, -33.463948773999952 ], [ -70.536469011999941, -33.464027861999973 ], [ -70.535957614999973, -33.46417252599997 ], [ -70.53581369699998, -33.46422213499995 ], [ -70.535667582999963, -33.464249155999937 ], [ -70.534387138999989, -33.464618579999971 ], [ -70.533421570999963, -33.46488261099995 ], [ -70.531378822999955, -33.465471296999965 ], [ -70.53097010099998, -33.464659097999963 ], [ -70.530856425999957, -33.464433202999928 ], [ -70.530756484999984, -33.464123115999939 ], [ -70.530725128999961, -33.463916483999988 ], [ -70.530617796999934, -33.462438041999967 ], [ -70.530564779999963, -33.462177771999961 ], [ -70.530261684999971, -33.461124442999967 ], [ -70.529886460999933, -33.459820769999958 ], [ -70.529652269999985, -33.459239174999929 ], [ -70.529564175999951, -33.459194385999979 ], [ -70.529338901999964, -33.459179372999976 ], [ -70.522338953999977, -33.459572681999937 ], [ -70.52194485299998, -33.45960009099997 ], [ -70.521625445999973, -33.459624473999945 ], [ -70.521357386999966, -33.459630627999957 ], [ -70.521111852999979, -33.459655115999965 ], [ -70.520972179999944, -33.459702235999934 ], [ -70.520840358, -33.459762886999954 ], [ -70.518236807999983, -33.459829698999954 ], [ -70.500248148999958, -33.460289821999943 ], [ -70.48638828199995, -33.460611420999939 ], [ -70.486280910999938, -33.461363066999972 ], [ -70.486562430999982, -33.46243807999997 ], [ -70.486254645999963, -33.463250562999974 ], [ -70.484716511999977, -33.463775518999974 ], [ -70.484394015999953, -33.463885581999925 ], [ -70.483553476999987, -33.46444369599994 ], [ -70.483269002999975, -33.464632581999972 ], [ -70.482357677999971, -33.46523767799993 ], [ -70.481762749999973, -33.465632685999935 ], [ -70.480755958999964, -33.466528951999983 ], [ -70.480069790999949, -33.467139793999927 ], [ -70.479113794999932, -33.468066195999945 ], [ -70.477671896999937, -33.469259820999987 ], [ -70.477499265999938, -33.46946627199997 ], [ -70.476181455999949, -33.471042220999941 ], [ -70.475918244999946, -33.471359648999972 ], [ -70.474781582999981, -33.472730412999951 ], [ -70.474662548999959, -33.472873959999951 ], [ -70.473680896999952, -33.473658437999966 ], [ -70.473479514999951, -33.473819367999965 ], [ -70.472784183999977, -33.474530731999941 ], [ -70.472709848999955, -33.474583282999944 ], [ -70.472083363999957, -33.47502617199995 ], [ -70.472059068999954, -33.475044301999965 ], [ -70.471707909999964, -33.475306355999976 ], [ -70.471499993999942, -33.475389995999926 ], [ -70.471310190999986, -33.475350904999971 ], [ -70.470979586999988, -33.47525679499995 ], [ -70.470759097999974, -33.475188948999971 ], [ -70.470708018999972, -33.475192075999914 ], [ -70.470448684999951, -33.475207949999962 ], [ -70.469510670999966, -33.475210648999962 ], [ -70.46845929999995, -33.47519238499995 ], [ -70.467171290999943, -33.475274214999949 ], [ -70.466466170999979, -33.475282560999965 ], [ -70.465595006999934, -33.475292865999961 ], [ -70.465409327999964, -33.475312910999946 ], [ -70.463996865999945, -33.475465389999947 ], [ -70.463636487999963, -33.475521983999947 ], [ -70.463009511999985, -33.475620440999926 ], [ -70.462772733999941, -33.475668270999954 ], [ -70.461986357999933, -33.475827117999977 ], [ -70.461886156999981, -33.475869955999933 ], [ -70.461634921999973, -33.475977363999952 ], [ -70.461173333999966, -33.476174699999945 ], [ -70.460810030999937, -33.476350866999944 ], [ -70.459961012999941, -33.476762552999951 ], [ -70.459272570999985, -33.477252045999933 ], [ -70.458647792999955, -33.477894418999945 ], [ -70.458367586999941, -33.478084309999929 ], [ -70.45814022899998, -33.47823838599993 ], [ -70.457666574999962, -33.478418075999961 ], [ -70.456720805999964, -33.478869612999979 ], [ -70.456550277999952, -33.479019565999977 ], [ -70.456219995999959, -33.479309996999973 ], [ -70.455298561999939, -33.480064178999946 ], [ -70.45529259999995, -33.480067436999938 ], [ -70.453285435999987, -33.481164343999971 ], [ -70.452373989999955, -33.481949786999955 ], [ -70.451840991999973, -33.482409091999955 ], [ -70.449668430999964, -33.483428344999929 ], [ -70.448762188999979, -33.483853506999928 ], [ -70.448729852999975, -33.483869823999946 ], [ -70.447380632999966, -33.484550632999976 ], [ -70.447223651999934, -33.484629842999929 ], [ -70.445116538999969, -33.484907221999947 ], [ -70.444695751999973, -33.484948350999957 ], [ -70.443462696999973, -33.485068865999956 ], [ -70.443438497999978, -33.485071230999949 ], [ -70.442274319999981, -33.485264853999972 ], [ -70.441574272999958, -33.485381278999959 ], [ -70.44076, -33.485516694999937 ], [ -70.440199012999983, -33.485609984999947 ], [ -70.440006792999952, -33.485671096999972 ], [ -70.439364570999942, -33.485875275999945 ], [ -70.439137946999949, -33.48594732399993 ], [ -70.438961635999988, -33.485961710999952 ], [ -70.438906826999983, -33.48596618299996 ], [ -70.438892126999974, -33.485967382999945 ], [ -70.43888205099995, -33.485968204999935 ], [ -70.438878504999934, -33.485968493999955 ], [ -70.43887540999998, -33.485968746999944 ], [ -70.438874666999936, -33.485968807999932 ], [ -70.438860253999962, -33.485969984999933 ], [ -70.438860155999976, -33.485969992999969 ], [ -70.438860100999989, -33.485969996999977 ], [ -70.43886, -33.485970001999931 ], [ -70.438860749999947, -33.48597357899996 ], [ -70.43893934099998, -33.486105836999975 ], [ -70.438981947999935, -33.486289222999964 ], [ -70.43894759799997, -33.486536988999944 ], [ -70.438819756999976, -33.487063898999949 ], [ -70.438613737999958, -33.487360905999928 ], [ -70.438420248999932, -33.487730612999933 ], [ -70.438202709999985, -33.488303677999966 ], [ -70.438107485999979, -33.488692873999973 ], [ -70.43805931299994, -33.489243685999952 ], [ -70.437847748999957, -33.490065261999973 ], [ -70.437569126999961, -33.49073035999993 ], [ -70.437171876999969, -33.491282758999944 ], [ -70.437107294999976, -33.491747711999949 ], [ -70.436992878999945, -33.492112328999958 ], [ -70.437546804999954, -33.492178076999949 ], [ -70.438005180999937, -33.492221542999964 ], [ -70.438345441999957, -33.49213169099994 ], [ -70.438762579999946, -33.492040945999975 ], [ -70.439299778999967, -33.491977438999974 ], [ -70.439828790999968, -33.49193549999994 ], [ -70.440016951999951, -33.491947629999963 ], [ -70.440128708999964, -33.491989281999963 ], [ -70.440163113999972, -33.492003198999953 ], [ -70.440265972999953, -33.492023477999965 ], [ -70.440496962999987, -33.49204226799997 ], [ -70.440574077999941, -33.492055688999983 ], [ -70.44077944199995, -33.492074775999981 ], [ -70.44098480599996, -33.492093862999972 ], [ -70.44115564599997, -33.492091875999961 ], [ -70.441326959999969, -33.49211851699993 ], [ -70.441729383999984, -33.492171102999976 ], [ -70.442003914999987, -33.492239492999943 ], [ -70.442141417999949, -33.492288001999952 ], [ -70.44252580899996, -33.492283526999977 ], [ -70.442859184999975, -33.49229396199997 ], [ -70.443030143999977, -33.492299128999946 ], [ -70.443312624999976, -33.492331630999942 ], [ -70.443588225999974, -33.492464430999974 ], [ -70.443916387999934, -33.492675360999954 ], [ -70.444088654999973, -33.492759254999946 ], [ -70.444243481999933, -33.492821876999976 ], [ -70.444346699999983, -33.492863623999924 ], [ -70.444578880999984, -33.492953976999942 ], [ -70.444819009999947, -33.49300844499993 ], [ -70.445058188999951, -33.49300565599998 ], [ -70.44521242199994, -33.493032489999955 ], [ -70.445281471999976, -33.493074635999953 ], [ -70.445342217999951, -33.493131194999926 ], [ -70.445454573999939, -33.493208626999937 ], [ -70.445514962999937, -33.493243714999956 ], [ -70.445652707999955, -33.493306533999942 ], [ -70.445928077999952, -33.493425014999943 ], [ -70.446117908999952, -33.493537334999928 ], [ -70.446178179999947, -33.493565264999965 ], [ -70.446299078999971, -33.493642596999962 ], [ -70.446462569999937, -33.493712272999971 ], [ -70.44657480799998, -33.493782546999959 ], [ -70.446772705999933, -33.493866137999923 ], [ -70.446944144999975, -33.493899927999962 ], [ -70.447303629999965, -33.493938679999921 ], [ -70.447526083999946, -33.493957556999938 ], [ -70.447698117999948, -33.494027130999939 ], [ -70.447836222999968, -33.494111418999971 ], [ -70.448000311999976, -33.494216877999975 ], [ -70.448216368999965, -33.494364680999979 ], [ -70.448564017999956, -33.494718539999944 ], [ -70.448625124999978, -33.49479656799997 ], [ -70.448763350999968, -33.494888011999933 ], [ -70.448832642999946, -33.49494446999995 ], [ -70.449354077999942, -33.494959845999972 ], [ -70.449456823999981, -33.494972960999974 ], [ -70.449611180999966, -33.495006946999979 ], [ -70.449765656999944, -33.495048089999948 ], [ -70.449878018999982, -33.495125517999959 ], [ -70.450024669999948, -33.495209703999933 ], [ -70.450093962999972, -33.495266159999964 ], [ -70.450267075999989, -33.495400144999955 ], [ -70.450628956999935, -33.495582027999951 ], [ -70.450638214999969, -33.495624870999961 ], [ -70.450742871999978, -33.495752496999948 ], [ -70.450906011999962, -33.495800695999947 ], [ -70.450974708999979, -33.495821366999962 ], [ -70.451102843999934, -33.495819865999977 ], [ -70.451307740999937, -33.495810307999932 ], [ -70.451538144999972, -33.495793290999977 ], [ -70.451716338999972, -33.495719618999964 ], [ -70.451834497999982, -33.495632332999946 ], [ -70.452038676999962, -33.49557982999994 ], [ -70.452235149999979, -33.495577526999952 ], [ -70.452457727999956, -33.49560355199997 ], [ -70.452671763999945, -33.495629675999965 ], [ -70.45284296899996, -33.495649143999955 ], [ -70.453133407999985, -33.495645737999951 ], [ -70.45342336799996, -33.495613702999954 ], [ -70.45360263699996, -33.495604440999955 ], [ -70.453764939999985, -33.495602535999978 ], [ -70.453918701999953, -33.495600731999943 ], [ -70.45417520999996, -33.49561203799994 ], [ -70.454337872999986, -33.495631603999975 ], [ -70.454577057999984, -33.495628795999941 ], [ -70.454730579999989, -33.49561267699994 ], [ -70.454857875999949, -33.495561072999969 ], [ -70.455019340999968, -33.495509066999944 ], [ -70.455164440999965, -33.495500204999935 ], [ -70.455448357999956, -33.495463511999958 ], [ -70.455721777999941, -33.495242433999984 ], [ -70.455811536999988, -33.495160249999962 ], [ -70.455890625999984, -33.495121142999949 ], [ -70.456038691999936, -33.495119401999936 ], [ -70.456152667999959, -33.495122834999947 ], [ -70.456266724999978, -33.495131038999943 ], [ -70.45633546199997, -33.49515409299994 ], [ -70.456404119999945, -33.495172374999981 ], [ -70.456500931999983, -33.495171236999958 ], [ -70.45662052299997, -33.495169830999941 ], [ -70.456773963999979, -33.495148936999946 ], [ -70.456863962999932, -33.49508106699993 ], [ -70.457083342999965, -33.494916227999973 ], [ -70.457564362999975, -33.494729222999979 ], [ -70.457756706999987, -33.494650602999961 ], [ -70.457914641999935, -33.494558069999975 ], [ -70.458139952999943, -33.494407476999974 ], [ -70.458241338999983, -33.494339471999972 ], [ -70.458360769999956, -33.494328520999936 ], [ -70.458457580999948, -33.494327381999938 ], [ -70.458537467999975, -33.494335985999967 ], [ -70.458628663999946, -33.494339683999954 ], [ -70.458708310999953, -33.494333973999971 ], [ -70.458815150999953, -33.494251586999944 ], [ -70.458848518999957, -33.494203470999935 ], [ -70.458893756999942, -33.494183848999974 ], [ -70.459018561999983, -33.494153745999924 ], [ -70.459166625999956, -33.494152001999957 ], [ -70.459429945999943, -33.494230029999976 ], [ -70.459606562999966, -33.494232720999946 ], [ -70.459839968999972, -33.49422519899997 ], [ -70.46006102299998, -33.494160553999968 ], [ -70.460212858999967, -33.494044228999925 ], [ -70.460426454999947, -33.493874680999966 ], [ -70.460516128999984, -33.493787721999972 ], [ -70.460645745999955, -33.493705064999979 ], [ -70.461064269999952, -33.493528326999986 ], [ -70.461532440999974, -33.493255555999951 ], [ -70.46216310799997, -33.492823379999948 ], [ -70.462630629999978, -33.492512433999927 ], [ -70.462980888999937, -33.492341267999961 ], [ -70.463254230999951, -33.492338039999936 ], [ -70.463521878999984, -33.492334878999941 ], [ -70.463772602999938, -33.492341460999974 ], [ -70.463858503999973, -33.492369079999939 ], [ -70.463933417999954, -33.49242068999996 ], [ -70.46407153499996, -33.492504959999962 ], [ -70.464163130999964, -33.492532510999986 ], [ -70.464266116999966, -33.492559927999942 ], [ -70.464380009999957, -33.492558581999958 ], [ -70.464556141999935, -33.49253263799995 ], [ -70.464674844999934, -33.49247873999996 ], [ -70.464748312999973, -33.492444464999949 ], [ -70.464833330999966, -33.492419597999969 ], [ -70.464981069999965, -33.492398761999929 ], [ -70.465060231999985, -33.492364419999944 ], [ -70.465337258999966, -33.492241835999934 ], [ -70.465609233999942, -33.492157489999947 ], [ -70.465717431999963, -33.492156209999962 ], [ -70.465774216999932, -33.492145993999941 ], [ -70.465882414999953, -33.492144713999956 ], [ -70.465922276999947, -33.492144241999931 ], [ -70.466059027999961, -33.49214739599995 ], [ -70.46613939599996, -33.492184623999947 ], [ -70.466231635999975, -33.492250343999956 ], [ -70.466283128999976, -33.492264051999939 ], [ -70.466351544999952, -33.49226801399994 ], [ -70.466437044999964, -33.492271774999956 ], [ -70.466573715999971, -33.492270156999965 ], [ -70.466613577999965, -33.492269684999933 ], [ -70.466750328999979, -33.492272837999955 ], [ -70.466790191999976, -33.492272366999948 ], [ -70.466858526999943, -33.492271556999981 ], [ -70.466955495999969, -33.492279953999962 ], [ -70.467087035999953, -33.492311801999968 ], [ -70.467150400999969, -33.492354002999939 ], [ -70.467316832999984, -33.49242838899994 ], [ -70.467735783999956, -33.492953150999938 ], [ -70.468142705999981, -33.493439875999961 ], [ -70.468464372999961, -33.493937154999969 ], [ -70.468846509999935, -33.494304863999957 ], [ -70.469320007999968, -33.494685804999961 ], [ -70.469602760999976, -33.494901977 ], [ -70.469706717999941, -33.494986645 ], [ -70.469770892999975, -33.495076556999962 ], [ -70.469892176999963, -33.495175336999964 ], [ -70.470000862999939, -33.495202680999967 ], [ -70.470109063999985, -33.495201396999953 ], [ -70.470194162999974, -33.495181297999963 ], [ -70.470256321999955, -33.495151925999942 ], [ -70.470346712999969, -33.495107902999969 ], [ -70.470379912999988, -33.495050240999944 ], [ -70.470418808999966, -33.494992511999961 ], [ -70.470491872999958, -33.494934377999982 ], [ -70.470587554999952, -33.494866429999931 ], [ -70.47071211399998, -33.494822 ], [ -70.470791436999946, -33.494797196999968 ], [ -70.470880939999972, -33.494700688999956 ], [ -70.471067736999942, -33.494631658999936 ], [ -70.47122756999994, -33.494591666999945 ], [ -70.471482162999962, -33.494550380999954 ], [ -70.471578892999958, -33.49454445899994 ], [ -70.47165300599994, -33.494548350999928 ], [ -70.471778774999962, -33.494575490999985 ], [ -70.47189941399995, -33.494636097999937 ], [ -70.471900302999984, -33.494688581999981 ], [ -70.471942010999953, -33.494825172999974 ], [ -70.471961772999975, -33.494955099999963 ], [ -70.472146428999963, -33.495096074999957 ], [ -70.472285283999952, -33.49522327699998 ], [ -70.472434560999943, -33.495293086999929 ], [ -70.47261182699998, -33.495333930999948 ], [ -70.472754762999955, -33.495365637999953 ], [ -70.472822614999984, -33.495336196999972 ], [ -70.472866961999955, -33.495264085999963 ], [ -70.472888447999935, -33.495187472999937 ], [ -70.472892606999949, -33.495096749999945 ], [ -70.472908640999947, -33.49503451999994 ], [ -70.472964295999986, -33.494957501999977 ], [ -70.473099515999934, -33.494869992999952 ], [ -70.473190227999964, -33.494845052999935 ], [ -70.473230091999937, -33.49484457899996 ], [ -70.473333082999943, -33.494871987999936 ], [ -70.473362283999961, -33.49491459099994 ], [ -70.473425895999981, -33.494971101999958 ], [ -70.473477634999938, -33.494999119999925 ], [ -70.473591852999959, -33.495016850999953 ], [ -70.473865606999937, -33.49503745599997 ], [ -70.474002362999954, -33.495040600999964 ], [ -70.474133423999945, -33.495043813999978 ], [ -70.474230396999985, -33.495052204999972 ], [ -70.474310123999942, -33.495051255999954 ], [ -70.474458187999986, -33.495049493999943 ], [ -70.47466344299994, -33.495061367999945 ], [ -70.474845918999961, -33.495073511999969 ], [ -70.475016842999949, -33.495076249999947 ], [ -70.475387326999964, -33.495090926999978 ], [ -70.475643915999967, -33.495106960999976 ], [ -70.475831924999966, -33.495109492999966 ], [ -70.476191262999976, -33.495138617999942 ], [ -70.47641929699995, -33.495150217999942 ], [ -70.476562071999979, -33.495172377999943 ], [ -70.476687761999983, -33.495194740999978 ], [ -70.476813938999953, -33.495245731999951 ], [ -70.476877391999949, -33.49529269899994 ], [ -70.476975094999943, -33.495344028999959 ], [ -70.477050260999988, -33.495409944999949 ], [ -70.477073850999943, -33.495457385999934 ], [ -70.477098817999945, -33.495585939999955 ], [ -70.477065216999961, -33.495619746999985 ], [ -70.476963357999978, -33.49565913999993 ], [ -70.476809802999981, -33.495767973999932 ], [ -70.47685, -33.4958 ], [ -70.476985628999955, -33.495964300999958 ], [ -70.477026870999964, -33.496044937999955 ], [ -70.477085844999976, -33.496163541999969 ], [ -70.477178826999989, -33.49627219599995 ], [ -70.477260337999951, -33.496376213999945 ], [ -70.477531238999973, -33.496563874999936 ], [ -70.477657092999948, -33.496595779999943 ], [ -70.477822487999958, -33.496608123999977 ], [ -70.477931095999963, -33.496630689999954 ], [ -70.478045641999984, -33.496667500999912 ], [ -70.478166126999952, -33.496718558999945 ], [ -70.478315004999956, -33.496764504999923 ], [ -70.478417755999942, -33.496777595999944 ], [ -70.478628709999953, -33.496789394999951 ], [ -70.478674349999949, -33.496793622999981 ], [ -70.479019236999989, -33.49677577999995 ], [ -70.479244568999945, -33.496829765999969 ], [ -70.479462191999971, -33.496898751999943 ], [ -70.479490991999967, -33.49691749699997 ], [ -70.479661918999966, -33.496920227999965 ], [ -70.479781755999966, -33.496933112999962 ], [ -70.479890201999979, -33.496946134999966 ], [ -70.48007845799998, -33.49696297499996 ], [ -70.480141913999944, -33.497009938999945 ], [ -70.480211714999939, -33.497095006999984 ], [ -70.480264105999936, -33.497161192999947 ], [ -70.480287697999984, -33.497208633999946 ], [ -70.480385729999966, -33.497279045999953 ], [ -70.480443165999986, -33.497306993999985 ], [ -70.480563896999968, -33.497372362999954 ], [ -70.480613257999948, -33.497422107999967 ], [ -70.480657680999968, -33.497439117999932 ], [ -70.480715214999975, -33.497489609999946 ], [ -70.480741652999939, -33.497525096999937 ], [ -70.480818858999953, -33.497627796999943 ], [ -70.480854131999934, -33.497676344999938 ], [ -70.480906472999962, -33.497713094999931 ], [ -70.481063004999953, -33.497915208999984 ], [ -70.481092860999979, -33.497995980999974 ], [ -70.481168276999938, -33.498076207999915 ], [ -70.481208954999943, -33.498123444999976 ], [ -70.481283720999954, -33.498165500999967 ], [ -70.481456438999942, -33.498273197999936 ], [ -70.481491177999942, -33.498306188999948 ], [ -70.481543489999979, -33.49836760299997 ], [ -70.481600845999935, -33.498390778999976 ], [ -70.481707614999948, -33.498484193999957 ], [ -70.481727642999942, -33.49855095599996 ], [ -70.48175768599998, -33.498591012999945 ], [ -70.48179169499997, -33.498627362999969 ], [ -70.481794033999961, -33.498628278999938 ], [ -70.481842957999959, -33.498637793999926 ], [ -70.48187842699997, -33.498647289999951 ], [ -70.481911829999945, -33.498649235999942 ], [ -70.481947355999978, -33.498649441999923 ], [ -70.481991815999947, -33.498649631999974 ], [ -70.482031761999977, -33.498662861999954 ], [ -70.482063522999965, -33.498675828999978 ], [ -70.482101226999987, -33.498696480999961 ], [ -70.482136758999957, -33.498709673999933 ], [ -70.482183189999944, -33.498743388999969 ], [ -70.482216512999969, -33.498765896999934 ], [ -70.482256401999962, -33.498788416999965 ], [ -70.482316213999979, -33.498824044999942 ], [ -70.482373719999941, -33.498863398999958 ], [ -70.482420289999936, -33.498898915999973 ], [ -70.482506742999988, -33.498943965999956 ], [ -70.482544326999971, -33.498970210999964 ], [ -70.482586451999964, -33.499003885999969 ], [ -70.482621896999945, -33.499024564999949 ], [ -70.48267055599996, -33.499056358999944 ], [ -70.482714821999949, -33.49909569099998 ], [ -70.482752445999949, -33.499136815999968 ], [ -70.48278337499994, -33.499170444999947 ], [ -70.482820889999971, -33.499211570999918 ], [ -70.482854023999948, -33.499254553999947 ], [ -70.482889353999951, -33.49929372199994 ], [ -70.482926901999974, -33.499336740999986 ], [ -70.482987354999977, -33.499397342999941 ], [ -70.483038086999954, -33.499449673999955 ], [ -70.483080212999937, -33.499483349999934 ], [ -70.483139924999989, -33.499532055999957 ], [ -70.483201852999969, -33.499584432999939 ], [ -70.48326839, -33.499629359999979 ], [ -70.483321440999987, -33.499672464999961 ], [ -70.48332153399997, -33.499672546999925 ], [ -70.483374552999976, -33.499719175999921 ], [ -70.483497025999952, -33.49978425099993 ], [ -70.483582950999974, -33.499826253999956 ], [ -70.483658284999933, -33.499869361999963 ], [ -70.483851111999968, -33.500002795999926 ], [ -70.483924816999945, -33.50001551999997 ], [ -70.483979163999948, -33.50002918499996 ], [ -70.484036155999945, -33.500030888999959 ], [ -70.484098963999941, -33.500039680999969 ], [ -70.484173814999963, -33.500086506999928 ], [ -70.484202941999968, -33.500124335999942 ], [ -70.484234997999977, -33.500166902999986 ], [ -70.48428393599994, -33.500197335999914 ], [ -70.484327259999986, -33.500232608999973 ], [ -70.484365051999987, -33.500277492999928 ], [ -70.484383195999953, -33.500339314999955 ], [ -70.484389542999963, -33.500377416999982 ], [ -70.484427293999943, -33.500419914999945 ], [ -70.484425423999937, -33.500477204999974 ], [ -70.484418061999975, -33.500546490999959 ], [ -70.484396625999977, -33.500625490999937 ], [ -70.484394877999932, -33.500689936999947 ], [ -70.484409970999934, -33.500739864999957 ], [ -70.484442352999963, -33.50080151699995 ], [ -70.484472213999936, -33.500882287999957 ], [ -70.484513097999979, -33.500941450999946 ], [ -70.48457631499997, -33.500974099999958 ], [ -70.484650717999955, -33.500994682999917 ], [ -70.484841505999952, -33.500992396999948 ], [ -70.48490150799995, -33.501003607999962 ], [ -70.484956263999948, -33.501041129999976 ], [ -70.484988483999985, -33.501093238999943 ], [ -70.485026479999988, -33.501150050999968 ], [ -70.485084449999988, -33.501209008999986 ], [ -70.485122324999963, -33.501258663999977 ], [ -70.48516699399994, -33.501372663 ], [ -70.485247052999966, -33.501390791999924 ], [ -70.485327192999932, -33.501413692999961 ], [ -70.485381622999967, -33.501432128999973 ], [ -70.485401718999981, -33.501441432999968 ], [ -70.485439103999965, -33.501462459999971 ], [ -70.485475546999965, -33.501497570999966 ], [ -70.485542299999963, -33.501512246999937 ], [ -70.485634592999986, -33.50150804499998 ], [ -70.485724958999981, -33.501499222999939 ], [ -70.485772792999967, -33.501487815999951 ], [ -70.485853685999984, -33.501465178999986 ], [ -70.485899435999954, -33.501439868999967 ], [ -70.486000961999935, -33.501435555999926 ], [ -70.48607874399994, -33.501447002999946 ], [ -70.486147237999944, -33.501455466999957 ], [ -70.486252510999975, -33.501454203999977 ], [ -70.48635928799996, -33.501432803999947 ], [ -70.486438386999964, -33.501413283999973 ], [ -70.48648622099995, -33.501401876999978 ], [ -70.486526719999972, -33.501393651999926 ], [ -70.48660254899994, -33.501398932999962 ], [ -70.486674789999952, -33.501410446999948 ], [ -70.486747162999961, -33.501429696999928 ], [ -70.48681555099995, -33.501431971999978 ], [ -70.486883885999987, -33.50143115099997 ], [ -70.486978024999985, -33.501426925999972 ], [ -70.487057282999956, -33.501416688999932 ], [ -70.487174452999966, -33.501354925999976 ], [ -70.48727323199995, -33.501298025999972 ], [ -70.487348398999984, -33.50126462299994 ], [ -70.487425306999967, -33.501225009999985 ], [ -70.48747517299995, -33.501224410999946 ], [ -70.487595617999943, -33.501246178999963 ], [ -70.487638361999984, -33.501261142 ], [ -70.487740973999962, -33.501320265999929 ], [ -70.487763824999945, -33.501360229999939 ], [ -70.487803350999968, -33.501403087999954 ], [ -70.487894986999947, -33.501468534999951 ], [ -70.487988523999945, -33.501537053999982 ], [ -70.488035066999942, -33.501558160999934 ], [ -70.488140340999962, -33.501556896999936 ], [ -70.488243607999948, -33.501546369999964 ], [ -70.488333840999985, -33.501529809999951 ], [ -70.488451565999981, -33.501500538999949 ], [ -70.488493594999966, -33.501473723999936 ], [ -70.488557493999963, -33.501429622999979 ], [ -70.488628410999979, -33.501363770999937 ], [ -70.48865339299995, -33.501312399999961 ], [ -70.488680433999946, -33.501273384999919 ], [ -70.488705336999942, -33.501217370999932 ], [ -70.488717549999933, -33.501175438999944 ], [ -70.488731529999939, -33.501128842999947 ], [ -70.488796719999982, -33.501052225999956 ], [ -70.488824229999977, -33.500932728999942 ], [ -70.488860293999949, -33.500881224999951 ], [ -70.488897779999945, -33.500804940999956 ], [ -70.48891178699995, -33.500759891999955 ], [ -70.488935027999958, -33.500714731999942 ], [ -70.48898391299997, -33.500656882999962 ], [ -70.489033142999972, -33.500619147999934 ], [ -70.489130311999986, -33.500576194999944 ], [ -70.489150335999966, -33.500558929999947 ], [ -70.489186955999969, -33.500539918999948 ], [ -70.489228903999958, -33.500508461999971 ], [ -70.489291246999983, -33.500481402999988 ], [ -70.489376256999947, -33.500483476999932 ], [ -70.489421164999953, -33.500516983999937 ], [ -70.489473698999973, -33.500564327999932 ], [ -70.48952441299997, -33.500613241999929 ], [ -70.489550905999977, -33.500650065999935 ], [ -70.489721463999956, -33.500793490999953 ], [ -70.489812808999943, -33.500841915999956 ], [ -70.489857187999974, -33.500844476999923 ], [ -70.489890457999934, -33.500845624999954 ], [ -70.489967947999958, -33.500840049999958 ], [ -70.490024749999975, -33.500813056999952 ], [ -70.490092421999975, -33.500773552999931 ], [ -70.490141624999978, -33.500734270999942 ], [ -70.490185286999974, -33.500695055999977 ], [ -70.490230769999982, -33.50065427 ], [ -70.490267202999974, -33.500624427999973 ], [ -70.490340680999964, -33.500600328999951 ], [ -70.490379650999955, -33.500610693999931 ], [ -70.490426008999975, -33.500620968999954 ], [ -70.490474371999937, -33.500640505999975 ], [ -70.490513739999983, -33.50067407999996 ], [ -70.490592449999951, -33.500739679999974 ], [ -70.490720600999964, -33.500779923999971 ], [ -70.490911413999982, -33.500811674999973 ], [ -70.490987718999975, -33.500844803999932 ], [ -70.491085816999941, -33.500856003999964 ], [ -70.491220665999947, -33.500855928999947 ], [ -70.491323931999943, -33.500845399999939 ], [ -70.491366250999988, -33.500835604999963 ], [ -70.491439754999988, -33.500813052999945 ], [ -70.491461757999957, -33.500803502999943 ], [ -70.491507372999934, -33.500770453999955 ], [ -70.491530771999976, -33.500734576999953 ], [ -70.491568971999982, -33.50070006899994 ], [ -70.491598070999942, -33.500673409999933 ], [ -70.491696766999951, -33.50061186399995 ], [ -70.491735099999971, -33.500585092999977 ], [ -70.491809494999984, -33.500506816999973 ], [ -70.491821838999968, -33.500472620999979 ], [ -70.49188322599997, -33.500389857999934 ], [ -70.491902664999941, -33.500338552999928 ], [ -70.491927405999945, -33.500273254999968 ], [ -70.49193209699996, -33.500223674999965 ], [ -70.49195309199996, -33.500155326999966 ], [ -70.491961130999982, -33.500085587999934 ], [ -70.491965981999968, -33.500045291999982 ], [ -70.491988875999937, -33.499980015999931 ], [ -70.492051948999972, -33.499887946999927 ], [ -70.492083944999948, -33.499814823999941 ], [ -70.492163400999985, -33.49970862999993 ], [ -70.492290756999978, -33.499578652999958 ], [ -70.492365914999937, -33.499511980999948 ], [ -70.492412749999971, -33.499474891999959 ], [ -70.492448537999962, -33.499452725999966 ], [ -70.492499795999947, -33.499428750999989 ], [ -70.492548780999982, -33.49941030399998 ], [ -70.492597860999979, -33.499397447999982 ], [ -70.492653509999968, -33.499384692999961 ], [ -70.492718015999969, -33.499373724999941 ], [ -70.492775911999956, -33.499366533999932 ], [ -70.49285378899998, -33.499363159999959 ], [ -70.492913793999946, -33.499359640999948 ], [ -70.492973863999964, -33.499359908999963 ], [ -70.493009420999954, -33.499361915999941 ], [ -70.493076271999954, -33.499362101999964 ], [ -70.493142938999938, -33.499364184999926 ], [ -70.493205257999989, -33.49937001699994 ], [ -70.493251923999935, -33.499379554999955 ], [ -70.493291883999973, -33.499387189999943 ], [ -70.493331810999962, -33.499392930999939 ], [ -70.493387335999955, -33.499404346999931 ], [ -70.493436229999986, -33.499411963999925 ], [ -70.49350287599998, -33.499425319999929 ], [ -70.493554017999941, -33.499438500999922 ], [ -70.493620631999988, -33.499449962999954 ], [ -70.493673971999954, -33.499459510999948 ], [ -70.493724975999953, -33.499470889999934 ], [ -70.493769412999939, -33.499482258999933 ], [ -70.493829471999959, -33.499488117999938 ], [ -70.493900573999952, -33.499497721999937 ], [ -70.493947230999936, -33.49949418299996 ], [ -70.493988103999982, -33.499492337999975 ], [ -70.494039326999939, -33.499485136999965 ], [ -70.494083841999952, -33.499475941999947 ], [ -70.494128326999942, -33.499465033999954 ], [ -70.494192920999978, -33.499446668999944 ], [ -70.494239696999955, -33.499437536999949 ], [ -70.494284243999971, -33.499430235999966 ], [ -70.494319811999958, -33.499426650999972 ], [ -70.494351043999984, -33.499421223999931 ], [ -70.494391101999952, -33.499415779999914 ], [ -70.494433312999959, -33.49941040099997 ], [ -70.494473435999979, -33.499408744999982 ], [ -70.494542355999954, -33.499397812999973 ], [ -70.494629233999945, -33.499379538999953 ], [ -70.494736060999983, -33.499363279999947 ], [ -70.494791739999982, -33.499352326999947 ], [ -70.494854092999972, -33.499341383999933 ], [ -70.494905270999936, -33.499337879999977 ], [ -70.494939242999976, -33.499329082999964 ], [ -70.494979419999936, -33.499318046999974 ], [ -70.495041776999983, -33.499288524999947 ], [ -70.495124286999953, -33.499247847999975 ], [ -70.495170178999956, -33.499223975999939 ], [ -70.495202383999981, -33.49920722399996 ], [ -70.495260402999975, -33.499175860999969 ], [ -70.495320604999961, -33.499146275999969 ], [ -70.495394287999943, -33.499105614999962 ], [ -70.495459173999961, -33.499074158999967 ], [ -70.495485668999947, -33.49906131399996 ], [ -70.495554775999963, -33.49902999699998 ], [ -70.495639590999986, -33.498985683999933 ], [ -70.495755559999964, -33.498937748999936 ], [ -70.495880323999984, -33.498887993999972 ], [ -70.495963637999978, -33.498862817999971 ], [ -70.496021524999946, -33.49884254899996 ], [ -70.496079454999972, -33.498818581999963 ], [ -70.496141875999967, -33.498792846999947 ], [ -70.49617766199998, -33.498770589999936 ], [ -70.496231157999944, -33.498739190999977 ], [ -70.496302622999963, -33.498694768999933 ], [ -70.496351661999938, -33.498667030999968 ], [ -70.496409690999954, -33.498630076 ], [ -70.496483297999987, -33.498591309999938 ], [ -70.496559195999964, -33.498554318999943 ], [ -70.496643922999965, -33.498517491999962 ], [ -70.496735258999948, -33.498476887999971 ], [ -70.49684530199994, -33.498418304999966 ], [ -70.496940507999966, -33.498375294999953 ], [ -70.496976407999966, -33.498353487999964 ], [ -70.497018747999959, -33.498336832999939 ], [ -70.497083503999988, -33.498309175999964 ], [ -70.497134728999981, -33.498283394999923 ], [ -70.497190484999976, -33.498251967999977 ], [ -70.497246348999965, -33.498220539999984 ], [ -70.497317660999954, -33.498179816999922 ], [ -70.497389037999937, -33.498142879999946 ], [ -70.497467206999943, -33.498100360999949 ], [ -70.497554173999958, -33.498056110999975 ], [ -70.497643355, -33.498015441999939 ], [ -70.49775256199996, -33.497974981999953 ], [ -70.497798131999957, -33.497945931999929 ], [ -70.497847223999941, -33.497927571999966 ], [ -70.497905120999974, -33.497901710999948 ], [ -70.497974344999989, -33.497864799999938 ], [ -70.49805459199996, -33.497824148999932 ], [ -70.498139359999982, -33.497783532999961 ], [ -70.498215180999978, -33.497748435999931 ], [ -70.498319908999989, -33.497704240999951 ], [ -70.498366769999961, -33.497687621999944 ], [ -70.498409110999944, -33.497671056999934 ], [ -70.498442537999949, -33.497661904999966 ], [ -70.498493681999946, -33.497656505999927 ], [ -70.498544784999979, -33.497654895999972 ], [ -70.49861148399998, -33.49765886899997 ], [ -70.498691487999963, -33.497666648999939 ], [ -70.498742598999968, -33.497678024999971 ], [ -70.498795915999949, -33.497698753999927 ], [ -70.49883194399996, -33.497715632999984 ], [ -70.498889695999935, -33.497743793999966 ], [ -70.498936263999951, -33.497766407999961 ], [ -70.498973980999949, -33.49778137299996 ], [ -70.499004962999948, -33.497792721999929 ], [ -70.499038311999982, -33.497804041999984 ], [ -70.499071627999967, -33.497813468999937 ], [ -70.499109357999941, -33.497822932999959 ], [ -70.499121576999983, -33.497825762999987 ], [ -70.499133782999934, -33.497828589999983 ], [ -70.499164882999935, -33.497834344999937 ], [ -70.499179311999967, -33.497837193999935 ], [ -70.499193721999973, -33.497840038999989 ], [ -70.499249321999969, -33.497849556999924 ], [ -70.499338173999945, -33.497864804999956 ], [ -70.499464725999985, -33.497887712999947 ], [ -70.499522585999955, -33.497897203999969 ], [ -70.499571338999942, -33.497921594999987 ], [ -70.499610874999973, -33.497939759999959 ], [ -70.499624504999986, -33.497946021999944 ], [ -70.499704409999936, -33.49798545799996 ], [ -70.499746487999971, -33.498009838999963 ], [ -70.499801816999934, -33.49804731699993 ], [ -70.499850632999937, -33.498075404999952 ], [ -70.499892786999965, -33.498097981999919 ], [ -70.499959192999953, -33.498141097999962 ], [ -70.499986428999989, -33.498166199999957 ], [ -70.500010657999951, -33.498197921999974 ], [ -70.500032680999936, -33.498239049999938 ], [ -70.500034826999979, -33.498251153999952 ], [ -70.500036972999965, -33.498263257999945 ], [ -70.500036807999948, -33.49829112599997 ], [ -70.50001857599996, -33.49836367499995 ], [ -70.500007147999952, -33.498425048999927 ], [ -70.50000560899997, -33.498442151999939 ], [ -70.500002450999943, -33.498477231999956 ], [ -70.499988752999968, -33.498525555999947 ], [ -70.499979597999982, -33.49858140099996 ], [ -70.499968191999983, -33.498631591999974 ], [ -70.499965722999946, -33.498663185999931 ], [ -70.499961134999978, -33.498696699999982 ], [ -70.49996755899997, -33.498732154999956 ], [ -70.499985066999955, -33.498786143999936 ], [ -70.500011349999966, -33.498849585999956 ], [ -70.500033241999972, -33.498901807999978 ], [ -70.500064143999964, -33.49895220799992 ], [ -70.500103807999949, -33.499017561999956 ], [ -70.50013903599995, -33.499075393999924 ], [ -70.500178634999941, -33.499136961999966 ], [ -70.500203025999951, -33.499159392999957 ], [ -70.500238430999957, -33.499183764999941 ], [ -70.500280573999987, -33.499211842999941 ], [ -70.500324859999978, -33.499245575999964 ], [ -70.500384536999945, -33.499297971999965 ], [ -70.500421051999979, -33.499311778999981 ], [ -70.500472032999937, -33.499353006999968 ], [ -70.500542928999948, -33.499394264999964 ], [ -70.500616084999933, -33.499435494999943 ], [ -70.500698111999952, -33.499473009999981 ], [ -70.500766888999976, -33.499497517999941 ], [ -70.500817914999971, -33.499516379999932 ], [ -70.500871286999939, -33.499527727999968 ], [ -70.500935694999953, -33.499529832999933 ], [ -70.501000286999968, -33.499530132999944 ], [ -70.501062596999986, -33.499522974999934 ], [ -70.501111481999942, -33.499517602999958 ], [ -70.501180422999951, -33.499514151999946 ], [ -70.501258373999974, -33.499508877999958 ], [ -70.501342934999968, -33.499499916999973 ], [ -70.501405201999944, -33.499496456999957 ], [ -70.501467498999943, -33.499494799999972 ], [ -70.501503530999969, -33.499493101 ], [ -70.501590288, -33.499480416 ], [ -70.50171045999997, -33.499464077999953 ], [ -70.501781618999985, -33.499464387999986 ], [ -70.501830525999935, -33.499466500999965 ], [ -70.501874004999934, -33.499466095999942 ], [ -70.50211, -33.49949000099997 ], [ -70.502780000999962, -33.499560000999956 ], [ -70.50301, -33.499590000999937 ], [ -70.504323801999988, -33.499610664999963 ], [ -70.504397197999936, -33.499622128999924 ], [ -70.504452735999962, -33.499627947999947 ], [ -70.504508262999934, -33.499639357999968 ], [ -70.504574951999984, -33.499648919999949 ], [ -70.504667385999937, -33.499659475999962 ], [ -70.504724187999955, -33.499669923999946 ], [ -70.504773051999962, -33.499675732999947 ], [ -70.504824218999943, -33.499677816999956 ], [ -70.504888690999962, -33.499683616999953 ], [ -70.504955391999943, -33.499687586999983 ], [ -70.505039833999959, -33.49970288399993 ], [ -70.505110883999976, -33.49972177099994 ], [ -70.505160562999947, -33.49973639499995 ], [ -70.505168551999986, -33.499738746999967 ], [ -70.505246264999982, -33.499763234999918 ], [ -70.505310661999943, -33.49978959799995 ], [ -70.505381592999981, -33.499814076999932 ], [ -70.505461512999943, -33.499847916999961 ], [ -70.505539107999937, -33.499877997999924 ], [ -70.505619071999945, -33.499908138999956 ], [ -70.505687399999942, -33.499937700999972 ], [ -70.505721380999944, -33.499954332999955 ], [ -70.505744802999985, -33.499965273999976 ], [ -70.505847581999944, -33.500012636999934 ], [ -70.505925974999968, -33.500051498999937 ], [ -70.505994806999979, -33.500091588999958 ] ] ] } }
]
}
