{
"type": "FeatureCollection",
"name": "tessellation",
"crs": { "type": "name", "properties": { "name": "urn:ogc:def:crs:OGC:1.3:CRS84" } },
"features": [
{ "type": "Feature", "properties": { "tile_id": "T000_002", "row": 0, "col": 2, "area_km2": 101.57647052518939 }, "geometry": { "type": "Polygon", "coordinates": [ [ [ -70.341189205465767, -33.206669080222099 ], [ -70.465215648695946, -33.205270391515789 ], [ -70.465125613999987, -33.205167433999968 ], [ -70.464911303999941, -33.204631657999968 ], [ -70.464696992999961, -33.204095880999944 ], [ -70.464616626999941, -33.203426160999989 ], [ -70.464670203999958, -33.202810017999987 ], [ -70.465554235999946, -33.202488551999963 ], [ -70.466250744999968, -33.202301030999934 ], [ -70.46678652099996, -33.202274241999923 ], [ -70.467509819999975, -33.202247452999977 ], [ -70.468045594999978, -33.201979563999942 ], [ -70.468204983999954, -33.201460001999976 ], [ -70.467964982999945, -33.200620001999951 ], [ -70.467634983999972, -33.199970000999926 ], [ -70.467464982999957, -33.199200001999955 ], [ -70.467434982999976, -33.198330001999963 ], [ -70.467424982999944, -33.197530000999947 ], [ -70.467324983999958, -33.196440001999953 ], [ -70.46717498299995, -33.195770001999939 ], [ -70.467074982999975, -33.195090001 ], [ -70.466744983999945, -33.194580001999938 ], [ -70.466354983999963, -33.19408 ], [ -70.465984982999942, -33.193550000999956 ], [ -70.465114982999978, -33.192860001999975 ], [ -70.464414982999983, -33.192610001999967 ], [ -70.46323498299995, -33.192030001999967 ], [ -70.462644983999951, -33.19165000199996 ], [ -70.462304982999967, -33.191410000999944 ], [ -70.461184983999942, -33.19055 ], [ -70.460734983999942, -33.189820001999983 ], [ -70.460294982999983, -33.188870001999923 ], [ -70.460084983999934, -33.188410001999927 ], [ -70.45998498299997, -33.18740000199994 ], [ -70.459904982999944, -33.186780000999939 ], [ -70.45974498299995, -33.185590001999969 ], [ -70.45974498299995, -33.184920001999949 ], [ -70.45980498299997, -33.183760001999921 ], [ -70.45992498399994, -33.183120001999953 ], [ -70.460024982999983, -33.182690001999958 ], [ -70.46078498299994, -33.181390001999944 ], [ -70.461384983999949, -33.180220002999924 ], [ -70.461584983999956, -33.179720000999964 ], [ -70.461904983999943, -33.178970001999971 ], [ -70.461993183999937, -33.17791809999995 ], [ -70.461464770999953, -33.176861271999933 ], [ -70.460837278999989, -33.176398908999943 ], [ -70.459516244999975, -33.175639314999955 ], [ -70.457824982999966, -33.174360001999958 ], [ -70.457744983999987, -33.174300000999928 ], [ -70.457138382999972, -33.174153152999956 ], [ -70.456147607999981, -33.173723815999942 ], [ -70.455421038999987, -33.173096324999946 ], [ -70.454966971999966, -33.172529831999945 ], [ -70.454880350999986, -33.171992789999933 ], [ -70.45492565099994, -33.17157713499995 ], [ -70.454924982999955, -33.17070000199994 ], [ -70.454934983999976, -33.169390001999943 ], [ -70.454904982999949, -33.168900001999923 ], [ -70.454707111999937, -33.168476031999937 ], [ -70.454484982999986, -33.168170001999947 ], [ -70.454048802999978, -33.167627158999942 ], [ -70.453702323999948, -33.167176736999977 ], [ -70.453284982999946, -33.166740000999937 ], [ -70.452254982999989, -33.165860001999931 ], [ -70.451414983999939, -33.165020001999935 ], [ -70.450744982999936, -33.164310000999926 ], [ -70.44983498299996, -33.16327000099993 ], [ -70.449314982999965, -33.162960001999977 ], [ -70.448834983999973, -33.162650001999957 ], [ -70.447766456999943, -33.161742751999945 ], [ -70.447150314999988, -33.161421285999928 ], [ -70.446239494999986, -33.16088550999995 ], [ -70.445730505999961, -33.160644410999957 ], [ -70.445248307999975, -33.160349733999965 ], [ -70.444994982999958, -33.160020001999953 ], [ -70.444804983999973, -33.159460001999939 ], [ -70.444634982999958, -33.158660001999976 ], [ -70.44449498299997, -33.157880001999942 ], [ -70.44443498399994, -33.156870001999962 ], [ -70.444524982999951, -33.155800000999932 ], [ -70.444310698999971, -33.154884812999974 ], [ -70.443784982999944, -33.153990001999937 ], [ -70.443594982999969, -33.153630002999932 ], [ -70.44309498399997, -33.152940001999958 ], [ -70.442584982999961, -33.152060001999928 ], [ -70.441914982999947, -33.151140001999977 ], [ -70.44162498299994, -33.150680001999916 ], [ -70.441324982999973, -33.150030000999941 ], [ -70.441214982999952, -33.149260001999941 ], [ -70.441204983999967, -33.14825 ], [ -70.441244982999933, -33.14756000199997 ], [ -70.441137628999968, -33.146984032999967 ], [ -70.440929505999975, -33.146533096999967 ], [ -70.440654983999934, -33.14628 ], [ -70.440094983999984, -33.146010000999972 ], [ -70.438994983999976, -33.145740001999961 ], [ -70.437963733999936, -33.145371069999953 ], [ -70.437547485999971, -33.145093570999961 ], [ -70.43713123699996, -33.14474669699996 ], [ -70.436819051999976, -33.144486541999967 ], [ -70.436368114999937, -33.143948887999954 ], [ -70.436055928999963, -33.143359201999935 ], [ -70.435814982999943, -33.142790001999963 ], [ -70.434974982999961, -33.141030000999926 ], [ -70.434374983999987, -33.139810001999919 ], [ -70.433764983999936, -33.138310001999976 ], [ -70.433624982999959, -33.137820000999973 ], [ -70.433419688999948, -33.13721953699995 ], [ -70.433241461999955, -33.136859934999961 ], [ -70.433172504999959, -33.136788374999973 ], [ -70.432884982999951, -33.136490001999945 ], [ -70.432354983999971, -33.136120001999977 ], [ -70.431980161999945, -33.135936102999942 ], [ -70.431134982999936, -33.135760002999966 ], [ -70.430523291999975, -33.135346418999973 ], [ -70.430323190999957, -33.135145365999968 ], [ -70.430141731999981, -33.13482610899996 ], [ -70.429864983999948, -33.133820001999929 ], [ -70.429634983999975, -33.132870001999947 ], [ -70.429464982999946, -33.132310001999947 ], [ -70.429034982999951, -33.131310001999964 ], [ -70.428374983999959, -33.130450001999989 ], [ -70.427534983999976, -33.129800000999978 ], [ -70.42664498299996, -33.12897000199996 ], [ -70.42593498399998, -33.128590000999957 ], [ -70.425304983999979, -33.128150002000012 ], [ -70.424414982999963, -33.127870001999945 ], [ -70.423374983999963, -33.127830001999925 ], [ -70.421604982999952, -33.127460001999957 ], [ -70.42103498299997, -33.126940001999962 ], [ -70.420284983999977, -33.126140001999936 ], [ -70.419974982999975, -33.125790001999974 ], [ -70.419384982999986, -33.12528000099995 ], [ -70.418634983999937, -33.124710001999958 ], [ -70.417874982999933, -33.124130002999955 ], [ -70.417214982999951, -33.123670000999937 ], [ -70.416444983999952, -33.123340001999971 ], [ -70.415914982999936, -33.123010000999948 ], [ -70.415404982999988, -33.122790000999942 ], [ -70.414774982999973, -33.122660001999954 ], [ -70.412954982999963, -33.12258000199995 ], [ -70.411714983999957, -33.122480001999982 ], [ -70.410674983999968, -33.122390001999975 ], [ -70.409494983999934, -33.122280000999972 ], [ -70.408114982999962, -33.122230000999934 ], [ -70.407234983999956, -33.122160000999934 ], [ -70.405864983999948, -33.122190001999975 ], [ -70.405384983999966, -33.122260001999955 ], [ -70.404244982999955, -33.122340000999941 ], [ -70.403494983999963, -33.122420001999942 ], [ -70.402764983999987, -33.122400001999942 ], [ -70.402084983999941, -33.122250000999941 ], [ -70.401654982999958, -33.122160000999934 ], [ -70.401194982999982, -33.122040001999935 ], [ -70.400014983999952, -33.12183000199996 ], [ -70.399534983999956, -33.121720001999961 ], [ -70.399144982999985, -33.121620000999926 ], [ -70.398014982999953, -33.121310001 ], [ -70.397654982999939, -33.121160001999939 ], [ -70.397014983999952, -33.120830001999941 ], [ -70.395884983999963, -33.120100001999965 ], [ -70.395094983999968, -33.119550000999915 ], [ -70.393684982999957, -33.118550001999949 ], [ -70.392974982999988, -33.11831000199993 ], [ -70.392074983999976, -33.118040001999908 ], [ -70.390994982999985, -33.117680001999929 ], [ -70.390204983999979, -33.117300001999979 ], [ -70.389834983999947, -33.116980001999913 ], [ -70.389064982999969, -33.116490000999939 ], [ -70.388284982999949, -33.116050001999945 ], [ -70.38724498299996, -33.115710000999961 ], [ -70.385944982999945, -33.115110001999938 ], [ -70.385394982999969, -33.11442000199996 ], [ -70.384834982999962, -33.113980001999941 ], [ -70.384204982999961, -33.113380002999975 ], [ -70.383944982999935, -33.113030001999959 ], [ -70.383744982999985, -33.112500001999933 ], [ -70.383704982999973, -33.111910001999945 ], [ -70.383694982999941, -33.111340001999963 ], [ -70.383654982999985, -33.110450001999929 ], [ -70.383554982999954, -33.110140001999973 ], [ -70.38330498299996, -33.109930001999942 ], [ -70.382304983999973, -33.109230000999965 ], [ -70.381634983999959, -33.108820000999955 ], [ -70.381114983999964, -33.108710001999938 ], [ -70.380274983999982, -33.108740002999973 ], [ -70.378864982999971, -33.10876 ], [ -70.378054983999959, -33.108800000999956 ], [ -70.377744983999946, -33.108750001999944 ], [ -70.377244982999969, -33.108510001999967 ], [ -70.376804983999989, -33.108280001999937 ], [ -70.376094983999963, -33.107960001999963 ], [ -70.375654983999937, -33.107700001999945 ], [ -70.375314983999942, -33.107510002999959 ], [ -70.374824982999939, -33.107120001999938 ], [ -70.374014983999984, -33.106480000999959 ], [ -70.373564982999937, -33.106180001999967 ], [ -70.373254983999971, -33.105970001999921 ], [ -70.372540000999948, -33.105780000999985 ], [ -70.372061756999983, -33.105715076999957 ], [ -70.371029247999957, -33.105714163999934 ], [ -70.370607418999953, -33.105843852999946 ], [ -70.369992447999948, -33.106080067999969 ], [ -70.369400585999983, -33.106342713999915 ], [ -70.368827525999961, -33.106631973999967 ], [ -70.368350585999963, -33.106872714999945 ], [ -70.367532577999953, -33.10693511599991 ], [ -70.366885691999983, -33.106888164999923 ], [ -70.36637290799996, -33.106850945999952 ], [ -70.36580437899994, -33.106809681999948 ], [ -70.365052578999951, -33.106755115999917 ], [ -70.364109994999978, -33.106841591999967 ], [ -70.363195274999953, -33.10681376499997 ], [ -70.361993161999976, -33.106729889999926 ], [ -70.361272577999955, -33.106645115999974 ], [ -70.360688615999948, -33.106529047999977 ], [ -70.359590290999961, -33.106315980999959 ], [ -70.358364758999983, -33.106212747999976 ], [ -70.357147771999962, -33.106015454999969 ], [ -70.356011153999987, -33.105803475999942 ], [ -70.354841753999949, -33.105643867999959 ], [ -70.353938883999945, -33.10558837199995 ], [ -70.353202805999956, -33.105543128999948 ], [ -70.352707744999975, -33.105512698 ], [ -70.351705205999963, -33.105451074999962 ], [ -70.350998376999939, -33.105299082999977 ], [ -70.350406086999953, -33.105067609999921 ], [ -70.349518676999935, -33.104720800999928 ], [ -70.348781519999989, -33.10443271299993 ], [ -70.348190213999942, -33.104235611999968 ], [ -70.347662712999977, -33.104140477999962 ], [ -70.346971605999954, -33.103914830999933 ], [ -70.345787781999945, -33.103527884999956 ], [ -70.343954208999946, -33.102925660999965 ], [ -70.343462534999958, -33.102698011999962 ], [ -70.343102888999965, -33.102434853999966 ], [ -70.342711687999952, -33.102125283999946 ], [ -70.342620585999953, -33.101912714999969 ], [ -70.342600585999946, -33.100902714999961 ], [ -70.342740585999934, -33.099782714999947 ], [ -70.342934151999941, -33.09935732699995 ], [ -70.342896838999934, -33.09880063699994 ], [ -70.342949232999956, -33.09836555399994 ], [ -70.342858289999981, -33.098133143999966 ], [ -70.342757243999984, -33.097900736999982 ], [ -70.342797661999953, -33.097678433999938 ], [ -70.342929022999954, -33.097526862999977 ], [ -70.342939126999966, -33.09718330299993 ], [ -70.34277745199995, -33.096991312999926 ], [ -70.342442577999975, -33.096865115999947 ], [ -70.341906156999983, -33.096817697999953 ], [ -70.341430162999984, -33.096775619999953 ], [ -70.340632577999941, -33.096705114999956 ], [ -70.340156710999963, -33.096800289999969 ], [ -70.339582578999966, -33.09691511599992 ], [ -70.339519814701191, -33.096921684497154 ], [ -70.341189205465767, -33.206669080222099 ] ] ] } },
{ "type": "Feature", "properties": { "tile_id": "T000_003", "row": 0, "col": 3, "area_km2": 75.431301442291314 }, "geometry": { "type": "Polygon", "coordinates": [ [ [ -70.341189205465767, -33.206669080222099 ], [ -70.339519814701191, -33.096921684497154 ], [ -70.338968060999946, -33.096979425999947 ], [ -70.338095786999986, -33.097078855999925 ], [ -70.337362578999944, -33.097165115999928 ], [ -70.336442577999961, -33.097375115999967 ], [ -70.336081122999985, -33.09753768399996 ], [ -70.335249400999942, -33.097791485999956 ], [ -70.334522577999962, -33.098045115999987 ], [ -70.334240586999954, -33.098262714999976 ], [ -70.334097813999961, -33.098502989999936 ], [ -70.333792610999978, -33.099059520999951 ], [ -70.333177585999977, -33.099932209999956 ], [ -70.332734106999965, -33.100342839999925 ], [ -70.332109948999971, -33.100572792999955 ], [ -70.331678805999957, -33.10052452999998 ], [ -70.331372578999947, -33.100285115999959 ], [ -70.330780640999933, -33.100366840999982 ], [ -70.330606402999933, -33.100773394999969 ], [ -70.330519283999934, -33.101238029999926 ], [ -70.33028696599996, -33.101470346999967 ], [ -70.329524674999959, -33.101757112999984 ], [ -70.328805943999953, -33.102051139999972 ], [ -70.328312269999969, -33.102225376999975 ], [ -70.32761531899996, -33.102370574999952 ], [ -70.326686049999978, -33.10239961499996 ], [ -70.325901979, -33.102312494999985 ], [ -70.325350224999966, -33.10225441799998 ], [ -70.324682312999983, -33.102080178999984 ], [ -70.323898242999974, -33.102047509999977 ], [ -70.32317225099996, -33.102254416999976 ], [ -70.32259145899998, -33.102544813999927 ], [ -70.322213942999952, -33.102748090999967 ], [ -70.321932353999955, -33.102940772999958 ], [ -70.321790671999963, -33.103294978999934 ], [ -70.321625376999975, -33.103696411999969 ], [ -70.321567326999968, -33.104088597999969 ], [ -70.321845634999988, -33.104749579999968 ], [ -70.321915210999975, -33.105271405999915 ], [ -70.321880423999971, -33.106001963999951 ], [ -70.321567326999968, -33.106419424999949 ], [ -70.321219441999972, -33.106767309999945 ], [ -70.320900505999987, -33.106892536999965 ], [ -70.320799298999987, -33.107277121999964 ], [ -70.32028076499995, -33.10795157899998 ], [ -70.319714085999976, -33.108264022999954 ], [ -70.318504583999982, -33.108922862999975 ], [ -70.317943699999944, -33.109136111999923 ], [ -70.317323261999945, -33.109313378999964 ], [ -70.316794238999933, -33.109447105999948 ], [ -70.316252578999979, -33.109495116999952 ], [ -70.315406078999956, -33.109576085999947 ], [ -70.315102577999937, -33.10960511599994 ], [ -70.314710051999953, -33.109484879999961 ], [ -70.314254713999958, -33.109237381999939 ], [ -70.312971337999954, -33.108769122999931 ], [ -70.312302577999958, -33.108525115999946 ], [ -70.311690585999941, -33.108522714999921 ], [ -70.310872171999961, -33.108456885999942 ], [ -70.309870235999938, -33.108571861999955 ], [ -70.309299125999985, -33.108710910999939 ], [ -70.309061603999965, -33.108889690999924 ], [ -70.308520892999979, -33.109296676999953 ], [ -70.307611824999981, -33.110048462999934 ], [ -70.306962255999963, -33.110526953999965 ], [ -70.305760585999963, -33.111302714999958 ], [ -70.304580585999986, -33.111962714999947 ], [ -70.304214147999971, -33.11223383599998 ], [ -70.30360888499996, -33.112447457999956 ], [ -70.302955228999963, -33.112678159999973 ], [ -70.302396771999952, -33.112875262999971 ], [ -70.301860291999958, -33.112799509999945 ], [ -70.301369522999948, -33.112951315999965 ], [ -70.300771621999957, -33.113157907999948 ], [ -70.300152577999938, -33.113375115999922 ], [ -70.299198868999952, -33.114071065999944 ], [ -70.298270585999944, -33.114772714999958 ], [ -70.297820585999943, -33.11534271499994 ], [ -70.297736253999972, -33.116029419999954 ], [ -70.297712126999954, -33.11672715299995 ], [ -70.297743400999934, -33.117300342999968 ], [ -70.297760939999932, -33.117740399999946 ], [ -70.297678211999937, -33.118142850999959 ], [ -70.297428178999951, -33.118495978999924 ], [ -70.297280585999943, -33.118772713999924 ], [ -70.297076451999942, -33.118984772999958 ], [ -70.29657412499995, -33.119235839999945 ], [ -70.296412578999934, -33.119315115999932 ], [ -70.296431019999943, -33.11962949199993 ], [ -70.296567032999974, -33.120097987999941 ], [ -70.296597259999942, -33.120626933 ], [ -70.296718160999944, -33.120823397999978 ], [ -70.296672822999938, -33.121155877999961 ], [ -70.296792577999952, -33.122525114999966 ], [ -70.296763498999951, -33.122833392999951 ], [ -70.296616667999956, -33.12312566699994 ], [ -70.296429990999968, -33.123528197999974 ], [ -70.296220490999985, -33.123867896999975 ], [ -70.295993817999943, -33.124076310999946 ], [ -70.295908820999955, -33.12422507199993 ], [ -70.295912738999959, -33.124458057999938 ], [ -70.295968223999978, -33.124683370999946 ], [ -70.295920585999966, -33.125032713999914 ], [ -70.295864134999988, -33.125395744999913 ], [ -70.295780586999967, -33.125682714999968 ], [ -70.295325495999975, -33.126015905999971 ], [ -70.294975400999988, -33.126258988999965 ], [ -70.294711457999938, -33.126437985999921 ], [ -70.294168694999939, -33.126890931999981 ], [ -70.293601990999946, -33.127478246999956 ], [ -70.293108760999985, -33.127924180999955 ], [ -70.292869011999983, -33.128258086999942 ], [ -70.292872577999958, -33.128445115999952 ], [ -70.292045906999988, -33.129049809999955 ], [ -70.291133916999982, -33.129651549999942 ], [ -70.290234732999977, -33.130204852999952 ], [ -70.289533076999987, -33.13052385699995 ], [ -70.288530585999979, -33.13092271599993 ], [ -70.287400585999933, -33.131372714999941 ], [ -70.286618939999983, -33.131599399999963 ], [ -70.286237127999982, -33.131652563999971 ], [ -70.285796363999964, -33.131632665 ], [ -70.28536345599997, -33.131536033999971 ], [ -70.284775858999978, -33.131397880999941 ], [ -70.283822577999956, -33.131075116999973 ], [ -70.282978895999975, -33.130987079999954 ], [ -70.281842199999971, -33.13093810099997 ], [ -70.280008776999978, -33.130898532999929 ], [ -70.279063018, -33.130942141999981 ], [ -70.278323431999979, -33.13105908899994 ], [ -70.277600192999955, -33.131110121999946 ], [ -70.276969427999973, -33.131186131999989 ], [ -70.276472207999987, -33.131163735999955 ], [ -70.275921231999973, -33.131136858999973 ], [ -70.275542578999989, -33.131045115999932 ], [ -70.275128312999982, -33.130904561999955 ], [ -70.274383624999984, -33.130667179999932 ], [ -70.273456841999973, -33.130716281999987 ], [ -70.272912577999989, -33.130745115999943 ], [ -70.272549119999951, -33.130974440999971 ], [ -70.27207257799995, -33.13127511699998 ], [ -70.271801409999966, -33.131654632999982 ], [ -70.271550586999979, -33.132002714999942 ], [ -70.271187205999979, -33.132351750999938 ], [ -70.270790585999976, -33.132732714999968 ], [ -70.270673531999932, -33.132943411999953 ], [ -70.270390585999976, -33.133452715 ], [ -70.270130244999962, -33.133960997999964 ], [ -70.269995916999974, -33.134256671999921 ], [ -70.269897035999975, -33.134725053999944 ], [ -70.269812577999971, -33.135125115999976 ], [ -70.269856334999986, -33.135587297999955 ], [ -70.269925144999945, -33.136314090999953 ], [ -70.269972578999955, -33.136815115999958 ], [ -70.269942410999988, -33.137493872999968 ], [ -70.269912577999946, -33.138165114999929 ], [ -70.269846947999952, -33.139329180999937 ], [ -70.269745741999941, -33.140138832999973 ], [ -70.269535781999934, -33.140929996999951 ], [ -70.269633608999982, -33.141484598999973 ], [ -70.269732577999946, -33.142035115999917 ], [ -70.269866840999953, -33.142321785999968 ], [ -70.270061178999981, -33.142736723999967 ], [ -70.270351217999973, -33.142933367999944 ], [ -70.270597596999949, -33.143491825999952 ], [ -70.270740707999948, -33.144150329999945 ], [ -70.270697315999939, -33.14467516499996 ], [ -70.270679722999944, -33.144887965999956 ], [ -70.270657021999966, -33.145162539999951 ], [ -70.270771132999982, -33.145470948999957 ], [ -70.270923596999978, -33.145748948999952 ], [ -70.271093579999956, -33.146208364999936 ], [ -70.271262577999948, -33.146665116999941 ], [ -70.271377193999967, -33.146972766999966 ], [ -70.27145257799998, -33.147175115 ], [ -70.27143547299994, -33.147487287999972 ], [ -70.271420223999939, -33.147765587999963 ], [ -70.271380585999964, -33.147952715999942 ], [ -70.27133411899996, -33.148095378999976 ], [ -70.271245700999941, -33.148366831999965 ], [ -70.270906214999968, -33.149409117999923 ], [ -70.270730585999956, -33.150062713999951 ], [ -70.270647917999952, -33.150442015999943 ], [ -70.270555092999984, -33.151111911999955 ], [ -70.270541306999974, -33.15178741099993 ], [ -70.270508953999979, -33.152499677999955 ], [ -70.270390585999976, -33.153522714999951 ], [ -70.270104839999988, -33.154496704999936 ], [ -70.26976198899996, -33.155262919999977 ], [ -70.269567901999949, -33.155548265999961 ], [ -70.269300006, -33.155942122999917 ], [ -70.269049459999962, -33.15631047199998 ], [ -70.268902942999944, -33.156885685999953 ], [ -70.26874371699995, -33.157974799999955 ], [ -70.268889374999958, -33.158717979999935 ], [ -70.268996592999954, -33.15930016499992 ], [ -70.268803636999962, -33.159852918999924 ], [ -70.268660585999953, -33.160262715999963 ], [ -70.268575115999965, -33.160507557999942 ], [ -70.268353953999963, -33.160968288999975 ], [ -70.268223435999971, -33.161291968999919 ], [ -70.268081077999966, -33.161826670999965 ], [ -70.268049903999952, -33.162447588999946 ], [ -70.267931736999969, -33.162932854999937 ], [ -70.267730585999971, -33.163602714999975 ], [ -70.26761253899997, -33.163763687999946 ], [ -70.267400586999941, -33.164052714999968 ], [ -70.267226290999986, -33.164215538999954 ], [ -70.266885502999969, -33.164450371999976 ], [ -70.266219929999977, -33.164833191999932 ], [ -70.265699367999957, -33.165024660999961 ], [ -70.264970585999947, -33.165292714999964 ], [ -70.264885769999978, -33.16548191899993 ], [ -70.264825731999963, -33.166116668999955 ], [ -70.264798130999964, -33.166493892999931 ], [ -70.264678523999976, -33.166999924999985 ], [ -70.264604918999964, -33.167579560999961 ], [ -70.264568115999978, -33.168011988999972 ], [ -70.264507604999949, -33.168606210999947 ], [ -70.264517740999963, -33.169018393999984 ], [ -70.264535548999959, -33.169424269999986 ], [ -70.264559172999952, -33.16980520799995 ], [ -70.264572133999934, -33.170014201999948 ], [ -70.264602577999938, -33.170505115999958 ], [ -70.264563588999977, -33.170983627999938 ], [ -70.264595717999967, -33.171701419999962 ], [ -70.264476109999976, -33.172363862999923 ], [ -70.264307942999949, -33.172928819999967 ], [ -70.264227694999988, -33.173339123999924 ], [ -70.264312577999988, -33.173765116999959 ], [ -70.264448883999933, -33.174231582999944 ], [ -70.264625885999976, -33.174837325999931 ], [ -70.264769843999943, -33.175355312999947 ], [ -70.264872577999938, -33.176065115999961 ], [ -70.264951374999953, -33.176227815999923 ], [ -70.26510922999995, -33.176553755999976 ], [ -70.26555187699995, -33.177467742999966 ], [ -70.265920585999936, -33.178342714999914 ], [ -70.266229882999937, -33.179750376999948 ], [ -70.266370585999937, -33.180372714999976 ], [ -70.266415570999982, -33.180617589999933 ], [ -70.266300186999956, -33.18084503499994 ], [ -70.266090586999951, -33.181012713999955 ], [ -70.265953135999951, -33.181122674999976 ], [ -70.265183724999986, -33.181729162999943 ], [ -70.264420585999972, -33.182322714999948 ], [ -70.263291315999936, -33.182654562999979 ], [ -70.262406440999939, -33.182914590999914 ], [ -70.261379941999976, -33.183188569999984 ], [ -70.260172343999955, -33.183460950999965 ], [ -70.259332577999942, -33.183525115999934 ], [ -70.258757500999934, -33.183500901999928 ], [ -70.258382578999942, -33.183485115999929 ], [ -70.257772577999958, -33.183555115999972 ], [ -70.256990585999972, -33.183692715999932 ], [ -70.256622580999988, -33.183755205999937 ], [ -70.256136617999971, -33.183762802999972 ], [ -70.255507545999933, -33.183806205999936 ], [ -70.254812577999985, -33.183815116999938 ], [ -70.25379384699994, -33.183659018999947 ], [ -70.252994380999951, -33.183562240999947 ], [ -70.252524673999972, -33.183684198999977 ], [ -70.252085157999943, -33.183828513999977 ], [ -70.251560320999943, -33.184000844999971 ], [ -70.25095891899997, -33.184488723999948 ], [ -70.250738847999969, -33.184877082999925 ], [ -70.250712956999962, -33.185226605999951 ], [ -70.250454050999963, -33.185446675999962 ], [ -70.250000052999951, -33.185557858999978 ], [ -70.249819732999981, -33.185602019999969 ], [ -70.249211303999971, -33.185679691999944 ], [ -70.248486367999988, -33.185977432999948 ], [ -70.247955609999963, -33.186301065999949 ], [ -70.246934288999967, -33.186558741999931 ], [ -70.246324175999973, -33.186579932999962 ], [ -70.245780800999967, -33.186598806999932 ], [ -70.244643334999978, -33.186638315999978 ], [ -70.244123343999959, -33.18672944799993 ], [ -70.243826061999982, -33.186896548999975 ], [ -70.243567156999987, -33.186948329999943 ], [ -70.243125715999952, -33.186901084999917 ], [ -70.242879053999957, -33.187689650999943 ], [ -70.242562261999979, -33.188992021999972 ], [ -70.241946273999986, -33.190399990999929 ], [ -70.241467852999961, -33.190869049999932 ], [ -70.239882785999953, -33.192010536999931 ], [ -70.239332184999967, -33.192677600999943 ], [ -70.23915653399996, -33.195253903999969 ], [ -70.239685700999985, -33.197484815999928 ], [ -70.239101653999967, -33.199570696999956 ], [ -70.237641538999981, -33.201781730999983 ], [ -70.235124989999974, -33.203073113999949 ], [ -70.23375458199996, -33.203287577999959 ], [ -70.232446660999983, -33.203243979999968 ], [ -70.230977235999944, -33.20356300699995 ], [ -70.229945512999961, -33.204603437999943 ], [ -70.228655980999974, -33.206403109999933 ], [ -70.227832385889641, -33.207839296312244 ], [ -70.341189205465767, -33.206669080222099 ] ] ] } },
{ "type": "Feature", "properties": { "tile_id": "T001_000", "row": 1, "col": 0, "area_km2": 34.200579500299007 }, "geometry": { "type": "Polygon", "coordinates": [ [ [ -70.882289019020291, -33.425109309356365 ], [ -70.947404774679924, -33.424103758371757 ], [ -70.947377576999941, -33.424022163999965 ], [ -70.947578178999947, -33.422551882999976 ], [ -70.947641554999961, -33.420612312999921 ], [ -70.947589353999945, -33.419867526999965 ], [ -70.947667384999988, -33.419333151999965 ], [ -70.947472972999947, -33.417841306999939 ], [ -70.947767638999949, -33.416703356999953 ], [ -70.948109168999963, -33.416071683999967 ], [ -70.950067377999972, -33.414579518999965 ], [ -70.95041355099994, -33.414156535999957 ], [ -70.951353403999974, -33.413247023999929 ], [ -70.951392487999954, -33.41181484599997 ], [ -70.951119634999941, -33.410745465999987 ], [ -70.950481469999943, -33.409447362999963 ], [ -70.950071031999983, -33.408309674999927 ], [ -70.949806709999962, -33.407220656999968 ], [ -70.949671758999955, -33.405871137999959 ], [ -70.949874186999978, -33.40411676399998 ], [ -70.949874186999978, -33.403374527999979 ], [ -70.95021156599995, -33.40269976899998 ], [ -70.950481470999989, -33.402294913999981 ], [ -70.951021277999985, -33.401620154999925 ], [ -70.95156108499998, -33.400810443999937 ], [ -70.951898464999942, -33.399865779999971 ], [ -70.951696036999977, -33.399123543999949 ], [ -70.951358657999947, -33.398516260999955 ], [ -70.95054894499998, -33.397976453999945 ], [ -70.950211564999961, -33.39709926699993 ], [ -70.949941661999958, -33.396154603999939 ], [ -70.949874186999978, -33.395277416999917 ], [ -70.949604281999939, -33.39426527699991 ], [ -70.949199427999986, -33.393523041999956 ], [ -70.948929522999947, -33.392645854999948 ], [ -70.948592143999974, -33.39183614399996 ], [ -70.948592143999974, -33.390891481 ], [ -70.948592143999974, -33.390284197999975 ], [ -70.948398645999987, -33.388694170999948 ], [ -70.948385604999942, -33.387537781999981 ], [ -70.948570772999972, -33.386110549999955 ], [ -70.948259009999958, -33.385869133999968 ], [ -70.947961861999943, -33.385611223999945 ], [ -70.947573695999949, -33.38535244699996 ], [ -70.947158971999954, -33.385072424999969 ], [ -70.946514983999975, -33.38455000099998 ], [ -70.945396953999989, -33.383857829999968 ], [ -70.944564983999953, -33.383070000999965 ], [ -70.943234982999968, -33.381670000999961 ], [ -70.942984982999974, -33.381430000999956 ], [ -70.941654982999978, -33.38110000099995 ], [ -70.939694983999971, -33.380770000999981 ], [ -70.93786498299994, -33.380350000999961 ], [ -70.936534982999945, -33.379830000999959 ], [ -70.935234982999987, -33.37969 ], [ -70.934284982999941, -33.379650000999952 ], [ -70.933344983999973, -33.379360000999924 ], [ -70.931774982999968, -33.37831 ], [ -70.930244982999966, -33.377440000999961 ], [ -70.928714983999953, -33.376640000999949 ], [ -70.925634982999952, -33.376350000999935 ], [ -70.924154983999983, -33.375570000999964 ], [ -70.92226498399998, -33.374830000999964 ], [ -70.920384982999963, -33.373640000999949 ], [ -70.918004982999946, -33.37279 ], [ -70.917204656999957, -33.372361940999937 ], [ -70.916684982999982, -33.371750000999945 ], [ -70.915870311999981, -33.370993383999966 ], [ -70.914614982999979, -33.370180000999937 ], [ -70.912904983999965, -33.369700000999941 ], [ -70.911494982999955, -33.369170000999937 ], [ -70.910304982999946, -33.368360000999921 ], [ -70.909424983999941, -33.368160000999971 ], [ -70.909014983999953, -33.368270000999935 ], [ -70.907436571999938, -33.368872118999938 ], [ -70.906221977999962, -33.369334006999964 ], [ -70.905161345999943, -33.369744574999963 ], [ -70.904034982999974, -33.370450000999924 ], [ -70.902774983999961, -33.370940000999944 ], [ -70.901724982999951, -33.371630001999961 ], [ -70.901384983999947, -33.37198000099994 ], [ -70.90064498299995, -33.372590000999935 ], [ -70.899054983999974, -33.373710000999949 ], [ -70.895054983999955, -33.37467000099997 ], [ -70.893084983999984, -33.37567 ], [ -70.891692451999972, -33.376262331999953 ], [ -70.890437940999973, -33.376353568999953 ], [ -70.889708042999985, -33.376057048999925 ], [ -70.888864097999942, -33.375555243999926 ], [ -70.888164983999957, -33.375260000999965 ], [ -70.887724982999941, -33.375100000999957 ], [ -70.886774983999942, -33.375200000999932 ], [ -70.885414983999965, -33.375490001999928 ], [ -70.882484983999973, -33.376020000999972 ], [ -70.881264983999984, -33.376170000999927 ], [ -70.881233665005425, -33.376166559588924 ], [ -70.882289019020291, -33.425109309356365 ] ] ] } },
{ "type": "Feature", "properties": { "tile_id": "T001_001", "row": 1, "col": 1, "area_km2": 229.4281935961838 }, "geometry": { "type": "Polygon", "coordinates": [ [ [ -70.613491209539106, -33.428898205873836 ], [ -70.882289019020291, -33.425109309356365 ], [ -70.881233665005425, -33.376166559588924 ], [ -70.879444982999985, -33.37597000099997 ], [ -70.879064982999978, -33.37570000099997 ], [ -70.87683498399997, -33.374730000999925 ], [ -70.875934983999969, -33.374470000999963 ], [ -70.874950424999952, -33.374460397999933 ], [ -70.873024983999983, -33.375290000999925 ], [ -70.870914983, -33.37592000199993 ], [ -70.870323030999941, -33.375942054999918 ], [ -70.870194047999973, -33.375655769999973 ], [ -70.870043764999934, -33.375543506999975 ], [ -70.869595790999938, -33.375447182999935 ], [ -70.869095315, -33.375448994999935 ], [ -70.868904148999945, -33.375446147999959 ], [ -70.868418728999984, -33.375473738999958 ], [ -70.867424933999985, -33.375519477999958 ], [ -70.866885323999952, -33.37553976599996 ], [ -70.866193961999969, -33.375565196999958 ], [ -70.865759193999963, -33.375581039999908 ], [ -70.864264470999956, -33.375607560999974 ], [ -70.863273253999978, -33.37563437799998 ], [ -70.862918777999937, -33.375681454999956 ], [ -70.861963140999933, -33.375909941999964 ], [ -70.861592419999965, -33.376028838999964 ], [ -70.861441172999946, -33.376037668999977 ], [ -70.861299178999957, -33.376080360999929 ], [ -70.861031053999966, -33.376109435999972 ], [ -70.860817845999989, -33.376146633999944 ], [ -70.860626620999938, -33.376247923999983 ], [ -70.860479955999949, -33.37630500099992 ], [ -70.860239548999971, -33.376333657999957 ], [ -70.860029398999984, -33.376414352999987 ], [ -70.859893330999967, -33.376468287999955 ], [ -70.85940033199995, -33.376688030999951 ], [ -70.858766576999983, -33.377008898999968 ], [ -70.85842372999997, -33.37720193199992 ], [ -70.857602136999958, -33.377650274999951 ], [ -70.856811505999985, -33.378017026999927 ], [ -70.856134628999939, -33.378317052999925 ], [ -70.85563022499997, -33.378536354999916 ], [ -70.855163145999938, -33.378738990999977 ], [ -70.854745374999936, -33.378920010999948 ], [ -70.854637741999966, -33.378974111999966 ], [ -70.854049658999941, -33.379271009999975 ], [ -70.853467929999965, -33.379566021999942 ], [ -70.852915732999975, -33.379845676999942 ], [ -70.852620302999981, -33.380063038999921 ], [ -70.852500777999978, -33.380153224999951 ], [ -70.852131097999973, -33.380503759999947 ], [ -70.85170938899995, -33.380814984999965 ], [ -70.851431409999975, -33.380983766999968 ], [ -70.851103321999972, -33.381123232999975 ], [ -70.850512124999966, -33.381328180999951 ], [ -70.85025514299997, -33.381360644999987 ], [ -70.849237410999933, -33.38156908399997 ], [ -70.848261583999943, -33.381822700999955 ], [ -70.847975884999983, -33.381555734999942 ], [ -70.847781433999955, -33.381640232999985 ], [ -70.847555108999984, -33.381723772999976 ], [ -70.847268359999987, -33.381814653999974 ], [ -70.846726091999983, -33.382020764999936 ], [ -70.846456767999939, -33.382115321999954 ], [ -70.845988391999981, -33.382278693999972 ], [ -70.845722391999971, -33.382389304999947 ], [ -70.845257205999985, -33.382582690999989 ], [ -70.84475615499997, -33.382835302999965 ], [ -70.844431955999937, -33.38305880099994 ], [ -70.844038454999975, -33.383331635999966 ], [ -70.843764397999962, -33.383527908999952 ], [ -70.843389595999952, -33.383771127999978 ], [ -70.84267116999996, -33.384069309999965 ], [ -70.842040736999934, -33.384296990999928 ], [ -70.841648761999977, -33.384421929999974 ], [ -70.841201346999981, -33.384556856999964 ], [ -70.840448636999952, -33.384717692999963 ], [ -70.83977581299996, -33.385041260999962 ], [ -70.839573129999962, -33.385202291 ], [ -70.839313622999953, -33.385173791999932 ], [ -70.83909042199997, -33.385104965999957 ], [ -70.838784982999982, -33.384970000999949 ], [ -70.838542919999952, -33.384876748999936 ], [ -70.83819682099994, -33.38479170599993 ], [ -70.837805350999986, -33.384683608999971 ], [ -70.837608497999952, -33.38457642499997 ], [ -70.83748352799995, -33.384446652999941 ], [ -70.837355411999965, -33.384162552999946 ], [ -70.83718171299995, -33.383865197999967 ], [ -70.83708612199996, -33.383623634999928 ], [ -70.837076407999973, -33.383377002999964 ], [ -70.837101635999943, -33.383285512999976 ], [ -70.837296540999944, -33.383085206999979 ], [ -70.837438834999944, -33.382965406999958 ], [ -70.837458499999968, -33.382824642999928 ], [ -70.837353768999947, -33.38269843699991 ], [ -70.837186472999988, -33.382585692999953 ], [ -70.836707461999936, -33.382402956999947 ], [ -70.836369174999959, -33.382240915999951 ], [ -70.836067319999984, -33.38208972499995 ], [ -70.835356553999986, -33.38186105799997 ], [ -70.834564713999953, -33.381574302999972 ], [ -70.83444291099994, -33.381453151999949 ], [ -70.834365046999949, -33.381408744999938 ], [ -70.834156705999987, -33.381400434999925 ], [ -70.833921301999965, -33.381396320999961 ], [ -70.833694227999956, -33.381357914999967 ], [ -70.833348096999941, -33.38125292999996 ], [ -70.833156656999961, -33.38118742099995 ], [ -70.832956010999965, -33.381114453999949 ], [ -70.83280457799998, -33.380975491999941 ], [ -70.832638522999957, -33.380864774999957 ], [ -70.832454539999958, -33.380723222999968 ], [ -70.832410081999967, -33.380545441999978 ], [ -70.832485619999943, -33.380263381999946 ], [ -70.832724414999973, -33.379997892999938 ], [ -70.832788798999957, -33.379872791999965 ], [ -70.832815978999975, -33.379819981999951 ], [ -70.832814084999939, -33.379764926999954 ], [ -70.832787706999966, -33.379704426999979 ], [ -70.832761689999984, -33.37964694999993 ], [ -70.832649489999937, -33.379539495999943 ], [ -70.832624941999953, -33.379434579999945 ], [ -70.832657222999956, -33.37933459399995 ], [ -70.832704982999985, -33.379250000999932 ], [ -70.832721646999971, -33.379201131999928 ], [ -70.832756608999944, -33.379155738999934 ], [ -70.832824074999962, -33.379094171999945 ], [ -70.832844811999962, -33.379017430999966 ], [ -70.832862800999976, -33.378891695999982 ], [ -70.832829919999938, -33.378834379999944 ], [ -70.832778524999981, -33.378725649999964 ], [ -70.832708002999937, -33.378641602999942 ], [ -70.832570129999965, -33.378542687999982 ], [ -70.832428125999968, -33.378450058999924 ], [ -70.832320729999935, -33.378289664999954 ], [ -70.832316863999949, -33.37818732799996 ], [ -70.832324059999962, -33.378038678999921 ], [ -70.83228365399998, -33.377915248999948 ], [ -70.832188857999938, -33.37773926199997 ], [ -70.832142787999942, -33.377673602999934 ], [ -70.832011341999987, -33.377635162999987 ], [ -70.831905309999968, -33.377579040999926 ], [ -70.831821132999949, -33.377499521999937 ], [ -70.831722186999968, -33.37745339199995 ], [ -70.831590499999947, -33.377403416999989 ], [ -70.831428425999945, -33.377379849999933 ], [ -70.831256791999976, -33.377310274999964 ], [ -70.831024138999965, -33.377199776999916 ], [ -70.830767609999953, -33.377098283999935 ], [ -70.830560642999956, -33.376983078999949 ], [ -70.830388134999964, -33.376871691999938 ], [ -70.830209837999973, -33.376730104999986 ], [ -70.829871006999952, -33.376556272999949 ], [ -70.829494701999977, -33.376316652999932 ], [ -70.829362050999976, -33.376220540999945 ], [ -70.829307452999956, -33.376157890999927 ], [ -70.829305761999933, -33.376077153999951 ], [ -70.829293879999966, -33.375920132999973 ], [ -70.82930655399997, -33.375376247999952 ], [ -70.829278841999951, -33.375119950999931 ], [ -70.829236873999946, -33.375003753999977 ], [ -70.829183169999965, -33.374896344999968 ], [ -70.829136026999947, -33.374784587999947 ], [ -70.829098519999945, -33.374635154999957 ], [ -70.829075122999939, -33.374502820999957 ], [ -70.829035417999933, -33.374412548999935 ], [ -70.828973584999972, -33.374332698999964 ], [ -70.828888027999938, -33.374269061999925 ], [ -70.828651135999962, -33.37420188699997 ], [ -70.828430113999957, -33.374121813999963 ], [ -70.828366640999946, -33.373995521999973 ], [ -70.828322624999942, -33.373863490999952 ], [ -70.82826784599996, -33.373709985999938 ], [ -70.828279932999976, -33.373630488999936 ], [ -70.828324728999974, -33.373553393999941 ], [ -70.82839039299995, -33.373440589999973 ], [ -70.828411213999971, -33.373332909999917 ], [ -70.828440604999969, -33.373258925999949 ], [ -70.82843773999997, -33.373204165999937 ], [ -70.828373314999965, -33.373082529999969 ], [ -70.828299476999973, -33.372932703999929 ], [ -70.828170215999933, -33.372740843999956 ], [ -70.828068500999962, -33.37256207099994 ], [ -70.827892929999962, -33.372385827999949 ], [ -70.827782774999946, -33.372214389999947 ], [ -70.827700746999938, -33.372072822999939 ], [ -70.827538501999982, -33.371958396999936 ], [ -70.827367997999943, -33.37185995599998 ], [ -70.827224051999963, -33.37171641599997 ], [ -70.827137623999988, -33.371610967999956 ], [ -70.827033802999949, -33.371495680999942 ], [ -70.826941677999969, -33.371446560999956 ], [ -70.826830832999974, -33.371406369999931 ], [ -70.826697348999971, -33.371352089999952 ], [ -70.826569863999964, -33.371338101999974 ], [ -70.826436349999938, -33.371364583999934 ], [ -70.826275493999958, -33.371398678999988 ], [ -70.826163925999936, -33.371406089999944 ], [ -70.825993730999983, -33.371395002999982 ], [ -70.82579435599996, -33.37136781799996 ], [ -70.825501176999978, -33.37134432999995 ], [ -70.825299283999982, -33.37132876499993 ], [ -70.825149111999963, -33.371277687999964 ], [ -70.825005330999943, -33.371268217999948 ], [ -70.824886296999978, -33.371253750999976 ], [ -70.824810944999967, -33.371215473999953 ], [ -70.824782712999934, -33.371185770999944 ], [ -70.824712832999978, -33.37114509599995 ], [ -70.82463200899997, -33.371109215999986 ], [ -70.82462585899998, -33.371079187999953 ], [ -70.824638548999985, -33.371025714999966 ], [ -70.824661456999934, -33.370932706999945 ], [ -70.824675793999972, -33.370825923999952 ], [ -70.82468141399994, -33.370781718999964 ], [ -70.824678158, -33.370738558999946 ], [ -70.824659562999955, -33.370707932999956 ], [ -70.824613176999947, -33.370640616999921 ], [ -70.824581782999985, -33.370567111999939 ], [ -70.824574328999972, -33.370482517999967 ], [ -70.824549693999984, -33.370392210999945 ], [ -70.824485034999952, -33.370291755999965 ], [ -70.824430175999964, -33.370183997999938 ], [ -70.824365865999937, -33.370100239999935 ], [ -70.824250709999944, -33.370032737999971 ], [ -70.824142560999974, -33.369960360999983 ], [ -70.824010573999942, -33.369835841999915 ], [ -70.823853626999949, -33.369673512999952 ], [ -70.823764856999958, -33.369507795999937 ], [ -70.823707533999936, -33.369349967999931 ], [ -70.823671256999944, -33.369178706999939 ], [ -70.823641686999963, -33.369056260999976 ], [ -70.82361715199994, -33.368970724999933 ], [ -70.823559268999986, -33.368832947999977 ], [ -70.82345113699995, -33.368646278999947 ], [ -70.823327310999957, -33.368435741999974 ], [ -70.823241560999975, -33.368278330999935 ], [ -70.823211468999943, -33.368130839999935 ], [ -70.823191179999981, -33.367908044999972 ], [ -70.823133211999959, -33.367719206999929 ], [ -70.82301474999997, -33.367493081999967 ], [ -70.822935709999967, -33.367316483999957 ], [ -70.822847047999971, -33.367087534999925 ], [ -70.82272673999995, -33.366909156999945 ], [ -70.82262914599994, -33.366797253999934 ], [ -70.822539511999935, -33.366589792999932 ], [ -70.822531117999972, -33.366391876999963 ], [ -70.822558880999964, -33.366223253999983 ], [ -70.822564874999955, -33.366033476999981 ], [ -70.822534340999937, -33.365796515999932 ], [ -70.822490264999942, -33.36559196499995 ], [ -70.822433418999935, -33.36545679599994 ], [ -70.822328123999966, -33.365316373999967 ], [ -70.822216094999987, -33.36519394499993 ], [ -70.822037889999933, -33.365034311999963 ], [ -70.821786550999946, -33.364844733 ], [ -70.821696365999969, -33.364747036999972 ], [ -70.821656597999947, -33.36468081199996 ], [ -70.821622568999942, -33.364548886999962 ], [ -70.821612976999972, -33.364429725999976 ], [ -70.821602111999937, -33.364317742999944 ], [ -70.821583837999981, -33.36425955299994 ], [ -70.821545342999968, -33.364186150999949 ], [ -70.821487400999956, -33.364066506999968 ], [ -70.821440553999935, -33.363977861999949 ], [ -70.821362114999943, -33.363853602999946 ], [ -70.821263432999956, -33.363689222999938 ], [ -70.821175296999968, -33.363553318999941 ], [ -70.82107130299994, -33.363406911999945 ], [ -70.820962795999947, -33.363248639999945 ], [ -70.820856034999963, -33.363105851999926 ], [ -70.820789213999944, -33.363037636999934 ], [ -70.820669308999982, -33.362946340999926 ], [ -70.820544464999955, -33.362885029999973 ], [ -70.820460562999983, -33.362821749999959 ], [ -70.820397280999941, -33.362786887999981 ], [ -70.820311655999944, -33.362771441999939 ], [ -70.820245555999975, -33.362737813999942 ], [ -70.820170556999983, -33.362686420999971 ], [ -70.820087952999984, -33.362611278999964 ], [ -70.820028388999958, -33.362550115999959 ], [ -70.819967676999966, -33.362502092999932 ], [ -70.819935434999934, -33.362474967999951 ], [ -70.819878339999946, -33.362444944999936 ], [ -70.819817025999953, -33.362436299999942 ], [ -70.819728980999969, -33.362441169999947 ], [ -70.81960143799995, -33.362460934999937 ], [ -70.819516582999938, -33.36248245999996 ], [ -70.819456435999939, -33.362529869999946 ], [ -70.819407584999965, -33.362573533999971 ], [ -70.819363021999948, -33.362618328999915 ], [ -70.819279159999951, -33.362687559999983 ], [ -70.819215971999938, -33.36272546999993 ], [ -70.819121539999969, -33.362765029999942 ], [ -70.819059126999946, -33.362771909999935 ], [ -70.81898739199994, -33.362740749999936 ], [ -70.818911492999973, -33.36271442299995 ], [ -70.818833898999983, -33.362674996999942 ], [ -70.818772237999951, -33.36264965499997 ], [ -70.818686563999961, -33.362631821999962 ], [ -70.818593732999943, -33.362611707999967 ], [ -70.818460287999983, -33.362552818999959 ], [ -70.818287573999953, -33.362451556999936 ], [ -70.818140766999989, -33.362365424999957 ], [ -70.817916466999975, -33.362244636999947 ], [ -70.817764403999945, -33.362110859999966 ], [ -70.817675919999942, -33.362026258999961 ], [ -70.817601301999957, -33.361924752999983 ], [ -70.817514437999932, -33.361849671999948 ], [ -70.817426548999947, -33.361793693999964 ], [ -70.817363715999988, -33.361780297999928 ], [ -70.817204705999984, -33.361790976999927 ], [ -70.817075518999957, -33.361800025999969 ], [ -70.816983510999933, -33.361798115999932 ], [ -70.816905419999955, -33.36175598899996 ], [ -70.816829695999957, -33.361738008999964 ], [ -70.816717860999972, -33.361761119999976 ], [ -70.816612835999933, -33.361769815999935 ], [ -70.816470186999936, -33.36174684999996 ], [ -70.816333124999971, -33.36171903099995 ], [ -70.816196120999962, -33.361625593999975 ], [ -70.816056249999988, -33.361531006999932 ], [ -70.815940453999985, -33.361468418999941 ], [ -70.815830012999982, -33.361385189999964 ], [ -70.815693678999935, -33.361323953999936 ], [ -70.815571656999964, -33.361267280999982 ], [ -70.81544532199996, -33.361208285999979 ], [ -70.815301584999986, -33.361132841999961 ], [ -70.815221953999981, -33.361063618999935 ], [ -70.81516740099994, -33.361038169999965 ], [ -70.815097461999983, -33.36102487699997 ], [ -70.815005336999945, -33.360970151999929 ], [ -70.814956361999975, -33.360906373999953 ], [ -70.814897707999933, -33.360829957999961 ], [ -70.814820353999949, -33.360756920999947 ], [ -70.814722098999937, -33.360680811999941 ], [ -70.814657680999971, -33.360591083999964 ], [ -70.81458745499998, -33.360495476999965 ], [ -70.814525905999972, -33.36040689999993 ], [ -70.814463305999936, -33.360336235 ], [ -70.814366967999945, -33.360283956999979 ], [ -70.814255490999983, -33.360255760999969 ], [ -70.814064349999967, -33.36022514999997 ], [ -70.813924324999959, -33.360191405999949 ], [ -70.813795093999943, -33.360128853999974 ], [ -70.813587805999987, -33.360074635999965 ], [ -70.813394996999989, -33.360032118999968 ], [ -70.813184983999975, -33.359982693999939 ], [ -70.813063633999946, -33.359958219999953 ], [ -70.812918393999951, -33.359947217999938 ], [ -70.812783955999976, -33.359908618999945 ], [ -70.812696096999957, -33.359853830999953 ], [ -70.812634339999988, -33.359823713999965 ], [ -70.812529747999974, -33.359784678999972 ], [ -70.812425180999981, -33.359746835999943 ], [ -70.812319142999968, -33.359706628999973 ], [ -70.812173063999978, -33.359655075999946 ], [ -70.812041097999952, -33.359598544999976 ], [ -70.811860686, -33.359536755999954 ], [ -70.811710712999968, -33.359503153999974 ], [ -70.811569935999955, -33.359501629999947 ], [ -70.811477282999988, -33.359489858999957 ], [ -70.811361667999961, -33.359467685999952 ], [ -70.811248574999979, -33.359429966999983 ], [ -70.811129325999957, -33.359369669999971 ], [ -70.811048402999972, -33.359306427999954 ], [ -70.810984335999933, -33.359233395999979 ], [ -70.810949311999934, -33.359189764999932 ], [ -70.810941340999989, -33.35914812599998 ], [ -70.810950300999934, -33.359100273999957 ], [ -70.810956171999976, -33.359040537999924 ], [ -70.810949201999961, -33.358978602999962 ], [ -70.810925621999971, -33.358938383999927 ], [ -70.810916427999985, -33.358906307 ], [ -70.810919702999968, -33.358858537999943 ], [ -70.810931430999972, -33.358807066999923 ], [ -70.810958521999964, -33.35874224899991 ], [ -70.81101513699997, -33.358661490999943 ], [ -70.811039161999986, -33.358585980999955 ], [ -70.811058280999987, -33.358479522999971 ], [ -70.811066858999936, -33.358344587 ], [ -70.811051818999942, -33.358236241999968 ], [ -70.811024506999956, -33.358153128999959 ], [ -70.810986640999943, -33.35810953999993 ], [ -70.810979015999976, -33.358084597999948 ], [ -70.810998443999949, -33.358061646999936 ], [ -70.811032281999985, -33.358048029999949 ], [ -70.811057517999984, -33.358030959999958 ], [ -70.811058369999955, -33.35800350799996 ], [ -70.811039177999987, -33.357969189999956 ], [ -70.811016895999956, -33.35792298799997 ], [ -70.810993476999954, -33.357821922999953 ], [ -70.81094724499998, -33.357717611999909 ], [ -70.810836885999947, -33.357605885999931 ], [ -70.810766455999953, -33.357568735999962 ], [ -70.810694431999934, -33.357523258999926 ], [ -70.810617674999946, -33.357455183999939 ], [ -70.810565868999959, -33.357424920999961 ], [ -70.810491471999967, -33.35740214599997 ], [ -70.810397424999962, -33.357391587999977 ], [ -70.810315723999963, -33.357359374999916 ], [ -70.810204400999964, -33.357338330999923 ], [ -70.81010152999994, -33.357313584999922 ], [ -70.810003924999933, -33.357268479999973 ], [ -70.809906319999982, -33.357223375999986 ], [ -70.809765806999962, -33.357165773999945 ], [ -70.809717770999953, -33.357111594999942 ], [ -70.809689878999961, -33.357069052999954 ], [ -70.809616879999965, -33.357045063999983 ], [ -70.809540172999959, -33.356979372999959 ], [ -70.80948002699995, -33.356889580999962 ], [ -70.809425172, -33.356780622999963 ], [ -70.809334923999984, -33.356610143999937 ], [ -70.809266462999972, -33.356462014999984 ], [ -70.809241403999977, -33.356350235999962 ], [ -70.80920073599998, -33.35623987799994 ], [ -70.809158646999947, -33.356129540999973 ], [ -70.809091445999982, -33.35604223699994 ], [ -70.809012578999955, -33.355940786999966 ], [ -70.808936021999955, -33.355882251999944 ], [ -70.808794041999988, -33.355822283999927 ], [ -70.808614147999947, -33.355716339999944 ], [ -70.808480398999961, -33.355641935999984 ], [ -70.808405682999933, -33.355603654999975 ], [ -70.808365223999942, -33.355572032999909 ], [ -70.808350147999988, -33.355530496999968 ], [ -70.808323777999988, -33.355492703999985 ], [ -70.808300979999956, -33.355421454999934 ], [ -70.808276834999958, -33.355353804999929 ], [ -70.808220174999974, -33.355294978999943 ], [ -70.808133596999937, -33.355233010999925 ], [ -70.808044275999976, -33.355175853999974 ], [ -70.807984847999933, -33.355120647999968 ], [ -70.807968080999956, -33.355066012999934 ], [ -70.807938694999962, -33.355019912999985 ], [ -70.807883432999972, -33.354959873999967 ], [ -70.807779110999959, -33.354864758999931 ], [ -70.807703211999979, -33.354769229999924 ], [ -70.807667574999982, -33.354695781999958 ], [ -70.807661683999982, -33.354617127999965 ], [ -70.807655505999946, -33.354593357999939 ], [ -70.80762247399997, -33.354577135999911 ], [ -70.80758640199997, -33.354551414999939 ], [ -70.807554791999962, -33.354535172999924 ], [ -70.807539371999951, -33.354476939999977 ], [ -70.807512039999949, -33.354392633999964 ], [ -70.807503207999957, -33.354309250999947 ], [ -70.807487614999957, -33.354242668999966 ], [ -70.807483613999977, -33.354186654999971 ], [ -70.807461769999989, -33.354092724999923 ], [ -70.807446127999981, -33.354023757999983 ], [ -70.807439580999983, -33.353982096999957 ], [ -70.807448204999957, -33.353954038999973 ], [ -70.80747280099996, -33.35393866499993 ], [ -70.807493895999983, -33.353927620999954 ], [ -70.807504574999939, -33.353894060999941 ], [ -70.807464921999951, -33.353832600999951 ], [ -70.80741784199995, -33.353755739999926 ], [ -70.807379634999961, -33.353695452999943 ], [ -70.807310753999957, -33.35366424399993 ], [ -70.807244517999948, -33.35362345299994 ], [ -70.807174650999968, -33.353544537999944 ], [ -70.807143770999971, -33.353494879999978 ], [ -70.807106031999979, -33.353457252999917 ], [ -70.80707659899997, -33.353408767999944 ], [ -70.807058459999951, -33.353356538999954 ], [ -70.807044757999961, -33.35331259699997 ], [ -70.807009984999979, -33.353280890999933 ], [ -70.806949877999955, -33.353261484999962 ], [ -70.806889523999985, -33.353230151999981 ], [ -70.806843701999981, -33.353214116999936 ], [ -70.806766812999967, -33.353208077999959 ], [ -70.806702589999986, -33.353195888999956 ], [ -70.806624007999972, -33.35317675199996 ], [ -70.806542090999983, -33.353133801999945 ], [ -70.806467032999933, -33.353078822999969 ], [ -70.806409299999984, -33.353036713999977 ], [ -70.806343582999943, -33.353020967999946 ], [ -70.806263554999987, -33.353000657999928 ], [ -70.806173604999969, -33.352981685999957 ], [ -70.806121900999983, -33.352956190999976 ], [ -70.806065441999976, -33.352906905999923 ], [ -70.805976493999935, -33.352867637999964 ], [ -70.805886439999938, -33.352843655999948 ], [ -70.805762061999985, -33.352809673999936 ], [ -70.805683022999972, -33.352782191999957 ], [ -70.805622315999983, -33.352733683999922 ], [ -70.805540468999936, -33.352694072999938 ], [ -70.805472116999965, -33.352647107999907 ], [ -70.805392063999989, -33.352611765999946 ], [ -70.805324139999982, -33.352585553 ], [ -70.805277341999954, -33.352549726999932 ], [ -70.805199506999941, -33.352497888999956 ], [ -70.805128493999973, -33.352445950999929 ], [ -70.805087704999949, -33.352370667999921 ], [ -70.805028934999939, -33.35229206799994 ], [ -70.80492607399998, -33.352184759999943 ], [ -70.804833990999953, -33.352103779999943 ], [ -70.804720359999976, -33.352053177999949 ], [ -70.804650461999984, -33.351972591999981 ], [ -70.804568965999977, -33.351908637999934 ], [ -70.804486750999956, -33.351851135999937 ], [ -70.804353297999967, -33.35174928299994 ], [ -70.804250920999948, -33.351624072999982 ], [ -70.804193650999935, -33.351535427999977 ], [ -70.804123369999957, -33.351436235999969 ], [ -70.804062822999981, -33.351354081999936 ], [ -70.804034909999984, -33.351241388999924 ], [ -70.803929444999937, -33.351090453999973 ], [ -70.803791062999949, -33.350914942999964 ], [ -70.803694716999985, -33.350734842999941 ], [ -70.803441753999948, -33.350362352999973 ], [ -70.803341185999955, -33.350176462999954 ], [ -70.803224212999964, -33.349960252999963 ], [ -70.803134446999934, -33.349794329999952 ], [ -70.802786307999952, -33.349230716999948 ], [ -70.802588682999954, -33.348909177999936 ], [ -70.802377028999956, -33.348568758999939 ], [ -70.802109013999939, -33.348141376999926 ], [ -70.801881615999946, -33.347919499999925 ], [ -70.80165272499994, -33.347625128999944 ], [ -70.80156328399994, -33.347477579999975 ], [ -70.801262130999987, -33.347207156999936 ], [ -70.800962392999963, -33.347005409999952 ], [ -70.800731868999947, -33.346852273999943 ], [ -70.800516319999986, -33.346763802999909 ], [ -70.800263616999985, -33.346637703999932 ], [ -70.799849054999981, -33.346380370999938 ], [ -70.799519848999978, -33.346072183999972 ], [ -70.799231323999948, -33.345751955999965 ], [ -70.799012324999978, -33.345495601999971 ], [ -70.798807870999951, -33.345131994999974 ], [ -70.798688758999958, -33.344798039999944 ], [ -70.798582151999938, -33.344257629999973 ], [ -70.798403592999989, -33.343535065999951 ], [ -70.798328892999962, -33.343219371999965 ], [ -70.798226369999952, -33.342877364999921 ], [ -70.798162955999942, -33.342447008999955 ], [ -70.798141709999982, -33.342077108999938 ], [ -70.798139744999958, -33.341981553999965 ], [ -70.798137159999953, -33.341855812999924 ], [ -70.798124224999981, -33.341668987999974 ], [ -70.798067318999983, -33.341333951999943 ], [ -70.797941442999957, -33.340961749999941 ], [ -70.797778731999983, -33.340567181999972 ], [ -70.797586552999974, -33.340066174999933 ], [ -70.797528081999985, -33.339654830999962 ], [ -70.797494143999984, -33.339330911999959 ], [ -70.797525425999936, -33.33919493099993 ], [ -70.797536631999947, -33.339169169999941 ], [ -70.797623143999942, -33.338970285999949 ], [ -70.79770825199995, -33.338465263999971 ], [ -70.797761385999934, -33.338174434999921 ], [ -70.797831831999986, -33.337901519999953 ], [ -70.79575000799997, -33.338402753999965 ], [ -70.794487775999983, -33.338710311999932 ], [ -70.794384903999969, -33.340104654999948 ], [ -70.794276330999949, -33.340142146999931 ], [ -70.793751372999964, -33.340179447999923 ], [ -70.793304893999959, -33.340402837999925 ], [ -70.793026271999963, -33.340542242999959 ], [ -70.792491577999954, -33.340809769999957 ], [ -70.792043002999947, -33.34103316399996 ], [ -70.79155013899998, -33.340995703999965 ], [ -70.788630608999938, -33.340321253999932 ], [ -70.787988065999969, -33.340172817999928 ], [ -70.784146979999946, -33.339309440999955 ], [ -70.781476951999934, -33.338715474999965 ], [ -70.779120530999933, -33.338164677999941 ], [ -70.778156353999975, -33.337943802999973 ], [ -70.777306992999968, -33.337749229999922 ], [ -70.776064983999959, -33.337480673999941 ], [ -70.775259080999945, -33.33729528799995 ], [ -70.774820520999981, -33.337194403999945 ], [ -70.77455131499994, -33.337132476999955 ], [ -70.773066074999974, -33.336783855999947 ], [ -70.77158157199996, -33.336470995999946 ], [ -70.769810967999945, -33.336066754999926 ], [ -70.768164934999959, -33.335687887999931 ], [ -70.764013898999963, -33.334732445999983 ], [ -70.76378361999997, -33.334679442999963 ], [ -70.763513792999959, -33.334617336999941 ], [ -70.756388165999965, -33.332952639999974 ], [ -70.750020605999964, -33.331515454999924 ], [ -70.745466003999979, -33.330470031999937 ], [ -70.743338283999947, -33.329963053999961 ], [ -70.736570935999964, -33.328411476999975 ], [ -70.73452261999995, -33.327948508999945 ], [ -70.731716911999968, -33.327314351999952 ], [ -70.728019834999941, -33.326478723999976 ], [ -70.725592998999957, -33.325927876999963 ], [ -70.723681604999967, -33.325490160999948 ], [ -70.722887962999948, -33.325308413999949 ], [ -70.719354488999954, -33.324499234999941 ], [ -70.718963307999957, -33.324410632999957 ], [ -70.717409136999947, -33.324058602999976 ], [ -70.714291789999947, -33.323295923999986 ], [ -70.713789468999948, -33.323173027999921 ], [ -70.713228915999935, -33.323035884999975 ], [ -70.712740971999949, -33.322916506999931 ], [ -70.712195415999986, -33.322783032999958 ], [ -70.708644161999985, -33.32191419599998 ], [ -70.708897729999933, -33.321439029999958 ], [ -70.709230392999984, -33.320834357999964 ], [ -70.709401096999954, -33.320532650999944 ], [ -70.709724958999971, -33.320093182999976 ], [ -70.710270626999943, -33.319699360999934 ], [ -70.710634596999967, -33.319534002999944 ], [ -70.710949833999962, -33.319377298999932 ], [ -70.711041220999959, -33.319253522999936 ], [ -70.711183060999986, -33.319094563999954 ], [ -70.711314035999976, -33.318896495999979 ], [ -70.711149998999986, -33.318780000999936 ], [ -70.709992133999947, -33.318276771999933 ], [ -70.709264983999958, -33.317970000999949 ], [ -70.706697936999944, -33.318930952999949 ], [ -70.705040463999978, -33.31886499899997 ], [ -70.703580113999976, -33.318967029999953 ], [ -70.702078378999943, -33.319202367999935 ], [ -70.70128017899998, -33.319370786999976 ], [ -70.700481141999944, -33.319496261999966 ], [ -70.699374123999974, -33.319568679999961 ], [ -70.698798373999978, -33.319776988999926 ], [ -70.698512164999968, -33.319967019999972 ], [ -70.698324982999964, -33.320150000999924 ], [ -70.697169392999967, -33.32107343899996 ], [ -70.696160627999973, -33.321817367999984 ], [ -70.695507096999961, -33.322413273999977 ], [ -70.695053986999937, -33.322791690999956 ], [ -70.694582715999957, -33.323113087999957 ], [ -70.694034982999938, -33.323180000999969 ], [ -70.69349241599997, -33.323170908999948 ], [ -70.692871201999935, -33.323319219999966 ], [ -70.692071188999932, -33.323753401999966 ], [ -70.691526985999985, -33.324213231999984 ], [ -70.691409207999982, -33.324312749999933 ], [ -70.691198649999933, -33.324490662999949 ], [ -70.690680476999944, -33.325328082999931 ], [ -70.690265144999955, -33.326192734999943 ], [ -70.690000642999962, -33.326625833999955 ], [ -70.689784983999971, -33.326930000999937 ], [ -70.688975188999962, -33.32768967099998 ], [ -70.68802799499997, -33.32809946899993 ], [ -70.687836366999989, -33.328182375999958 ], [ -70.686421972999952, -33.328535645999985 ], [ -70.685484601999988, -33.328863337999969 ], [ -70.684727255999974, -33.329093135999969 ], [ -70.68404837199995, -33.329264599999931 ], [ -70.68336678299994, -33.329523792999971 ], [ -70.682973655999945, -33.329673290999942 ], [ -70.682282094999948, -33.330228877999964 ], [ -70.682268251999972, -33.330239998999957 ], [ -70.682046723, -33.330417970999967 ], [ -70.681680231999962, -33.330871522999914 ], [ -70.681133514999942, -33.330821658999966 ], [ -70.68081, -33.330730000999949 ], [ -70.680194983999968, -33.33051 ], [ -70.67849498399994, -33.32979 ], [ -70.677414355999986, -33.32957390699994 ], [ -70.675984983999967, -33.32936 ], [ -70.673564983999952, -33.32936 ], [ -70.672494982999979, -33.32926 ], [ -70.668454982999947, -33.3281 ], [ -70.667764983999973, -33.32787 ], [ -70.667374983999935, -33.32785 ], [ -70.666894982999963, -33.32801 ], [ -70.666334982999956, -33.32833 ], [ -70.665654982999968, -33.32867 ], [ -70.665194983999982, -33.3288 ], [ -70.663614277999955, -33.329026750999951 ], [ -70.662525663999986, -33.329130889999931 ], [ -70.660875674999943, -33.328912313999965 ], [ -70.659264983999947, -33.32838 ], [ -70.658544982999956, -33.32823 ], [ -70.658035532999975, -33.328375557999941 ], [ -70.658001481999975, -33.328385286999946 ], [ -70.657844982999961, -33.32843 ], [ -70.656914982999979, -33.32959 ], [ -70.656194983999967, -33.33037 ], [ -70.655440864999946, -33.33122572499996 ], [ -70.654354982999962, -33.33237 ], [ -70.65187003799997, -33.334127066999926 ], [ -70.651868242999967, -33.334128335999935 ], [ -70.650394982999956, -33.33517 ], [ -70.650194982999949, -33.33548 ], [ -70.650044982999987, -33.33626 ], [ -70.649364983999988, -33.33718 ], [ -70.648664983999936, -33.33763 ], [ -70.648240043999976, -33.337692076999929 ], [ -70.647901668999964, -33.337962777999948 ], [ -70.647504982999976, -33.33856 ], [ -70.647063634999938, -33.339213199999953 ], [ -70.646994823999933, -33.339315039999974 ], [ -70.646754983999983, -33.33967 ], [ -70.646054983999989, -33.3407 ], [ -70.645514982999941, -33.3417 ], [ -70.645244982999941, -33.34196 ], [ -70.644584982999959, -33.34209 ], [ -70.64333920699994, -33.342103921999986 ], [ -70.643322742999942, -33.342104105999972 ], [ -70.642794983999977, -33.34211 ], [ -70.640384982999933, -33.34262 ], [ -70.639224983999952, -33.34257 ], [ -70.638404983999976, -33.34245 ], [ -70.637569946999974, -33.342266410999962 ], [ -70.636994982999965, -33.342140000999947 ], [ -70.636786522999955, -33.341991100999948 ], [ -70.636190082999974, -33.341565072999956 ], [ -70.635804983999947, -33.341290000999955 ], [ -70.634874983999964, -33.34077 ], [ -70.634575662999964, -33.34068164699994 ], [ -70.633214983999949, -33.340280000999932 ], [ -70.63311078299995, -33.340275306999942 ], [ -70.633093285999962, -33.340274518999919 ], [ -70.632266492999989, -33.340237275999954 ], [ -70.632104983999966, -33.340230000999931 ], [ -70.630494982999949, -33.340520000999959 ], [ -70.628914983999948, -33.340360000999951 ], [ -70.627794983999934, -33.340540000999965 ], [ -70.626724982999974, -33.340570000999939 ], [ -70.623864983999965, -33.340650000999972 ], [ -70.622884982999949, -33.341210000999979 ], [ -70.622041339999967, -33.341522876999932 ], [ -70.622020586999952, -33.341530572999929 ], [ -70.621374983999942, -33.341770000999929 ], [ -70.620694983999954, -33.341850000999948 ], [ -70.61988656799997, -33.342057188999931 ], [ -70.619179778999978, -33.342081559999926 ], [ -70.618644983999957, -33.342100000999942 ], [ -70.617414982999946, -33.341660000999966 ], [ -70.615294983999945, -33.34119000099998 ], [ -70.612484982999945, -33.340250000999959 ], [ -70.612306459999957, -33.340207888999942 ], [ -70.612195225999983, -33.340181649999977 ], [ -70.611851436196218, -33.34010055121604 ], [ -70.613491209539106, -33.428898205873836 ] ] ] } },
{ "type": "Feature", "properties": { "tile_id": "T001_002", "row": 1, "col": 2, "area_km2": 553.94018907286568 }, "geometry": { "type": "Polygon", "coordinates": [ [ [ -70.341189205465767, -33.206669080222099 ], [ -70.344646974404611, -33.432104814363676 ], [ -70.613491209539106, -33.428898205873836 ], [ -70.611851436196218, -33.34010055121604 ], [ -70.611590840999952, -33.340039076999965 ], [ -70.608584983999947, -33.339330000999944 ], [ -70.606114982999941, -33.339430000999961 ], [ -70.605084982999983, -33.339480000999956 ], [ -70.604494983999984, -33.339230000999969 ], [ -70.60399498299995, -33.338770000999936 ], [ -70.603064983999957, -33.338280000999937 ], [ -70.602957997999965, -33.338264584999941 ], [ -70.601885067999945, -33.338109974999945 ], [ -70.601111281999977, -33.338232194999925 ], [ -70.599969085999987, -33.33841409799993 ], [ -70.598174754999945, -33.338170798999947 ], [ -70.596806195999989, -33.337532137999958 ], [ -70.596258772999988, -33.337106364999947 ], [ -70.596067196999982, -33.33679278399994 ], [ -70.595924982999975, -33.336560000999945 ], [ -70.595897485999956, -33.33654575599995 ], [ -70.595042276999948, -33.336102755999939 ], [ -70.594464440999957, -33.335585744999939 ], [ -70.593914982999934, -33.33463000099993 ], [ -70.593552068999941, -33.333913062999947 ], [ -70.593324982999945, -33.332980001999921 ], [ -70.593491243999949, -33.332149143999978 ], [ -70.594374983999955, -33.331070001999933 ], [ -70.594894982999961, -33.330550001999931 ], [ -70.59558498399997, -33.329100001999954 ], [ -70.59671495799995, -33.327800170999964 ], [ -70.597444855999981, -33.326766147999933 ], [ -70.598022692999962, -33.325792951999972 ], [ -70.598843826999939, -33.324241918999967 ], [ -70.599604135999982, -33.321352740999949 ], [ -70.600303621999956, -33.318980573 ], [ -70.600334033999957, -33.317885726999975 ], [ -70.600514983999972, -33.316950001999942 ], [ -70.601464982999971, -33.31502000099993 ], [ -70.602994983999963, -33.312710000999978 ], [ -70.603914983999971, -33.31184000199994 ], [ -70.60441498299997, -33.311020000999974 ], [ -70.604560647999961, -33.310601112999962 ], [ -70.604549227999939, -33.310212826999923 ], [ -70.604275143999985, -33.310110045999963 ], [ -70.603875437999989, -33.310075783999949 ], [ -70.603213067999945, -33.309870221999965 ], [ -70.602813361999949, -33.309573296999936 ], [ -70.602539277999938, -33.309287792999939 ], [ -70.602253773999962, -33.309036549999966 ], [ -70.601945428999954, -33.308682524999931 ], [ -70.601637084999936, -33.308385598999969 ], [ -70.601334983999948, -33.308130000999931 ], [ -70.600544982999963, -33.307960001999959 ], [ -70.598714983999969, -33.308020001999971 ], [ -70.597324982999965, -33.307840000999924 ], [ -70.596454982999944, -33.307510001999951 ], [ -70.595604982999987, -33.306600001999975 ], [ -70.594364983999981, -33.305610001999987 ], [ -70.593764983999961, -33.305310001999942 ], [ -70.592426810999939, -33.304625919999971 ], [ -70.591788148999967, -33.30416973399997 ], [ -70.591605674999983, -33.303439835999932 ], [ -70.591727324999965, -33.302649113999948 ], [ -70.592244335999965, -33.301980040999965 ], [ -70.592670108999982, -33.301310967999939 ], [ -70.592949508999936, -33.30067381199995 ], [ -70.592924130999961, -33.299963225999932 ], [ -70.592391188999954, -33.299100367999984 ], [ -70.591254983999988, -33.298150001999936 ], [ -70.590580879999948, -33.297357734999942 ], [ -70.589193541999975, -33.296477958999951 ], [ -70.587332477999951, -33.295665857999957 ], [ -70.586621888999971, -33.295395157999955 ], [ -70.585843625999985, -33.294887594999956 ], [ -70.585099199999945, -33.294346193999964 ], [ -70.58358498399997, -33.293280001999953 ], [ -70.582014982999965, -33.292460002999974 ], [ -70.581454982999958, -33.291550000999948 ], [ -70.580194982999956, -33.290010000999985 ], [ -70.579634982999949, -33.289040001999979 ], [ -70.578285042999937, -33.287838273999952 ], [ -70.576494982999975, -33.286810001999967 ], [ -70.574534983999968, -33.285020001999939 ], [ -70.573692770999969, -33.28370218699996 ], [ -70.573084521999988, -33.282455277999908 ], [ -70.572544982999943, -33.281680001999973 ], [ -70.571746376999954, -33.280022285999969 ], [ -70.57125498399995, -33.279270001999969 ], [ -70.571154982999985, -33.277840001999948 ], [ -70.571244982999985, -33.276780001999946 ], [ -70.571114983999962, -33.275700002999947 ], [ -70.570934983999962, -33.274470001999937 ], [ -70.571594982999954, -33.272310002 ], [ -70.572184983999989, -33.270620001999923 ], [ -70.573004983999965, -33.268980001999978 ], [ -70.57334809699995, -33.267391001999947 ], [ -70.573672494999983, -33.266052855999938 ], [ -70.573161605999985, -33.265100810999968 ], [ -70.571784982999986, -33.263520001999957 ], [ -70.570793454999944, -33.262403367999973 ], [ -70.569634982999958, -33.260950001999959 ], [ -70.568924983999977, -33.259880000999956 ], [ -70.567694982999967, -33.257740001999935 ], [ -70.566404983999973, -33.256010001999975 ], [ -70.565886919999969, -33.255388240999928 ], [ -70.564670423999985, -33.254698892999954 ], [ -70.563535027999933, -33.254131193999953 ], [ -70.563206192999985, -33.253641808999916 ], [ -70.562844542999983, -33.253199793999961 ], [ -70.562060969999948, -33.252998876999975 ], [ -70.561538587999962, -33.252938602999947 ], [ -70.560976022999967, -33.252597045999934 ], [ -70.560554098999944, -33.252255487999953 ], [ -70.560232633999988, -33.251592463999927 ], [ -70.560088289999953, -33.251049404999947 ], [ -70.560374982999974, -33.250070000999969 ], [ -70.560528294999983, -33.250000068999952 ], [ -70.560944982999956, -33.24981000199994 ], [ -70.56143498299997, -33.249630001999925 ], [ -70.56170498299997, -33.2488 ], [ -70.561964983999985, -33.248420001999925 ], [ -70.561994982999977, -33.247990001999931 ], [ -70.562074982999945, -33.247510002999945 ], [ -70.561674984, -33.246640001999943 ], [ -70.560944983999946, -33.245630001999977 ], [ -70.560694982999962, -33.244950001999932 ], [ -70.56003498299998, -33.244370002 ], [ -70.559494982999979, -33.244060001999948 ], [ -70.559084982999934, -33.243690001999937 ], [ -70.558794982999984, -33.24332 ], [ -70.558504982999978, -33.242180001999948 ], [ -70.558404983999935, -33.24162000099993 ], [ -70.558184983999979, -33.241470000999968 ], [ -70.557444983999972, -33.24141 ], [ -70.555664983999975, -33.241470000999968 ], [ -70.553264983999952, -33.241590001999938 ], [ -70.551784983999937, -33.24173000199994 ], [ -70.551294983999981, -33.241700001999959 ], [ -70.550654982999959, -33.241720000999983 ], [ -70.550174982999977, -33.24157000199996 ], [ -70.548744982999949, -33.240870001999944 ], [ -70.546064983999941, -33.240900001999925 ], [ -70.545264982999981, -33.24060000199993 ], [ -70.544844982999962, -33.240090001999931 ], [ -70.544734982999955, -33.23968000199995 ], [ -70.544294983999976, -33.238850001999928 ], [ -70.543714982999973, -33.238570001999953 ], [ -70.542714983999986, -33.23859000199996 ], [ -70.541145595999978, -33.238693645999945 ], [ -70.540040556999941, -33.238834286999975 ], [ -70.537424236999982, -33.239511317999977 ], [ -70.536604982999961, -33.239800002999978 ], [ -70.535864983999943, -33.239880001999964 ], [ -70.534495270999969, -33.239597768999943 ], [ -70.533262978999971, -33.239247112999969 ], [ -70.532173125999975, -33.239115007999928 ], [ -70.530554857999959, -33.239048956999959 ], [ -70.529365927999947, -33.238784749999986 ], [ -70.526974982999945, -33.238840001999961 ], [ -70.524194983999962, -33.238550001999954 ], [ -70.523414983999942, -33.238300001999967 ], [ -70.522874982999951, -33.237920001999953 ], [ -70.522034983999959, -33.236930001999944 ], [ -70.521054982999942, -33.235710001999948 ], [ -70.520034983999949, -33.234900001999961 ], [ -70.518514983999978, -33.233400001999946 ], [ -70.517494982999963, -33.232330001999976 ], [ -70.51556498399998, -33.231210001999948 ], [ -70.515114982999933, -33.229270000999975 ], [ -70.514694983999959, -33.228610002 ], [ -70.513854983999977, -33.225680001999926 ], [ -70.513724982999975, -33.225160001999924 ], [ -70.513704982999968, -33.223960001999956 ], [ -70.513324983999951, -33.220610000999962 ], [ -70.512896782999974, -33.220128991999964 ], [ -70.512134982999953, -33.219880001999961 ], [ -70.510024982999937, -33.219210001999947 ], [ -70.508704983999962, -33.218790000999938 ], [ -70.508404983999981, -33.21872000099993 ], [ -70.507884983999986, -33.218600001999953 ], [ -70.50683498399998, -33.218730001999965 ], [ -70.504094982999959, -33.219940000999934 ], [ -70.50359436399998, -33.220229449999962 ], [ -70.503152348999947, -33.220450457999952 ], [ -70.502529507999952, -33.220550915999972 ], [ -70.501243644999988, -33.220550915999972 ], [ -70.50015869799995, -33.22051073199998 ], [ -70.500000083999964, -33.220468990999954 ], [ -70.499395216999972, -33.220309816999922 ], [ -70.498644982999963, -33.220190001999974 ], [ -70.497546786999976, -33.220028533999937 ], [ -70.496682847999978, -33.219666884999974 ], [ -70.496024983999973, -33.21932000299995 ], [ -70.495184983999934, -33.219000001999973 ], [ -70.494644982999944, -33.218780000999956 ], [ -70.493604983999944, -33.21856000199994 ], [ -70.49317498299996, -33.21843000199992 ], [ -70.492364982999959, -33.218300001999971 ], [ -70.491684982999971, -33.218390002 ], [ -70.490914983999971, -33.218610001999942 ], [ -70.490084982999974, -33.218820000999969 ], [ -70.489514982999935, -33.218850001999961 ], [ -70.48861498399998, -33.218770000999946 ], [ -70.487864982999952, -33.218630001999934 ], [ -70.486534982999956, -33.218460001999958 ], [ -70.485504982999942, -33.21823000199997 ], [ -70.484634983999968, -33.218160001999927 ], [ -70.483674983999947, -33.218050002999966 ], [ -70.482614982999962, -33.218100001999964 ], [ -70.48146679599995, -33.218293956999965 ], [ -70.480395242999975, -33.218481479999973 ], [ -70.478948646999982, -33.218722578999973 ], [ -70.478118192999943, -33.218722578999973 ], [ -70.477100217999975, -33.218776156999986 ], [ -70.476264983999954, -33.218930000999926 ], [ -70.475334983999971, -33.21912000199994 ], [ -70.474794983999971, -33.219090001999959 ], [ -70.473994982999969, -33.218990000999952 ], [ -70.473144982999941, -33.218830001999955 ], [ -70.472844982999959, -33.218660001999957 ], [ -70.472174982999945, -33.218080001999958 ], [ -70.471784982999964, -33.217790001999958 ], [ -70.471164983999984, -33.217240001999976 ], [ -70.470697689999952, -33.216927727999966 ], [ -70.47029585699994, -33.216231217999947 ], [ -70.470242279999979, -33.215534708999932 ], [ -70.470242279999979, -33.215025721999929 ], [ -70.470174983999982, -33.214540001999964 ], [ -70.469954983999969, -33.214210000999962 ], [ -70.469914983999956, -33.214190001999938 ], [ -70.469874982999954, -33.21373000199997 ], [ -70.469934982999973, -33.212710000999948 ], [ -70.469984982999961, -33.211840001999974 ], [ -70.469984982999961, -33.211170000999964 ], [ -70.469974982999986, -33.210520001999939 ], [ -70.469564983999987, -33.209680001999978 ], [ -70.469164982999985, -33.209070001999976 ], [ -70.468534983999973, -33.208440000999929 ], [ -70.467994983, -33.207880001999953 ], [ -70.467224982999937, -33.207200001999979 ], [ -70.466724983999939, -33.206730001999972 ], [ -70.465774983999964, -33.205910001999939 ], [ -70.465215648695946, -33.205270391515789 ], [ -70.341189205465767, -33.206669080222099 ] ] ] } },
{ "type": "Feature", "properties": { "tile_id": "T001_003", "row": 1, "col": 3, "area_km2": 325.931993968602 }, "geometry": { "type": "Polygon", "coordinates": [ [ [ -70.344646974404611, -33.432104814363676 ], [ -70.341189205465767, -33.206669080222099 ], [ -70.227832385889641, -33.207839296312244 ], [ -70.227503063999961, -33.208413553999925 ], [ -70.227321642999982, -33.209734150999964 ], [ -70.226643731999957, -33.211194267999943 ], [ -70.225374629999976, -33.212290831999915 ], [ -70.223851001999947, -33.213745203999956 ], [ -70.223000968999941, -33.214289224999959 ], [ -70.222119606999968, -33.214853296999927 ], [ -70.219617894999942, -33.216348241999981 ], [ -70.21833, -33.217320002999941 ], [ -70.217889440999954, -33.217738519999948 ], [ -70.217857161999973, -33.218948624999918 ], [ -70.217900520999933, -33.219902545999958 ], [ -70.217987241999936, -33.220552947999977 ], [ -70.217597001999934, -33.221376789999944 ], [ -70.217380200999969, -33.222113910999937 ], [ -70.217597001999934, -33.222981111999957 ], [ -70.218334122999977, -33.223414712999947 ], [ -70.218897802999948, -33.223761593999946 ], [ -70.2202, -33.224270002999944 ], [ -70.220415406999962, -33.225582716999959 ], [ -70.22071892699995, -33.22697023999995 ], [ -70.221759568999971, -33.227490560999946 ], [ -70.22276, -33.227910001999923 ], [ -70.222973650999961, -33.22918160399994 ], [ -70.223320531999946, -33.230265605999939 ], [ -70.223147092, -33.23165312899993 ], [ -70.22292, -33.232140001999937 ], [ -70.222368533999941, -33.232929804999962 ], [ -70.222279889999982, -33.234037932999968 ], [ -70.221933009999987, -33.234948494999969 ], [ -70.221511171999964, -33.236336168 ], [ -70.220820298999968, -33.237352719999933 ], [ -70.219735312999944, -33.237875245999938 ], [ -70.218979118999982, -33.238404822999939 ], [ -70.217781867999975, -33.238526393999955 ], [ -70.215212195999982, -33.237246579999976 ], [ -70.21432, -33.237050002999965 ], [ -70.214431714999932, -33.237983700999962 ], [ -70.21535486199997, -33.238999955999915 ], [ -70.215949317999957, -33.239804823999968 ], [ -70.216382918999955, -33.24071538599997 ], [ -70.216355826999973, -33.241419778999948 ], [ -70.215559076999966, -33.242579869999908 ], [ -70.214466932999983, -33.243853969999975 ], [ -70.213631586999952, -33.245400742999941 ], [ -70.213129998999989, -33.24582000299997 ], [ -70.21139650899994, -33.246395556999978 ], [ -70.209852672999943, -33.247702187999941 ], [ -70.209151457999951, -33.248559228999952 ], [ -70.208255461999954, -33.249766876999956 ], [ -70.208342657999935, -33.250000068999924 ], [ -70.208664824999971, -33.250861644999922 ], [ -70.209011704999966, -33.251989006999956 ], [ -70.209878905999972, -33.252682767999943 ], [ -70.210789468999963, -33.253073009999973 ], [ -70.210787626999945, -33.253974165999978 ], [ -70.210261695999975, -33.255200890999944 ], [ -70.21007382099998, -33.257117219999934 ], [ -70.21070274799996, -33.257669178999933 ], [ -70.21070274799996, -33.259100060999955 ], [ -70.20950206599997, -33.26012927499994 ], [ -70.20876, -33.260200002999959 ], [ -70.208270216999949, -33.260611703999984 ], [ -70.20706781399997, -33.261137754999936 ], [ -70.206063218999986, -33.26131142399997 ], [ -70.205602384999963, -33.261851681999914 ], [ -70.204669998999975, -33.26221000299995 ], [ -70.203761205999967, -33.263730436999943 ], [ -70.202295775999971, -33.265195865999949 ], [ -70.200970616999939, -33.266284384999956 ], [ -70.199996707999958, -33.267141425999981 ], [ -70.199061753999956, -33.268426985999952 ], [ -70.198141862999933, -33.269852548999943 ], [ -70.197903247999989, -33.27108388299996 ], [ -70.197993427999961, -33.271955625999958 ], [ -70.19814372899998, -33.272947607999981 ], [ -70.198835109999948, -33.274089889999985 ], [ -70.199225890999983, -33.275051812999941 ], [ -70.199766972999953, -33.276133975999983 ], [ -70.200097633999974, -33.27799769999995 ], [ -70.199529230999985, -33.279256861999926 ], [ -70.198865169999976, -33.280342385999958 ], [ -70.199165770999969, -33.281244187999967 ], [ -70.19893, -33.282350002999976 ], [ -70.198744929999989, -33.283648993999975 ], [ -70.198744929999989, -33.284550795999962 ], [ -70.198895229999948, -33.285302298999952 ], [ -70.198865169999976, -33.286474640999977 ], [ -70.198835109999948, -33.287767223999921 ], [ -70.199045530999967, -33.289781249999983 ], [ -70.198865444999967, -33.291273241999939 ], [ -70.19750349899995, -33.292696815999932 ], [ -70.196529588999965, -33.293748637999947 ], [ -70.195984198999952, -33.294332983999929 ], [ -70.195088202999955, -33.295735413999985 ], [ -70.193880554999964, -33.296592453999942 ], [ -70.193, -33.297020002999922 ], [ -70.192522494999935, -33.29750668999997 ], [ -70.192282013999943, -33.298168009999976 ], [ -70.191740932999949, -33.298739152999936 ], [ -70.19135, -33.299330001999962 ], [ -70.191103990999977, -33.300118697999935 ], [ -70.190296565999972, -33.301384090999917 ], [ -70.189751176999948, -33.3022800869999 ], [ -70.188699354999983, -33.303565647999967 ], [ -70.187955945999988, -33.304632278999968 ], [ -70.18778, -33.305650003 ], [ -70.187412281999968, -33.306224111999938 ], [ -70.187051561999965, -33.30703573299995 ], [ -70.186660778999965, -33.307546754999969 ], [ -70.186439883999981, -33.308201457999928 ], [ -70.186390238999934, -33.309109877999965 ], [ -70.186540538999964, -33.310101861999954 ], [ -70.186420298999963, -33.311214083999957 ], [ -70.18608927799994, -33.31217501 ], [ -70.185504930999969, -33.313187874999983 ], [ -70.184647890999941, -33.314746129999953 ], [ -70.18431, -33.315690002999922 ], [ -70.183504471999981, -33.31785736099993 ], [ -70.18284314999994, -33.318879403999958 ], [ -70.1825, -33.320400001999921 ], [ -70.18229596499998, -33.321239888999976 ], [ -70.182061588999943, -33.321825290999982 ], [ -70.182315273999976, -33.322726802999952 ], [ -70.182411826999953, -33.323267498999918 ], [ -70.182585621999976, -33.324175095999962 ], [ -70.182720796999945, -33.325102003 ], [ -70.18278, -33.326300002999972 ], [ -70.182624242999964, -33.327129611999958 ], [ -70.182431974999986, -33.32830275099996 ], [ -70.181907238999941, -33.329004549999972 ], [ -70.181781573999956, -33.33008051399996 ], [ -70.181781572999967, -33.330451030999924 ], [ -70.181486809999967, -33.330815601999966 ], [ -70.18122, -33.331010002999946 ], [ -70.181610686999989, -33.332707037999967 ], [ -70.181929062999984, -33.333733828999982 ], [ -70.182315273999976, -33.335838680999984 ], [ -70.181941347999953, -33.337005628999968 ], [ -70.181735956999944, -33.337827669999967 ], [ -70.181253192999975, -33.338851129999973 ], [ -70.180349153999941, -33.339678183999951 ], [ -70.179380066999954, -33.340762876999982 ], [ -70.178832934999946, -33.341129777999981 ], [ -70.178569022999966, -33.341863579999945 ], [ -70.178266490999988, -33.342700370999985 ], [ -70.178214995999951, -33.343498541999963 ], [ -70.177777289999938, -33.343987742999957 ], [ -70.177131735999978, -33.344340285999969 ], [ -70.176229933999934, -33.344911428999978 ], [ -70.175571051999952, -33.345677502999926 ], [ -70.175688851999951, -33.346594792999959 ], [ -70.176169812999944, -33.347165934999957 ], [ -70.177432335999981, -33.347857315999917 ], [ -70.178454378999959, -33.348368335999957 ], [ -70.179205880999987, -33.349089779999929 ], [ -70.17985, -33.349810002999959 ], [ -70.179746961999967, -33.350803203999924 ], [ -70.179416300999947, -33.352125846999961 ], [ -70.178484439999977, -33.353478549999977 ], [ -70.177913297999964, -33.354199992999938 ], [ -70.177210000999935, -33.355700002999974 ], [ -70.17716179599995, -33.356153897999924 ], [ -70.177973417999965, -33.356694977999943 ], [ -70.178424318999987, -33.35702563899995 ], [ -70.179055580999943, -33.357536660999983 ], [ -70.179897262999987, -33.358468522999935 ], [ -70.180618703999983, -33.359099784999941 ], [ -70.181310085999954, -33.359821226999941 ], [ -70.181550565999942, -33.360813209999954 ], [ -70.181730927999979, -33.362015610999947 ], [ -70.182241948999945, -33.362466512999937 ], [ -70.183504471999981, -33.362496571999934 ], [ -70.18472000099996, -33.362500001999933 ], [ -70.187231920999977, -33.363097774999972 ], [ -70.189095645999942, -33.36381921699995 ], [ -70.190418288999979, -33.364570717999975 ], [ -70.190929309999945, -33.365201979999931 ], [ -70.191560571999958, -33.366013601999946 ], [ -70.191951353999968, -33.366735043999938 ], [ -70.192131712999981, -33.367606785999946 ], [ -70.19207159399997, -33.368598767999963 ], [ -70.192221893999942, -33.369199969999933 ], [ -70.193334116999949, -33.370191951999963 ], [ -70.193905258999962, -33.370823214999973 ], [ -70.194265978999965, -33.371604775999977 ], [ -70.194326098999966, -33.372506578999946 ], [ -70.194386218999966, -33.373468499999937 ], [ -70.194085617999974, -33.374159882999948 ], [ -70.193424296999979, -33.374971504999962 ], [ -70.193243936999977, -33.375332225999955 ], [ -70.193364176999978, -33.37608372699998 ], [ -70.193785017999971, -33.37662480799996 ], [ -70.194506458999967, -33.377346250999942 ], [ -70.195468380999955, -33.377917390999976 ], [ -70.197061564999956, -33.378759074999962 ], [ -70.19793330899995, -33.379991536999967 ], [ -70.198594629999945, -33.381314180999937 ], [ -70.198925289999977, -33.382125802999951 ], [ -70.198835109999948, -33.382757064999964 ], [ -70.198895229999948, -33.383448445999917 ], [ -70.198744929999989, -33.384260067999939 ], [ -70.199466371999961, -33.385402350999954 ], [ -70.200187813999946, -33.386454452999935 ], [ -70.200849134999956, -33.387205955999931 ], [ -70.201570576999984, -33.388498538999947 ], [ -70.202261958999941, -33.389851241999942 ], [ -70.202803039999935, -33.390813163999937 ], [ -70.203704842999969, -33.391474485999915 ], [ -70.204306044999953, -33.391745027999939 ], [ -70.20508760599995, -33.392286107999951 ], [ -70.205899227999964, -33.392646829999947 ], [ -70.207251931999963, -33.393398331999933 ], [ -70.208935294999947, -33.394089711999982 ], [ -70.210799020999957, -33.39487127499995 ], [ -70.21257256399997, -33.395352235999937 ], [ -70.214406228999962, -33.395893317999942 ], [ -70.215338091999968, -33.397726981999931 ], [ -70.216420253999956, -33.398779084999923 ], [ -70.217261936999932, -33.400011547999959 ], [ -70.218013438999947, -33.400913349999932 ], [ -70.218103618999976, -33.401574671999981 ], [ -70.218043497999986, -33.402356233999967 ], [ -70.217772958999944, -33.402867254999933 ], [ -70.217508704999943, -33.403325432999964 ], [ -70.216871155999968, -33.404610738999963 ], [ -70.216931275999968, -33.406113743999981 ], [ -70.21711163599997, -33.407406326999926 ], [ -70.217231875999971, -33.408488488999971 ], [ -70.217622657999982, -33.409540591999928 ], [ -70.218193799999938, -33.41125401599993 ], [ -70.219215841999983, -33.412456418999959 ], [ -70.220027463999941, -33.412967440999971 ], [ -70.221139685999958, -33.413508521 ], [ -70.222372148999966, -33.414139783999914 ], [ -70.223190451999983, -33.414329152999983 ], [ -70.224014293999971, -33.414632673999947 ], [ -70.225098294999952, -33.415716674999942 ], [ -70.226442456999976, -33.416844037999944 ], [ -70.228033133999986, -33.418603062999978 ], [ -70.229796987999975, -33.419580657999958 ], [ -70.231540472999953, -33.420873239999928 ], [ -70.232833056999937, -33.421534561999977 ], [ -70.234095578999984, -33.422616723999973 ], [ -70.235117620999972, -33.423067624999923 ], [ -70.235625611999978, -33.423210498999929 ], [ -70.236090900999955, -33.423588017999968 ], [ -70.236109603999978, -33.423999487999929 ], [ -70.235959303999948, -33.424630749999949 ], [ -70.235929243999976, -33.425231950999958 ], [ -70.236079543999949, -33.426043572999951 ], [ -70.236680745999934, -33.426494474999956 ], [ -70.237372127999947, -33.428177838999922 ], [ -70.238033449999989, -33.429139760999909 ], [ -70.238875130999986, -33.429801082999958 ], [ -70.240318014999957, -33.430191863999923 ], [ -70.241279936999945, -33.430732944999932 ], [ -70.241460297999936, -33.431514506999974 ], [ -70.242211798999961, -33.432145768999924 ], [ -70.242752880999944, -33.43286721 ], [ -70.242855588265456, -33.433166775726576 ], [ -70.344646974404611, -33.432104814363676 ] ] ] } },
{ "type": "Feature", "properties": { "tile_id": "T002_000", "row": 2, "col": 0, "area_km2": 52.44044277462271 }, "geometry": { "type": "Polygon", "coordinates": [ [ [ -70.882289019020291, -33.425109309356365 ], [ -70.884521437480913, -33.528249799009551 ], [ -70.884660606999944, -33.528274001999925 ], [ -70.885033529999987, -33.528367233 ], [ -70.88555562199997, -33.528348587999965 ], [ -70.885909896999976, -33.528311293999941 ], [ -70.886357404999956, -33.528106186999928 ], [ -70.886674389999939, -33.527919725999929 ], [ -70.887103249999939, -33.527658679999938 ], [ -70.887420233999933, -33.527397634999936 ], [ -70.888016910999966, -33.526912834999962 ], [ -70.888277956999957, -33.526745019999979 ], [ -70.88870681799996, -33.526428034999974 ], [ -70.888874633999933, -33.52611105099993 ], [ -70.888911924999945, -33.525887297999923 ], [ -70.888911924999945, -33.525533019999962 ], [ -70.888911924999945, -33.525122805999956 ], [ -70.889117032999934, -33.524861760999954 ], [ -70.889452662999986, -33.524414252999982 ], [ -70.889601831999983, -33.52419049999996 ], [ -70.889695062999976, -33.523910806999943 ], [ -70.890012046999971, -33.523537884999939 ], [ -70.890273093999951, -33.523071730999952 ], [ -70.89045955399996, -33.522792038999974 ], [ -70.890795184999945, -33.522624223999962 ], [ -70.891224045999934, -33.522363178999967 ], [ -70.891485091999982, -33.522139425 ], [ -70.891708844999982, -33.521915670999924 ], [ -70.891876660999969, -33.521654624999947 ], [ -70.892044476999956, -33.521300348999929 ], [ -70.892063121999968, -33.520927426999947 ], [ -70.892212289999975, -33.520517210999955 ], [ -70.892380105999962, -33.520200225999929 ], [ -70.892491982999957, -33.520032411999971 ], [ -70.892753028999948, -33.51984594999994 ], [ -70.893275121, -33.519734073999977 ], [ -70.893927734999977, -33.51964084299992 ], [ -70.894375241999967, -33.519417088999937 ], [ -70.895027857999935, -33.519211981999945 ], [ -70.895755055999985, -33.518988227999948 ], [ -70.896034748, -33.518764473999966 ], [ -70.896631424999953, -33.518447489999978 ], [ -70.897284039999988, -33.518279674999967 ], [ -70.897806130999982, -33.51811185899993 ], [ -70.898104469999964, -33.517944044999972 ], [ -70.898272284999962, -33.517720290999918 ], [ -70.898440099999959, -33.51742195199995 ], [ -70.898533329999964, -33.517198198999935 ], [ -70.898626560999958, -33.516918507999932 ], [ -70.898831668999946, -33.51654558499996 ], [ -70.899036775999946, -33.51630318499997 ], [ -70.899372406999987, -33.515911615999983 ], [ -70.899465635999945, -33.515687863 ], [ -70.899652098999979, -33.515352231999934 ], [ -70.899857205999979, -33.515091185999957 ], [ -70.900099605999969, -33.514718262999963 ], [ -70.90034200599996, -33.514363986999975 ], [ -70.900547112999959, -33.514047002999988 ], [ -70.900677635999955, -33.51384189499997 ], [ -70.901050558999941, -33.51341303399991 ], [ -70.901460773999986, -33.513133341999939 ], [ -70.901740464999989, -33.512928233999965 ], [ -70.902337141999965, -33.512555311999947 ], [ -70.902579540999966, -33.512312911999985 ], [ -70.902821939999967, -33.51212645199994 ], [ -70.903288093999947, -33.511846758999972 ], [ -70.903586432999987, -33.511567065999934 ], [ -70.903716955999982, -33.511455189999936 ], [ -70.903735601999983, -33.511082266999942 ], [ -70.903698308999935, -33.510858513999928 ], [ -70.903698309999982, -33.510746636999954 ], [ -70.90384, -33.510570000999969 ], [ -70.904183108999987, -33.510597467999958 ], [ -70.904481446999966, -33.510653406999964 ], [ -70.904761138999959, -33.510765282999955 ], [ -70.904966245999958, -33.510858513999942 ], [ -70.905432400999985, -33.510914451999945 ], [ -70.905786676999981, -33.510914451999959 ], [ -70.906396723999933, -33.510810109999952 ], [ -70.906642115999944, -33.510672688999925 ], [ -70.906980028999953, -33.510485591999945 ], [ -70.907166489999952, -33.510243191999962 ], [ -70.907315658999948, -33.51011266899998 ], [ -70.907781811999939, -33.509982145999984 ], [ -70.908415780999988, -33.509851621999921 ], [ -70.908714118999967, -33.509739746 ], [ -70.909404026999937, -33.509422761999922 ], [ -70.909832886999936, -33.50923630099993 ], [ -70.910149871999977, -33.509087130999944 ], [ -70.910336332999975, -33.508900669999932 ], [ -70.910522792999984, -33.508714208999955 ], [ -70.91067196399996, -33.508620977999939 ], [ -70.910872694999966, -33.50870954399992 ], [ -70.91102974599994, -33.508846964999975 ], [ -70.911194054999953, -33.509105776999938 ], [ -70.911361869999951, -33.509404115999978 ], [ -70.911492393999936, -33.509590576999983 ], [ -70.91179073099994, -33.50981433 ], [ -70.912294176999978, -33.510094021999976 ], [ -70.912834914999962, -33.510187252999955 ], [ -70.913319714999943, -33.51029912999995 ], [ -70.914028267999981, -33.510336420999977 ], [ -70.91512838899996, -33.510466944999962 ], [ -70.915675528999941, -33.510538212999961 ], [ -70.916138831999945, -33.510585328999973 ], [ -70.916445507999981, -33.510612963999968 ], [ -70.916631472999939, -33.510612962999964 ], [ -70.916823073999979, -33.510556609999959 ], [ -70.91697, -33.510480000999962 ], [ -70.917066130999956, -33.51045698099994 ], [ -70.917245725999976, -33.510455172999976 ], [ -70.917481622999958, -33.510506803999924 ], [ -70.918018539999935, -33.510690698999944 ], [ -70.918565279999939, -33.511001516999947 ], [ -70.9187773, -33.511111451999952 ], [ -70.919020728999953, -33.511142862999982 ], [ -70.919305122999958, -33.511287374999945 ], [ -70.919546851999939, -33.511472670999979 ], [ -70.919752630999938, -33.511734881999914 ], [ -70.92001367599994, -33.511977281999961 ], [ -70.92041, -33.512060001999934 ], [ -70.920927010999947, -33.511268548999965 ], [ -70.921371886999964, -33.510904754999949 ], [ -70.922143198999947, -33.510274019999933 ], [ -70.922816335999983, -33.509851552999976 ], [ -70.923288668999987, -33.50937922199995 ], [ -70.923895951999953, -33.508974365999954 ], [ -70.924604944999942, -33.508612770999953 ], [ -70.925018104999936, -33.50854391099994 ], [ -70.925650325999982, -33.508502034999943 ], [ -70.92652751199995, -33.508434559999948 ], [ -70.927809555999943, -33.50816465599997 ], [ -70.928754218999984, -33.507354943999928 ], [ -70.929631405999956, -33.506612709999949 ], [ -70.929968785999961, -33.505870472999966 ], [ -70.929968784999971, -33.505465617999953 ], [ -70.929968784999971, -33.504520954999961 ], [ -70.929766357999938, -33.503711242999941 ], [ -70.929226550999942, -33.502631629999925 ], [ -70.928754218999984, -33.50134958599994 ], [ -70.928416838999965, -33.500539874999951 ], [ -70.928360002999966, -33.499999931999987 ], [ -70.928281887999958, -33.49925783299993 ], [ -70.927742078999984, -33.498515595999933 ], [ -70.927067320999981, -33.497975789999956 ], [ -70.926372297999933, -33.497684071999956 ], [ -70.925852753999948, -33.49703112599996 ], [ -70.925380421999932, -33.495074323999965 ], [ -70.92463818799996, -33.492172858999922 ], [ -70.924098378999986, -33.491093242999966 ], [ -70.923954794999986, -33.490295614999958 ], [ -70.923458846999949, -33.489501644999969 ], [ -70.922927066999989, -33.489147238999962 ], [ -70.922350168999984, -33.488812618999916 ], [ -70.921570434, -33.488576579999972 ], [ -70.920926491999978, -33.488300254999956 ], [ -70.920432392999942, -33.488102736999956 ], [ -70.921677984999974, -33.487019685999918 ], [ -70.922473306999962, -33.485900274999956 ], [ -70.923336921999976, -33.484779798999973 ], [ -70.924338406999937, -33.483714437999936 ], [ -70.924300806999952, -33.483198558999959 ], [ -70.925447897999959, -33.481714088999958 ], [ -70.926968674999955, -33.480085116999945 ], [ -70.928263529999981, -33.478900637999971 ], [ -70.929463040999963, -33.477526755999982 ], [ -70.929968785999961, -33.476720868999962 ], [ -70.931183351999948, -33.475438826999934 ], [ -70.931993064999972, -33.474899018999956 ], [ -70.932397918999982, -33.474831543999962 ], [ -70.933140154999933, -33.475168922999963 ], [ -70.933949864999988, -33.47557377899993 ], [ -70.934962004999988, -33.475776205999971 ], [ -70.935831014999962, -33.476072219999914 ], [ -70.936874976999945, -33.475903205999927 ], [ -70.937955970999951, -33.475351855999982 ], [ -70.939971951999951, -33.473831490999935 ], [ -70.941998931999933, -33.472807194999973 ], [ -70.943462642999975, -33.472058924999935 ], [ -70.944410352999967, -33.471662308999932 ], [ -70.945963383999981, -33.470836258999952 ], [ -70.947115971999949, -33.470436405999976 ], [ -70.947946394999974, -33.469888907999987 ], [ -70.948592143999974, -33.468691232999959 ], [ -70.948794570999951, -33.467679093999948 ], [ -70.94879457199994, -33.466329574999961 ], [ -70.948862047999967, -33.465249959999944 ], [ -70.94919942699994, -33.464305296999946 ], [ -70.949401854999962, -33.463428109999917 ], [ -70.949223591999953, -33.461833036999977 ], [ -70.949314773999959, -33.460819971999982 ], [ -70.949145170999941, -33.460364541999965 ], [ -70.949022506999938, -33.458954003999956 ], [ -70.949109418999967, -33.457750130999962 ], [ -70.94953564399998, -33.456445483999971 ], [ -70.949855304999986, -33.455466996999981 ], [ -70.949863542999935, -33.454817895999945 ], [ -70.95007835399997, -33.454241893999942 ], [ -70.951200352999933, -33.452487281999929 ], [ -70.952516807999984, -33.451283131999951 ], [ -70.953033059999939, -33.450950512999952 ], [ -70.954200836999973, -33.450225872999958 ], [ -70.954819749999956, -33.449395355999954 ], [ -70.955098945999964, -33.448646544 ], [ -70.955153096999936, -33.448015805999944 ], [ -70.955223583999953, -33.447098498999921 ], [ -70.955080217999978, -33.446128107999975 ], [ -70.955172638999954, -33.445203903999982 ], [ -70.955117186999985, -33.444538476999959 ], [ -70.95504324999996, -33.444002437999984 ], [ -70.954799929999979, -33.443320281999938 ], [ -70.954327597999963, -33.442510569999982 ], [ -70.954192645999967, -33.441768334999942 ], [ -70.953922741999975, -33.440756195999938 ], [ -70.953235020999969, -33.439647580999981 ], [ -70.951397865999979, -33.436908833999951 ], [ -70.950751373999935, -33.43603288099996 ], [ -70.950144089999981, -33.435088217999976 ], [ -70.949671758999955, -33.43454841099998 ], [ -70.949481934999937, -33.434232036999958 ], [ -70.949064474999943, -33.433536270999973 ], [ -70.948659618999955, -33.432591607999953 ], [ -70.948389714999976, -33.431579469999981 ], [ -70.948187287999986, -33.431107137999959 ], [ -70.948187288999975, -33.430027522999978 ], [ -70.948119811999959, -33.42827314799996 ], [ -70.948147407999954, -33.428052383999962 ], [ -70.948254763999955, -33.427193533999947 ], [ -70.948254763999955, -33.426316346999954 ], [ -70.94778243199994, -33.425236731 ], [ -70.947404774679924, -33.424103758371757 ], [ -70.882289019020291, -33.425109309356365 ] ] ] } },
{ "type": "Feature", "properties": { "tile_id": "T002_001", "row": 2, "col": 1, "area_km2": 367.5730301261998 }, "geometry": { "type": "Polygon", "coordinates": [ [ [ -70.882289019020291, -33.425109309356365 ], [ -70.613491209539106, -33.428898205873836 ], [ -70.616734676085144, -33.603397467559354 ], [ -70.623427259999971, -33.604341712999933 ], [ -70.624485934999939, -33.604436470999936 ], [ -70.626997576999941, -33.60466127799998 ], [ -70.626953828999945, -33.605975366999914 ], [ -70.626766750999934, -33.609577900999959 ], [ -70.626682326999969, -33.611459207999935 ], [ -70.626635415999942, -33.612999772999949 ], [ -70.626603597999974, -33.614273617999963 ], [ -70.626593127999968, -33.614710241999951 ], [ -70.626573907999955, -33.615496835999963 ], [ -70.626537578999944, -33.617266277999938 ], [ -70.626519305999977, -33.618622633999969 ], [ -70.626671883999961, -33.619229545999922 ], [ -70.626917211999967, -33.620218907999956 ], [ -70.627031408999983, -33.620680295999925 ], [ -70.627124758999969, -33.62105665699994 ], [ -70.627186793999954, -33.621303391999966 ], [ -70.627267657999937, -33.621622353999953 ], [ -70.62731430499997, -33.62180904399996 ], [ -70.627358340999933, -33.621951625999941 ], [ -70.627435090999938, -33.622279291999973 ], [ -70.627490460999979, -33.622512693 ], [ -70.627600900999937, -33.622982479999955 ], [ -70.628070734999937, -33.624969703999938 ], [ -70.628203921999955, -33.625530098999945 ], [ -70.628350868999973, -33.626153433999939 ], [ -70.628492371999982, -33.626809997999935 ], [ -70.628627403999985, -33.62738756199996 ], [ -70.629669105999938, -33.627374165999981 ], [ -70.630345433999935, -33.627362386999941 ], [ -70.63101837499994, -33.627352556999966 ], [ -70.635433489999969, -33.627284700999951 ], [ -70.641021425999952, -33.627194428999928 ], [ -70.6432, -33.62717 ], [ -70.644747620999965, -33.627140216999976 ], [ -70.644309998999972, -33.625200000999932 ], [ -70.64385774699997, -33.623169111999964 ], [ -70.643490088999954, -33.621538331999922 ], [ -70.646257577999961, -33.621344044999923 ], [ -70.645877859999985, -33.619838387999941 ], [ -70.645511174999967, -33.618312394999975 ], [ -70.645288077999965, -33.617378132999931 ], [ -70.645018274999984, -33.616266970999959 ], [ -70.644066875999954, -33.612301638999966 ], [ -70.643720859999974, -33.610899436999929 ], [ -70.643461426999977, -33.609874028999954 ], [ -70.644418402999975, -33.609792494999958 ], [ -70.644826667999951, -33.609757693999953 ], [ -70.647409842999934, -33.609537084999943 ], [ -70.649814436999975, -33.609332521999924 ], [ -70.651473175999968, -33.609191498999948 ], [ -70.652795273999971, -33.609076487999957 ], [ -70.654213020999975, -33.608953024999956 ], [ -70.655738388999964, -33.608820946999955 ], [ -70.656660812999974, -33.608742739999961 ], [ -70.65694948099997, -33.608717398999929 ], [ -70.658263008999938, -33.608602443999978 ], [ -70.65997727499996, -33.60845930399995 ], [ -70.661824503999981, -33.608297426999968 ], [ -70.663226255999973, -33.608174075999941 ], [ -70.664774959999988, -33.608041095999958 ], [ -70.666445830999976, -33.607884975999987 ], [ -70.667257099999972, -33.607810812999944 ], [ -70.668880243999979, -33.607657093999919 ], [ -70.670483897999986, -33.607491208999924 ], [ -70.670644145999972, -33.607461127999947 ], [ -70.670606415999941, -33.607323486999974 ], [ -70.669678600999987, -33.60468037899993 ], [ -70.668868363999934, -33.602364945999966 ], [ -70.668484847999935, -33.601328621999983 ], [ -70.667943420999961, -33.599643042999951 ], [ -70.667353879999951, -33.597974810999972 ], [ -70.667052444999968, -33.59713469899998 ], [ -70.666869274999968, -33.596528254999939 ], [ -70.666690120999988, -33.595952535999956 ], [ -70.666484470999933, -33.595311079999931 ], [ -70.665950390999967, -33.593691959999951 ], [ -70.665629523999939, -33.59270703499994 ], [ -70.665297590999955, -33.591745666999948 ], [ -70.664927722999948, -33.590501998999969 ], [ -70.664680865999969, -33.58971166799995 ], [ -70.664548899999943, -33.58927396099994 ], [ -70.664127956999948, -33.587943080999935 ], [ -70.663834906, -33.586998256999948 ], [ -70.663466817999961, -33.585845040999956 ], [ -70.663381601999959, -33.585572023999923 ], [ -70.663315731999944, -33.585367930999936 ], [ -70.663237562999939, -33.585197187999938 ], [ -70.66368, -33.585120000999943 ], [ -70.6654, -33.584770000999967 ], [ -70.667212950999954, -33.584415834999952 ], [ -70.668357905999983, -33.584182794999954 ], [ -70.671324216999949, -33.583580133999924 ], [ -70.67468060899995, -33.582896246999951 ], [ -70.676755992999972, -33.582485896999977 ], [ -70.678298842999936, -33.581869425999976 ], [ -70.680854606999958, -33.580831170999936 ], [ -70.683370388999947, -33.579860627999956 ], [ -70.68522, -33.57912 ], [ -70.685780000999955, -33.578890000999934 ], [ -70.686219998999945, -33.578720000999951 ], [ -70.686959998999953, -33.578440000999926 ], [ -70.689223682999966, -33.577529469999938 ], [ -70.690201541999954, -33.577155349999948 ], [ -70.691106697999942, -33.576795576999984 ], [ -70.691704249999987, -33.576565985999927 ], [ -70.693315323999968, -33.57592167599995 ], [ -70.694666884999947, -33.575418332999966 ], [ -70.696280230999946, -33.57477586199996 ], [ -70.69790745499995, -33.57414463199995 ], [ -70.700803732999987, -33.572993926999978 ], [ -70.700510116999965, -33.572324151999958 ], [ -70.699886574999937, -33.570992733999965 ], [ -70.699278299999946, -33.569624833999967 ], [ -70.699006308999969, -33.569010112999912 ], [ -70.698717650999981, -33.568410055999941 ], [ -70.698242525999945, -33.567325892999975 ], [ -70.69790470199996, -33.566594715999933 ], [ -70.697203084999956, -33.565041497999964 ], [ -70.696826911999949, -33.564242567999933 ], [ -70.696727094999972, -33.564020843999955 ], [ -70.696716142999946, -33.563970887999965 ], [ -70.696732094999959, -33.563912211999934 ], [ -70.696752601999947, -33.563867788999971 ], [ -70.696818767999957, -33.563826318999908 ], [ -70.696900815999982, -33.563795368999926 ], [ -70.696962987999939, -33.563768270999944 ], [ -70.697018059999948, -33.563742461999929 ], [ -70.697061453999936, -33.563702497999941 ], [ -70.697104708999973, -33.563655376999975 ], [ -70.697116363999953, -33.563595566999929 ], [ -70.697100086999967, -33.563491997999947 ], [ -70.697042543999942, -33.563245833999929 ], [ -70.696887080999943, -33.562583458999931 ], [ -70.696613950999961, -33.561296366999969 ], [ -70.695856168999967, -33.557627231999973 ], [ -70.695576363999976, -33.556316208999931 ], [ -70.695572354999968, -33.556111054999967 ], [ -70.69557072799995, -33.556001666999961 ], [ -70.695543961999988, -33.555934240999932 ], [ -70.695482919999961, -33.555888589999931 ], [ -70.695431572999951, -33.555866387999977 ], [ -70.695301874999984, -33.555858142999945 ], [ -70.693331622999949, -33.556112664999944 ], [ -70.693218320999961, -33.556128363999953 ], [ -70.693120000999954, -33.55614000099996 ], [ -70.69306477799995, -33.556089240999952 ], [ -70.693033955999965, -33.556028579999975 ], [ -70.692695369999967, -33.555267773999965 ], [ -70.690711970999985, -33.550942770999917 ], [ -70.69049, -33.550410000999925 ], [ -70.690079998999977, -33.54953000099993 ], [ -70.689508908999983, -33.548289089999983 ], [ -70.689355243999955, -33.547959809999945 ], [ -70.68923717499996, -33.547706806999933 ], [ -70.689011719999939, -33.547223684999935 ], [ -70.688808706999964, -33.546788658999951 ], [ -70.688452886999983, -33.54601080999997 ], [ -70.688077483999962, -33.545178500999945 ], [ -70.68714, -33.543100000999978 ], [ -70.686191821999955, -33.541116717999941 ], [ -70.686227391999978, -33.540600849999969 ], [ -70.686008895999976, -33.540265963999957 ], [ -70.685691818999942, -33.539667091999931 ], [ -70.685404303999974, -33.53913040399992 ], [ -70.68671845199998, -33.538629614999927 ], [ -70.68784205299994, -33.538223930999941 ], [ -70.688952909999955, -33.537810949999937 ], [ -70.690675277999958, -33.53718075299998 ], [ -70.691836379999984, -33.536758787999929 ], [ -70.692037850999952, -33.536687316999981 ], [ -70.693186965999985, -33.536265026999942 ], [ -70.694164702999956, -33.535909017999984 ], [ -70.69476561099998, -33.535690822999968 ], [ -70.695514784999943, -33.535420009999939 ], [ -70.696699381999963, -33.534978113999934 ], [ -70.698417726999935, -33.534323686999969 ], [ -70.699101094999946, -33.53406902699993 ], [ -70.699498258999938, -33.533923276999921 ], [ -70.700254106999978, -33.533645663999934 ], [ -70.701298330999975, -33.533254326999938 ], [ -70.701865320999957, -33.533051834999981 ], [ -70.702694208999958, -33.53277996099996 ], [ -70.704804384999989, -33.532029759999936 ], [ -70.705475562999936, -33.531772471999929 ], [ -70.70594295799998, -33.531585061999984 ], [ -70.70638401399998, -33.531412343999925 ], [ -70.707437221999953, -33.531002179 ], [ -70.708737629999987, -33.530501834999946 ], [ -70.710548384999981, -33.529839825999957 ], [ -70.711260978999974, -33.529587032999984 ], [ -70.712666385999967, -33.529064272999953 ], [ -70.713673268999969, -33.528673717999936 ], [ -70.715164075999951, -33.528119524999973 ], [ -70.716168367999956, -33.527739447999984 ], [ -70.716851674999987, -33.527481216999931 ], [ -70.718561631999933, -33.526851874999977 ], [ -70.720089491999943, -33.526279673999973 ], [ -70.721717997999974, -33.52567466899994 ], [ -70.722626142999957, -33.525348184999984 ], [ -70.723386579999953, -33.525062110999954 ], [ -70.724961793999967, -33.524481711999947 ], [ -70.72624764699998, -33.523977243999973 ], [ -70.729739391999942, -33.528220161999975 ], [ -70.73141551599997, -33.53031385099996 ], [ -70.733662145999972, -33.532962265999977 ], [ -70.734129811999935, -33.533463701999942 ], [ -70.735066314999983, -33.534524346999952 ], [ -70.736810286999969, -33.536547042999963 ], [ -70.738751435999973, -33.538762904999928 ], [ -70.741590189999954, -33.541992819999955 ], [ -70.743087733999971, -33.543691573999965 ], [ -70.743836603999966, -33.544544759999951 ], [ -70.744678546, -33.545491115999923 ], [ -70.74526734799997, -33.546148032999952 ], [ -70.749038618999975, -33.550345699999966 ], [ -70.749994812999944, -33.551412564999971 ], [ -70.750022892999937, -33.551448434999934 ], [ -70.751048793999985, -33.552579203999969 ], [ -70.752082020999978, -33.553732766999936 ], [ -70.753448001999971, -33.55527481799993 ], [ -70.753870000999939, -33.555750000999979 ], [ -70.75513, -33.557130000999948 ], [ -70.755960524999978, -33.558099852999923 ], [ -70.756790742999954, -33.559021003999938 ], [ -70.757733008999935, -33.560073264999978 ], [ -70.759337320999975, -33.561879173999955 ], [ -70.761704658, -33.56454771399995 ], [ -70.76281, -33.565790000999982 ], [ -70.763614063999967, -33.566712537999933 ], [ -70.764188658999956, -33.567450160999954 ], [ -70.766711412999939, -33.571059626999954 ], [ -70.767261400999985, -33.571795573999964 ], [ -70.767630109999971, -33.571556760999933 ], [ -70.768075894999981, -33.571416776999961 ], [ -70.768324299999961, -33.571367893999934 ], [ -70.768665215999988, -33.571312915999947 ], [ -70.768857749999938, -33.571319707999969 ], [ -70.768966983999974, -33.571364910999918 ], [ -70.769147697999983, -33.571448938999943 ], [ -70.770747729999982, -33.571051691999962 ], [ -70.775481216999935, -33.569826341999935 ], [ -70.777319752999972, -33.569357920999927 ], [ -70.778157345999944, -33.569142793999958 ], [ -70.778425216999949, -33.569073628999938 ], [ -70.781685025999934, -33.568231889999922 ], [ -70.783635338999943, -33.567722296999918 ], [ -70.784733101999961, -33.566903697999962 ], [ -70.787785996999958, -33.564371936999976 ], [ -70.79194016799994, -33.560871608999932 ], [ -70.793594602999974, -33.559418423999951 ], [ -70.795786564999958, -33.557479957999931 ], [ -70.796019580999939, -33.557272935999954 ], [ -70.797995454999977, -33.555642802999948 ], [ -70.798137617999942, -33.555525358999937 ], [ -70.798536136999985, -33.555314088999964 ], [ -70.799810305999983, -33.554410192999946 ], [ -70.800751362999961, -33.553740793999971 ], [ -70.802583713999979, -33.552440773999919 ], [ -70.804233126999975, -33.551335876999936 ], [ -70.805605914999944, -33.550414785999976 ], [ -70.806704795999977, -33.549685929999946 ], [ -70.808526121999932, -33.548467951999946 ], [ -70.809933760999968, -33.547529908999927 ], [ -70.811340965999989, -33.546585822999916 ], [ -70.812245468999947, -33.545982756999926 ], [ -70.814589569999953, -33.544354302999963 ], [ -70.815046184999986, -33.54403409199994 ], [ -70.815211251999983, -33.543915713999979 ], [ -70.815866870999969, -33.543465170999987 ], [ -70.815084910999985, -33.542861059999936 ], [ -70.814307317999976, -33.542056457999919 ], [ -70.813843313999939, -33.541528182999976 ], [ -70.813273053999978, -33.540878923999976 ], [ -70.812863288999949, -33.540412384999968 ], [ -70.812404069999957, -33.540049371999935 ], [ -70.812079082999958, -33.53995837399998 ], [ -70.811496997999939, -33.539692556999952 ], [ -70.811049068999978, -33.539527320999966 ], [ -70.810692898999946, -33.539253372999944 ], [ -70.810129156999949, -33.539087406999954 ], [ -70.809635175999972, -33.538775419999972 ], [ -70.809176306999973, -33.53854709699992 ], [ -70.808772093999949, -33.538373188999955 ], [ -70.808325003999983, -33.538194352999923 ], [ -70.807803870999976, -33.53786068699997 ], [ -70.807536923999976, -33.537607845999958 ], [ -70.807192375999989, -33.537329978999935 ], [ -70.806858201999944, -33.53696498999993 ], [ -70.806514290999985, -33.536733859999963 ], [ -70.806260938999969, -33.536502863999949 ], [ -70.805955276999967, -33.536276923999942 ], [ -70.805776273999982, -33.536127753999942 ], [ -70.805605207999974, -33.536018515999949 ], [ -70.805433822999987, -33.535891840999952 ], [ -70.805204549999985, -33.535518352999944 ], [ -70.805144205999966, -33.535082599999946 ], [ -70.805135279999945, -33.534653253999977 ], [ -70.805089794999958, -33.534109914999931 ], [ -70.805004265999969, -33.533696001999935 ], [ -70.804726445999961, -33.533077311999939 ], [ -70.804516835999948, -33.532450469999958 ], [ -70.804467421999973, -33.532129082999965 ], [ -70.804480198999954, -33.531921316999949 ], [ -70.804500031999964, -33.531641867999944 ], [ -70.80457157799998, -33.531383139999946 ], [ -70.804583313999956, -33.531125282999923 ], [ -70.804629076999959, -33.530859772999968 ], [ -70.804616666999962, -33.53067384799995 ], [ -70.804672423999989, -33.530444411999952 ], [ -70.804833573999986, -33.530146128999938 ], [ -70.80511370399995, -33.529915018999915 ], [ -70.805409328999986, -33.529746075999974 ], [ -70.805824867999945, -33.529589699 ], [ -70.806420575999937, -33.529466482999958 ], [ -70.807153137999933, -33.529348422999917 ], [ -70.807313092999948, -33.52923156199995 ], [ -70.807335151999951, -33.529059448999917 ], [ -70.807357359, -33.528894492999939 ], [ -70.807474741999954, -33.528785409999955 ], [ -70.807695099999933, -33.528696297999936 ], [ -70.808149274999948, -33.528754087999964 ], [ -70.808589492999943, -33.52896239599994 ], [ -70.80984, -33.529650000999922 ], [ -70.810493801999939, -33.530115621999975 ], [ -70.811403328999972, -33.530696425999963 ], [ -70.812817219999943, -33.53210015799992 ], [ -70.813360120999974, -33.532722103999959 ], [ -70.813786652999966, -33.533144371999974 ], [ -70.815038907999963, -33.534119541999914 ], [ -70.815681099999949, -33.534591311999968 ], [ -70.815994355999976, -33.535023903999956 ], [ -70.816322526999954, -33.535471410999961 ], [ -70.816710366999985, -33.535918917999943 ], [ -70.816874452999969, -33.536202338999942 ], [ -70.816993787999934, -33.536575260999932 ], [ -70.81727720899994, -33.536933266999924 ], [ -70.817486045999942, -33.537276355999943 ], [ -70.81766504999996, -33.537529943999971 ], [ -70.81788880199997, -33.537768612999976 ], [ -70.818052887999954, -33.537873031999936 ], [ -70.818410894999943, -33.537917783999923 ], [ -70.819589329999985, -33.537753695999974 ], [ -70.82006667099995, -33.537634361999935 ], [ -70.820469427999967, -33.537544859999961 ], [ -70.820946768999988, -33.537455358999978 ], [ -70.82166277999994, -33.537395690999958 ], [ -70.822363874999951, -33.537380773999928 ], [ -70.822885965999944, -33.537350939999939 ], [ -70.823646728999961, -33.537306188999928 ], [ -70.824258322999981, -33.537186854999945 ], [ -70.825272671999983, -33.537298730999957 ], [ -70.826130393999961, -33.53733602399997 ], [ -70.826391439999952, -33.537317377999948 ], [ -70.827081346999933, -33.537074976999968 ], [ -70.827640729999985, -33.536795284999975 ], [ -70.828628974999958, -33.536590177999983 ], [ -70.829151066999941, -33.536422361999954 ], [ -70.82965451299998, -33.536198608999939 ], [ -70.830307127999959, -33.535788394999948 ], [ -70.830866511999943, -33.535490055999951 ], [ -70.831593710999982, -33.535322240999953 ], [ -70.832041218999962, -33.53526630299995 ], [ -70.832768416999954, -33.535154425999963 ], [ -70.833290508999937, -33.535117132999979 ], [ -70.833831246999978, -33.53496796499995 ], [ -70.834465214999966, -33.53466962599996 ], [ -70.835080536999953, -33.534464518999968 ], [ -70.835546690999934, -33.534296702999924 ], [ -70.83599419799998, -33.534203472999941 ], [ -70.836534935999964, -33.534222118999928 ], [ -70.837168904999942, -33.534352641999931 ], [ -70.837840165999978, -33.534501811 ], [ -70.83856736499996, -33.534576394999931 ], [ -70.83960155699998, -33.534641676999954 ], [ -70.839976474999958, -33.534511896999952 ], [ -70.840655731999959, -33.534296703999921 ], [ -70.841259844999968, -33.534122560999947 ], [ -70.841663602999972, -33.533906260999963 ], [ -70.84237854099996, -33.533742279999949 ], [ -70.84290273199997, -33.533882555999973 ], [ -70.843415359999938, -33.534166180999911 ], [ -70.844335031999961, -33.534480577999922 ], [ -70.844944342999952, -33.534818795999968 ], [ -70.84543509699995, -33.535004769999929 ], [ -70.845759947999966, -33.53511551499998 ], [ -70.845951904999936, -33.535255791999923 ], [ -70.846077416999947, -33.53535176999997 ], [ -70.846202926999979, -33.535610174999931 ], [ -70.847058251999954, -33.536007135999967 ], [ -70.847266077999961, -33.536042078999955 ], [ -70.847670295999933, -33.536042078999948 ], [ -70.848364046999961, -33.536146152999947 ], [ -70.848902389999978, -33.536280737999952 ], [ -70.849229240999989, -33.53637686999997 ], [ -70.849594543999956, -33.53654990899998 ], [ -70.849902168999961, -33.536722947999976 ], [ -70.850171340999964, -33.536876760999967 ], [ -70.850519535999979, -33.537056331999942 ], [ -70.850887430999933, -33.537293494999972 ], [ -70.851369170999988, -33.537492835999949 ], [ -70.851590660999989, -33.537387627999969 ], [ -70.851828593999983, -33.537193006999935 ], [ -70.852042624, -33.536832535999963 ], [ -70.852253626999982, -33.536459654999923 ], [ -70.852301711999985, -33.536325623999971 ], [ -70.852290918999984, -33.536030793999942 ], [ -70.852549536999959, -33.535751121999965 ], [ -70.852729771999975, -33.535593415999976 ], [ -70.852959185999964, -33.535434770999977 ], [ -70.853324489999977, -33.535377090999923 ], [ -70.853574435999974, -33.535242505999967 ], [ -70.853843606999988, -33.535050240999958 ], [ -70.854151229999957, -33.534781069999958 ], [ -70.854363156999966, -33.53457959099994 ], [ -70.854565922999939, -33.534365560999952 ], [ -70.854836275999958, -33.534241647999963 ], [ -70.855140423999956, -33.534117736999974 ], [ -70.855253070999936, -33.533858647999963 ], [ -70.855311592999954, -33.533588150999925 ], [ -70.855489629999965, -33.53334047099996 ], [ -70.855827571999953, -33.533115175999953 ], [ -70.856019072, -33.532788498999935 ], [ -70.856243899999981, -33.532469381999924 ], [ -70.856616822999968, -33.532040520999928 ], [ -70.856933806999962, -33.531723536999941 ], [ -70.857176205999963, -33.531462490999964 ], [ -70.857399959999952, -33.531238737999956 ], [ -70.857493190999946, -33.53108956899996 ], [ -70.857642358999954, -33.53086581499997 ], [ -70.857832693999967, -33.530783376999963 ], [ -70.85806925299994, -33.53076084799995 ], [ -70.858429722999972, -33.530783377 ], [ -70.858723835, -33.530698 ], [ -70.859413741999958, -33.530716645999981 ], [ -70.859749372999943, -33.530716646999949 ], [ -70.860234171999934, -33.530716645999966 ], [ -70.861091893999969, -33.530716646999963 ], [ -70.861893677999944, -33.530642061999963 ], [ -70.863180260999968, -33.530492891999984 ], [ -70.863982044999943, -33.530548830999955 ], [ -70.865082166999969, -33.530492891999977 ], [ -70.865509998999983, -33.53050000099995 ], [ -70.866368748999946, -33.530530184999975 ], [ -70.866928134999966, -33.530642061999963 ], [ -70.867420384999946, -33.530739726999968 ], [ -70.867927296999952, -33.530894616999952 ], [ -70.868560937999973, -33.531119910999962 ], [ -70.868923269999982, -33.531238737999963 ], [ -70.869405791999952, -33.531471933999946 ], [ -70.869856381999966, -33.531683147999949 ], [ -70.870335132999969, -33.531880279999918 ], [ -70.870785721999937, -33.532133736999974 ], [ -70.871334877999971, -33.532288625999939 ], [ -70.871898114999965, -33.532302707999968 ], [ -70.87267256399997, -33.532035170999947 ], [ -70.872969481999974, -33.532189690999921 ], [ -70.873286465999968, -33.532189690999914 ], [ -70.873528865999972, -33.532208335999933 ], [ -70.873901787999955, -33.532152398999976 ], [ -70.874218772999939, -33.532115106999981 ], [ -70.874815447999936, -33.532021874999941 ], [ -70.875430770999969, -33.531984583999936 ], [ -70.875691816999961, -33.531947290999931 ], [ -70.876046092999957, -33.531798121999948 ], [ -70.876530892999938, -33.531350614999958 ], [ -70.876922461999982, -33.530977691999965 ], [ -70.877090276999979, -33.53079122999997 ], [ -70.877258091999977, -33.530623415999969 ], [ -70.877481845999966, -33.530436953999981 ], [ -70.877742891999972, -33.530250492999983 ], [ -70.878246335999961, -33.530194552999923 ], [ -70.878675198999986, -33.530082676999932 ], [ -70.879290519999984, -33.529933508999939 ], [ -70.879570212999965, -33.52987756999994 ], [ -70.880055011999957, -33.529840276999934 ], [ -70.880577104999986, -33.52974704699993 ], [ -70.881173780999973, -33.529635169999928 ], [ -70.88154670299997, -33.52950464699996 ], [ -70.881695871999966, -33.529392769999959 ], [ -70.881900978999965, -33.529038494999945 ], [ -70.882031501999961, -33.528814739999973 ], [ -70.88223660999995, -33.528497756999968 ], [ -70.882423069999959, -33.528292648999972 ], [ -70.882646823999949, -33.528106186999914 ], [ -70.882889223999939, -33.527901079999943 ], [ -70.88323, -33.527810000999978 ], [ -70.883765592999964, -33.528050248999918 ], [ -70.884231744999965, -33.528199417999929 ], [ -70.884521437480913, -33.528249799009551 ], [ -70.882289019020291, -33.425109309356365 ] ] ] } },
{ "type": "Feature", "properties": { "tile_id": "T002_002", "row": 2, "col": 2, "area_km2": 262.71600512528232 }, "geometry": { "type": "Polygon", "coordinates": [ [ [ -70.613491209539106, -33.428898205873836 ], [ -70.344646974404611, -33.432104814363676 ], [ -70.345521083733445, -33.488697483153175 ], [ -70.345704258999945, -33.488823940999964 ], [ -70.346447298, -33.489370498999946 ], [ -70.347001223999939, -33.49025189599994 ], [ -70.347752725999953, -33.490342075999926 ], [ -70.348323866999976, -33.490402195999927 ], [ -70.348925067999971, -33.490251894999965 ], [ -70.349526270999945, -33.490342074999937 ], [ -70.349977171999967, -33.490582555999943 ], [ -70.350638491999973, -33.490672736999947 ], [ -70.351179574999946, -33.490462315999928 ], [ -70.351503240999989, -33.490208337999931 ], [ -70.351639752999972, -33.489853405999952 ], [ -70.351733139999979, -33.489380569999973 ], [ -70.351793053999984, -33.488604331999973 ], [ -70.352021986999944, -33.488106050999932 ], [ -70.352458825999975, -33.487423490999952 ], [ -70.353250594999963, -33.486795535999931 ], [ -70.353524260999961, -33.486434265999947 ], [ -70.354125461999956, -33.486344085999988 ], [ -70.354816842999981, -33.486314025999945 ], [ -70.355508224999937, -33.486223843999937 ], [ -70.356109426999978, -33.486163724999983 ], [ -70.356680567999945, -33.486344085999981 ], [ -70.357371948999969, -33.486614625999955 ], [ -70.358003211999971, -33.486885167999944 ], [ -70.358664532999967, -33.486975346999941 ], [ -70.359866935999946, -33.487245887999954 ], [ -70.36061843799996, -33.487215826999943 ], [ -70.361670540999967, -33.487005406999948 ], [ -70.362632463999944, -33.486704806999981 ], [ -70.363598210999953, -33.486440603999931 ], [ -70.364526492999985, -33.485921856999937 ], [ -70.365290960999971, -33.485485018999945 ], [ -70.366000823999968, -33.484993574999962 ], [ -70.366737988999944, -33.484584038999969 ], [ -70.367447851999941, -33.484311015999936 ], [ -70.368348831999981, -33.483983386999952 ], [ -70.369058693999989, -33.483601151999935 ], [ -70.369877765999945, -33.483218918999981 ], [ -70.370533024999986, -33.483164313999964 ], [ -70.371270189999962, -33.482918591999976 ], [ -70.372416891999933, -33.482700172999948 ], [ -70.373235964999935, -33.482590963999932 ], [ -70.373995171999979, -33.482526454999963 ], [ -70.375257694999959, -33.482466335999945 ], [ -70.375979137999934, -33.482466335999945 ], [ -70.376760697999941, -33.482616636999971 ], [ -70.377632440999946, -33.482827056999938 ], [ -70.378444062999961, -33.482977356999974 ], [ -70.379345865999937, -33.483097596999976 ], [ -70.380247667999981, -33.483488376999965 ], [ -70.381029229999967, -33.483909218999933 ], [ -70.381660490999934, -33.484239879999961 ], [ -70.382171512999946, -33.485111622999966 ], [ -70.382983133999971, -33.485592583999953 ], [ -70.383554275999984, -33.485772943999955 ], [ -70.384155477999968, -33.485863124999973 ], [ -70.384906978999936, -33.486163724999969 ], [ -70.385478120999949, -33.486314025999953 ], [ -70.386199561999945, -33.486464325999961 ], [ -70.387311784999952, -33.486674746999945 ], [ -70.387973107999983, -33.486975346999941 ], [ -70.38866448899995, -33.487215827999925 ], [ -70.389626410999938, -33.487516426999939 ], [ -70.390257672999951, -33.487907208999964 ], [ -70.390708574999962, -33.488177750999945 ], [ -70.391219594999939, -33.488448289999944 ], [ -70.391700555999932, -33.488989371999928 ], [ -70.392211577999944, -33.489500392999979 ], [ -70.392452057999947, -33.490071533999973 ], [ -70.392692538999938, -33.490702795999944 ], [ -70.39314343999996, -33.490973336999964 ], [ -70.393504160999953, -33.490913216999957 ], [ -70.394195542999967, -33.49079297699997 ], [ -70.394856863999962, -33.490462315999928 ], [ -70.395397945999946, -33.490131654999963 ], [ -70.39593902699994, -33.489951293999972 ], [ -70.396600348999982, -33.489650694999966 ], [ -70.397832811999933, -33.489169732999976 ], [ -70.398599907999937, -33.489798800999942 ], [ -70.399719305999952, -33.490153732999943 ], [ -70.400483773999952, -33.490290243999922 ], [ -70.401384754999981, -33.490235639999973 ], [ -70.402422245999958, -33.490099126999937 ], [ -70.403186712999968, -33.489553078999954 ], [ -70.403896575999966, -33.489034333999939 ], [ -70.404742951999935, -33.488570191999933 ], [ -70.40531630199996, -33.48821526099993 ], [ -70.40640839799994, -33.487833026999958 ], [ -70.407211554999947, -33.487185767999961 ], [ -70.40784281699996, -33.486734866999939 ], [ -70.408594317999984, -33.486464325999968 ], [ -70.40937588099996, -33.486283965999974 ], [ -70.410307742999976, -33.486043484999982 ], [ -70.411299725999982, -33.485652703999961 ], [ -70.412057527999934, -33.485107528999954 ], [ -70.412863568999967, -33.484608550999951 ], [ -70.413698142999976, -33.484256409999936 ], [ -70.414437267999972, -33.483802510999972 ], [ -70.415358456999968, -33.483303533999951 ], [ -70.415934199999981, -33.482996470999979 ], [ -70.416619501999946, -33.482645567999953 ], [ -70.417127875999938, -33.482233165999951 ], [ -70.417972481999982, -33.482034116999948 ], [ -70.418626921999987, -33.481949968999963 ], [ -70.419355825999958, -33.481925254999965 ], [ -70.420197507999944, -33.482105615999956 ], [ -70.42118949099995, -33.482316034999947 ], [ -70.422211533999985, -33.48252645499997 ], [ -70.423053215999971, -33.482706816999951 ], [ -70.423833291999983, -33.482787513999938 ], [ -70.423924958, -33.48279699699998 ], [ -70.424856819999945, -33.482827056999952 ], [ -70.425458021999987, -33.482977356999989 ], [ -70.42593898299998, -33.483157716999983 ], [ -70.426780665999956, -33.483578558999973 ], [ -70.427231565999989, -33.483788977999943 ], [ -70.427892887999974, -33.484179759999968 ], [ -70.428343788999939, -33.48426993999994 ], [ -70.428587638999943, -33.484201680999959 ], [ -70.428811712999959, -33.484010373999965 ], [ -70.428938642999981, -33.483489963999936 ], [ -70.428955934999976, -33.482895812999978 ], [ -70.42902782799996, -33.482684698999932 ], [ -70.42916146, -33.482523416999989 ], [ -70.429452528999946, -33.482253426999925 ], [ -70.429725528999953, -33.48210889599995 ], [ -70.430049213999951, -33.481845729999975 ], [ -70.430552142999943, -33.481780239999971 ], [ -70.431198091999988, -33.481852011999933 ], [ -70.431988789999934, -33.48174073399997 ], [ -70.432740921999951, -33.481517124999968 ], [ -70.43378, -33.48114 ], [ -70.433780027999944, -33.481140007999954 ], [ -70.43474658599996, -33.481474352999932 ], [ -70.435468026999956, -33.481865132999928 ], [ -70.43594, -33.482290001999957 ], [ -70.436399888999972, -33.482857116999973 ], [ -70.436730549999936, -33.48336813799996 ], [ -70.437030107999988, -33.483997129999963 ], [ -70.43743666599994, -33.484525654999977 ], [ -70.437863551999953, -33.484952540999984 ], [ -70.438270109999962, -33.485318443999965 ], [ -70.438626506999981, -33.485655933999965 ], [ -70.438780974999986, -33.485848441999963 ], [ -70.43886, -33.485970001999931 ], [ -70.438860749999947, -33.485973578999968 ], [ -70.43893934099998, -33.486105836999982 ], [ -70.438981947999935, -33.486289222999972 ], [ -70.43894759799997, -33.48653698899993 ], [ -70.438819756999976, -33.487063898999949 ], [ -70.438613737999958, -33.487360905999914 ], [ -70.438420248999932, -33.487730612999925 ], [ -70.438202709999985, -33.488303677999973 ], [ -70.438107485999979, -33.48869287399998 ], [ -70.43805931299994, -33.489243685999952 ], [ -70.437847748999957, -33.49006526199998 ], [ -70.437569126999961, -33.490730359999922 ], [ -70.437171876999969, -33.491282758999951 ], [ -70.437107294999976, -33.491747711999942 ], [ -70.436992878999945, -33.492112328999951 ], [ -70.436772376999954, -33.493346035999934 ], [ -70.436519784999973, -33.494095726999952 ], [ -70.436418741999944, -33.495436339999962 ], [ -70.436500714999966, -33.49695060199997 ], [ -70.436795121999978, -33.497531796999965 ], [ -70.437059086999966, -33.497994035999959 ], [ -70.43743666599994, -33.498429936999955 ], [ -70.437782240999979, -33.498877149999942 ], [ -70.438188798999988, -33.499283707999943 ], [ -70.438575028999935, -33.499791905999984 ], [ -70.438718493999943, -33.499999931999966 ], [ -70.438981585999954, -33.500381415999982 ], [ -70.439388144999953, -33.50088961199998 ], [ -70.44007929299994, -33.501438465999954 ], [ -70.440587489999984, -33.501824695999971 ], [ -70.441034703999946, -33.502312564999947 ], [ -70.441400605999945, -33.502800434999969 ], [ -70.441908803999979, -33.503085025999972 ], [ -70.442417000999967, -33.503552566999936 ], [ -70.443065751999939, -33.504261842999945 ], [ -70.443859016999966, -33.504691651999956 ], [ -70.444925038999941, -33.505080094999983 ], [ -70.445290500999988, -33.505111436999975 ], [ -70.446062711999957, -33.504980917999951 ], [ -70.446949462999953, -33.504865571999979 ], [ -70.447530879999988, -33.504887412999949 ], [ -70.448071848999973, -33.504941096999957 ], [ -70.448493446999976, -33.505219766999957 ], [ -70.448817166999959, -33.505502318999959 ], [ -70.449219353999979, -33.505707595999965 ], [ -70.44961899599997, -33.505760186999971 ], [ -70.450169270999936, -33.505963727999976 ], [ -70.450775274999955, -33.506295079999965 ], [ -70.451413531999947, -33.506789078999915 ], [ -70.452105293999978, -33.507277290999973 ], [ -70.452752932999942, -33.507851917999965 ], [ -70.45309993799998, -33.508162818999928 ], [ -70.453355972999987, -33.50848433099997 ], [ -70.454142084999944, -33.509162315999959 ], [ -70.454674722999982, -33.50987454299996 ], [ -70.455293809999944, -33.510580477999959 ], [ -70.456403562999981, -33.511531436999967 ], [ -70.458203259999948, -33.512856047999954 ], [ -70.459980066999947, -33.514171357999956 ], [ -70.461108047999971, -33.514845264999948 ], [ -70.462761697999952, -33.515608400999952 ], [ -70.463943608999955, -33.516208983999952 ], [ -70.464445559999945, -33.516810205999953 ], [ -70.464932730999976, -33.517319850999968 ], [ -70.465517807999959, -33.518229206999919 ], [ -70.46610547399996, -33.519291241999952 ], [ -70.466368354999986, -33.520013515999942 ], [ -70.466469805999964, -33.520623166999947 ], [ -70.466877143999966, -33.521801866999951 ], [ -70.467177652999965, -33.523401791999945 ], [ -70.46754588999994, -33.524962734999981 ], [ -70.468364405999978, -33.526193822999957 ], [ -70.469017726999937, -33.526791338999928 ], [ -70.470134211999948, -33.527070011999953 ], [ -70.47066446499997, -33.527426407999926 ], [ -70.472460250999973, -33.52781548199993 ], [ -70.474463409999942, -33.528335684999938 ], [ -70.475636613999939, -33.528970736999938 ], [ -70.476653886999941, -33.529418223999969 ], [ -70.477041111999938, -33.529690713999969 ], [ -70.477942913999982, -33.53020173499992 ], [ -70.478843645999973, -33.530583679999964 ], [ -70.479727826999977, -33.530973986999989 ], [ -70.479964818999974, -33.531505646999946 ], [ -70.480037564999975, -33.532430595999983 ], [ -70.479970488999982, -33.533175869999972 ], [ -70.479826413999945, -33.534084320999952 ], [ -70.47966231099997, -33.535155267999961 ], [ -70.479577330999973, -33.535518974999938 ], [ -70.479735545999972, -33.536108843999962 ], [ -70.48015763799998, -33.53680054799996 ], [ -70.480839544999981, -33.537355519999963 ], [ -70.481745780999972, -33.537697823999956 ], [ -70.482731096999942, -33.537998610999971 ], [ -70.483332643999972, -33.538184680999962 ], [ -70.484063, -33.53840499699993 ], [ -70.484698492999939, -33.538576336999924 ], [ -70.485155981999981, -33.538835709999944 ], [ -70.485657063999952, -33.53914466699996 ], [ -70.486029828999961, -33.53944800299994 ], [ -70.486296392999975, -33.540038947999953 ], [ -70.486376283999959, -33.540710875999935 ], [ -70.486249246999932, -33.541778998 ], [ -70.486527553999963, -33.542555918999945 ], [ -70.486774708999974, -33.543011085999986 ], [ -70.487141297999983, -33.54327786799994 ], [ -70.489351976999956, -33.543417830999921 ], [ -70.490918810999972, -33.543462940999959 ], [ -70.492257063999944, -33.543542770999977 ], [ -70.493668394999986, -33.543429796999931 ], [ -70.494696733999945, -33.543257461999922 ], [ -70.49603278099994, -33.543209339999969 ], [ -70.496701134999967, -33.543509202999928 ], [ -70.497529178999969, -33.543559386999952 ], [ -70.498686971999973, -33.543733109999948 ], [ -70.499493735999977, -33.544217168999978 ], [ -70.500000083999964, -33.544633096999974 ], [ -70.500678366999978, -33.545159925999947 ], [ -70.500990668999975, -33.545330271999944 ], [ -70.501466686999947, -33.545623907999968 ], [ -70.501632918999974, -33.545843799999936 ], [ -70.501849690999961, -33.546020128999942 ], [ -70.502366850999977, -33.546264395999955 ], [ -70.502848834999952, -33.546451820999948 ], [ -70.502960194999957, -33.546464785999966 ], [ -70.503601724999953, -33.54648562899996 ], [ -70.504114178999941, -33.546457927999931 ], [ -70.50483906999996, -33.546356059999937 ], [ -70.506488014999945, -33.54580628799993 ], [ -70.507421227999941, -33.545394060999968 ], [ -70.508646147999968, -33.545042696999914 ], [ -70.509977106999941, -33.544890461999948 ], [ -70.511483432999967, -33.544499845999958 ], [ -70.512160087999973, -33.544217168999957 ], [ -70.513696447999962, -33.543456323999962 ], [ -70.514680380999948, -33.54301478999998 ], [ -70.515872298999966, -33.542735342999954 ], [ -70.51680993399998, -33.542580691999937 ], [ -70.517341038999973, -33.54255394799997 ], [ -70.518688949999955, -33.542486071999974 ], [ -70.519619533999958, -33.542417386999929 ], [ -70.521407287999978, -33.542481328999955 ], [ -70.521819283999946, -33.542576481999959 ], [ -70.523939101999986, -33.543051487999939 ], [ -70.524572939999985, -33.543122425999968 ], [ -70.525111695999954, -33.543133685999969 ], [ -70.525635182999963, -33.543248926999979 ], [ -70.52702044199998, -33.543271218999976 ], [ -70.527337802999966, -33.543331728999931 ], [ -70.527634868999939, -33.543453333999921 ], [ -70.527907365999965, -33.543636086999982 ], [ -70.529081516999966, -33.544048702999937 ], [ -70.530529442999978, -33.544068987999935 ], [ -70.531404763999944, -33.544058976999956 ], [ -70.531807949999973, -33.544177251999933 ], [ -70.53250146299996, -33.544722244999939 ], [ -70.532883293999987, -33.545246907999946 ], [ -70.533389286999977, -33.545942479999944 ], [ -70.533794382999986, -33.546290603999964 ], [ -70.534362906999945, -33.546856222999949 ], [ -70.535138423999967, -33.547524260999978 ], [ -70.536148713999978, -33.54793168099998 ], [ -70.536564888999976, -33.548260569999961 ], [ -70.53715488399996, -33.548749553999976 ], [ -70.537455243999943, -33.548974888999979 ], [ -70.537982010999954, -33.549111510999978 ], [ -70.538643673999957, -33.549141465999966 ], [ -70.539166888999944, -33.549077696 ], [ -70.53958804399997, -33.549043824999963 ], [ -70.540279153999961, -33.548806161999948 ], [ -70.541133025999954, -33.54874781299997 ], [ -70.541063206999979, -33.549015910999969 ], [ -70.541766813999971, -33.54918005199994 ], [ -70.542770502999986, -33.549807356999949 ], [ -70.543899653999972, -33.550509939999984 ], [ -70.544501867999941, -33.550961601 ], [ -70.545486733999951, -33.551515883999954 ], [ -70.545879004999961, -33.552177104999949 ], [ -70.546399761999965, -33.552614413999926 ], [ -70.546712831999969, -33.55291114999995 ], [ -70.547072850999939, -33.552963916999936 ], [ -70.547257578999961, -33.552775492999949 ], [ -70.54726416699998, -33.552060918999977 ], [ -70.547268297999949, -33.551577225999949 ], [ -70.547312200999954, -33.55101178499995 ], [ -70.547538030999988, -33.550384478999952 ], [ -70.547864230999949, -33.54980735699997 ], [ -70.547946323999966, -33.549694160999948 ], [ -70.548205091999932, -33.549439587999977 ], [ -70.548621373999936, -33.54908493399995 ], [ -70.548986814999978, -33.548906188999986 ], [ -70.549513501999968, -33.548689046999989 ], [ -70.550059850999958, -33.548467247999945 ], [ -70.550508011999966, -33.548276439999931 ], [ -70.550971430999937, -33.548096201999961 ], [ -70.551151322999942, -33.54802916899996 ], [ -70.551650219999942, -33.547967239999942 ], [ -70.552016335999951, -33.54795879899995 ], [ -70.552701981999974, -33.547957782999944 ], [ -70.553058324999938, -33.548000715999933 ], [ -70.553635446999976, -33.548025806999938 ], [ -70.554326862999972, -33.547960674999963 ], [ -70.556713582999976, -33.547879975999933 ], [ -70.557945031999964, -33.547834719999969 ], [ -70.558791420999967, -33.547827371999965 ], [ -70.560056187999976, -33.547804824999957 ], [ -70.561154972999987, -33.547776641999974 ], [ -70.561765736999973, -33.547771142999977 ], [ -70.562680526999941, -33.547760700999952 ], [ -70.563756893999937, -33.547730572999953 ], [ -70.56605263299997, -33.547643125999969 ], [ -70.568182673999956, -33.547574004999937 ], [ -70.567745059999936, -33.548129674999977 ], [ -70.567359950999958, -33.548596060999948 ], [ -70.566730704999941, -33.54942266099993 ], [ -70.566101803999985, -33.550210035999939 ], [ -70.565802322999957, -33.550558342999977 ], [ -70.565366732999962, -33.551104335999973 ], [ -70.565035820999981, -33.551489387999936 ], [ -70.564547868999966, -33.552062905999946 ], [ -70.563971181999989, -33.552740267999972 ], [ -70.563706370999967, -33.553023336999956 ], [ -70.56342542799996, -33.553354020999954 ], [ -70.563111368999955, -33.553732532999952 ], [ -70.562704801999985, -33.55421493599993 ], [ -70.562245040999983, -33.554783348999941 ], [ -70.560948595999946, -33.556373745999963 ], [ -70.56027430499995, -33.557189812999987 ], [ -70.559803246999934, -33.557761519999922 ], [ -70.55958918999994, -33.558034459999917 ], [ -70.559022202999984, -33.558730640999961 ], [ -70.558578838999949, -33.55926880699996 ], [ -70.558159521999983, -33.55977980199998 ], [ -70.557717694999951, -33.560298980999967 ], [ -70.557229585999949, -33.560819053999978 ], [ -70.557353141999954, -33.560849423999962 ], [ -70.560307218999981, -33.561361123999973 ], [ -70.56212732299997, -33.561676982999977 ], [ -70.563425452999979, -33.561901573999933 ], [ -70.56465736499996, -33.562120539999974 ], [ -70.565571968999961, -33.562294298 ], [ -70.565927087999967, -33.562357092999932 ], [ -70.566582384999947, -33.562470489999939 ], [ -70.567237735999981, -33.562586745999951 ], [ -70.568246447999968, -33.562762945999964 ], [ -70.56998256199995, -33.563067349999962 ], [ -70.572552429999973, -33.563517187999935 ], [ -70.573082570999986, -33.563612097999957 ], [ -70.575283658999979, -33.563999277999983 ], [ -70.576331855999968, -33.564182066999933 ], [ -70.577769540999952, -33.564435758999934 ], [ -70.579330751999976, -33.564710763999969 ], [ -70.581055021999987, -33.565018025999947 ], [ -70.583118638999963, -33.565365303999947 ], [ -70.584505441999966, -33.565590354999983 ], [ -70.584426616999963, -33.56603694699993 ], [ -70.584218508999982, -33.567147273999964 ], [ -70.584089438999968, -33.567820842999929 ], [ -70.583873903999972, -33.568879199999962 ], [ -70.584938908999959, -33.569010636999963 ], [ -70.586001637999971, -33.569142094999961 ], [ -70.587735341999974, -33.56937087799998 ], [ -70.592177969999966, -33.56993417499995 ], [ -70.592634960999987, -33.56998496399995 ], [ -70.593264542999975, -33.569961936999952 ], [ -70.59375, -33.569630000999936 ], [ -70.59497, -33.569010000999974 ], [ -70.59545, -33.568870000999922 ], [ -70.59666, -33.568440000999935 ], [ -70.597423810999942, -33.568101089999971 ], [ -70.597701211999947, -33.567978005999969 ], [ -70.59817, -33.567770000999928 ], [ -70.598679998999955, -33.56734 ], [ -70.59901, -33.567230001999981 ], [ -70.599980000999949, -33.567200000999939 ], [ -70.600671963999957, -33.567359309999958 ], [ -70.601136352999958, -33.567497529999955 ], [ -70.601937524999983, -33.567902344999929 ], [ -70.602435699999944, -33.56804717399995 ], [ -70.604000621999944, -33.568505135999949 ], [ -70.604337203999933, -33.568422693999935 ], [ -70.607828797999957, -33.569353369999909 ], [ -70.609744722999949, -33.569875016999937 ], [ -70.611539401999948, -33.570312694999977 ], [ -70.612510307999969, -33.570505587999946 ], [ -70.612248213999976, -33.572359868999968 ], [ -70.612007336999966, -33.573968822999966 ], [ -70.611760928999956, -33.575587392999971 ], [ -70.611555244999977, -33.576790257999967 ], [ -70.611370259999944, -33.578033415999975 ], [ -70.611309233999975, -33.578277587999928 ], [ -70.611150005999946, -33.579219766999977 ], [ -70.611081303999981, -33.579664467999983 ], [ -70.611048337999989, -33.579957961999973 ], [ -70.610951666999938, -33.580818619999938 ], [ -70.610848514999986, -33.581557253999954 ], [ -70.610690948999959, -33.582742787999969 ], [ -70.610551525999938, -33.58367754999994 ], [ -70.610285868999952, -33.584876419999937 ], [ -70.609860890999983, -33.586246772999942 ], [ -70.609737048999989, -33.586639696999946 ], [ -70.609508795999943, -33.587243951999945 ], [ -70.609285929999942, -33.587831433999938 ], [ -70.608841666999979, -33.588932409999977 ], [ -70.608492592999937, -33.589786383999979 ], [ -70.608124268999973, -33.590678783999984 ], [ -70.607841183999938, -33.591555757999963 ], [ -70.607711479999978, -33.592055946999949 ], [ -70.607515353999986, -33.593048888999938 ], [ -70.607338932999937, -33.594166239999936 ], [ -70.607060368999953, -33.59587988499991 ], [ -70.606857662, -33.596949827999936 ], [ -70.606635304999941, -33.597865827999946 ], [ -70.606546898999966, -33.598172390999935 ], [ -70.606410738999955, -33.598517750999974 ], [ -70.606370854999966, -33.598673361999936 ], [ -70.606348030999982, -33.598826364999979 ], [ -70.606247644999939, -33.599102064999947 ], [ -70.606022453999969, -33.599720589999947 ], [ -70.605738987999985, -33.600425767999987 ], [ -70.605472863999978, -33.600989943999934 ], [ -70.605272576999937, -33.601427885999946 ], [ -70.605178153999987, -33.601647939999971 ], [ -70.605133125999942, -33.601758704999945 ], [ -70.605308052999987, -33.601789950999958 ], [ -70.605519693999952, -33.601827321999949 ], [ -70.605741819999935, -33.601866015999974 ], [ -70.605995409999935, -33.601912146999936 ], [ -70.607123482999953, -33.602071439999968 ], [ -70.60805, -33.602200000999972 ], [ -70.614760047999937, -33.603118796999979 ], [ -70.616734676085144, -33.603397467559354 ], [ -70.613491209539106, -33.428898205873836 ] ] ] } },
{ "type": "Feature", "properties": { "tile_id": "T002_003", "row": 2, "col": 3, "area_km2": 27.136279042763853 }, "geometry": { "type": "Polygon", "coordinates": [ [ [ -70.344646974404611, -33.432104814363676 ], [ -70.242855588265456, -33.433166775726576 ], [ -70.243113601999937, -33.43391931299994 ], [ -70.242873121999935, -33.434550574999946 ], [ -70.24241, -33.435070002999957 ], [ -70.242692759999954, -33.435662797999953 ], [ -70.243594563999977, -33.435963397999942 ], [ -70.244316005999963, -33.436324118999956 ], [ -70.24509756599997, -33.436594659999969 ], [ -70.245999368999946, -33.436744960999931 ], [ -70.246871110999962, -33.437015500999962 ], [ -70.247639720999985, -33.437080792999957 ], [ -70.248283406999974, -33.437370449999939 ], [ -70.248959277, -33.437853214999961 ], [ -70.249796068999956, -33.438271610999941 ], [ -70.250000052999951, -33.438388172999957 ], [ -70.250697227999979, -33.438786559999983 ], [ -70.251566204999961, -33.439172770999953 ], [ -70.252402995999944, -33.439204954999973 ], [ -70.253303966999965, -33.43933012699992 ], [ -70.25417570999997, -33.439660787999962 ], [ -70.254626610999935, -33.440261989999961 ], [ -70.255017391999957, -33.440863190999941 ], [ -70.255348051999988, -33.441524511999944 ], [ -70.255678713999941, -33.442245953999929 ], [ -70.255979313999944, -33.442696855999941 ], [ -70.256610575999957, -33.443237936999907 ], [ -70.25718171699998, -33.443598657999928 ], [ -70.25844423999996, -33.443899258999963 ], [ -70.259135621999988, -33.443989438999957 ], [ -70.260157664999952, -33.444139739999954 ], [ -70.261269887999958, -33.444079619 ], [ -70.262141629999974, -33.443929317999959 ], [ -70.263043431999961, -33.443899257999931 ], [ -70.263824993999947, -33.444079618999972 ], [ -70.264615638999942, -33.444435010999946 ], [ -70.265418177999948, -33.444650759999952 ], [ -70.266350040999953, -33.445161781999936 ], [ -70.267492323999988, -33.445762982999952 ], [ -70.267822984999952, -33.446153764999956 ], [ -70.268153645999973, -33.446544544999945 ], [ -70.268874489999973, -33.446998591999936 ], [ -70.269716768999956, -33.447205867999969 ], [ -70.270708751999962, -33.447566587999958 ], [ -70.27173079399995, -33.44801748899993 ], [ -70.272331995999934, -33.448678810999979 ], [ -70.272873076999986, -33.449249951999938 ], [ -70.27326385799995, -33.450001453999953 ], [ -70.273895119999963, -33.450602655999944 ], [ -70.274315960999957, -33.45132409799993 ], [ -70.274766860999932, -33.452045538999982 ], [ -70.275398123999935, -33.452616680999924 ], [ -70.275909143999968, -33.452977400999927 ], [ -70.276871066999945, -33.453578602999961 ], [ -70.27774280899996, -33.453789022999949 ], [ -70.278467241999977, -33.45394506599996 ], [ -70.279456233999952, -33.454420284999969 ], [ -70.279907134999974, -33.455231906999963 ], [ -70.280778875999957, -33.455803047999936 ], [ -70.282075887999952, -33.455882245999916 ], [ -70.282726091999976, -33.455268204999982 ], [ -70.282932831999972, -33.454647983999969 ], [ -70.28336778299996, -33.453974977999948 ], [ -70.28418013199996, -33.453272133999974 ], [ -70.284913820999975, -33.452912805999965 ], [ -70.285827196999946, -33.452539231999943 ], [ -70.286683623999977, -33.452389405999952 ], [ -70.288060604999941, -33.452199241999935 ], [ -70.289273007999952, -33.451929605999943 ], [ -70.290067440999962, -33.451564577999939 ], [ -70.291360023999971, -33.451023495999941 ], [ -70.292772846999981, -33.450963376999937 ], [ -70.294516331999944, -33.451624697999918 ], [ -70.295432792999975, -33.452190044999938 ], [ -70.297161617999961, -33.45270686099996 ], [ -70.298063419999949, -33.453278000999944 ], [ -70.298694681999962, -33.453879203999975 ], [ -70.298965222999982, -33.454540525999953 ], [ -70.299055402999969, -33.45544232799994 ], [ -70.299115523999944, -33.456073588999971 ], [ -70.298875042999953, -33.456644729999937 ], [ -70.298875042999953, -33.457065570999923 ], [ -70.298905102999981, -33.457546532999949 ], [ -70.298905101999935, -33.458057553999929 ], [ -70.299386063999975, -33.458538515999969 ], [ -70.299746783999979, -33.45913971699995 ], [ -70.300408105999963, -33.459560557999957 ], [ -70.301069427999948, -33.460282 ], [ -70.301490268999942, -33.461153740999968 ], [ -70.301820929999963, -33.461724883999977 ], [ -70.302211710999984, -33.462205844999971 ], [ -70.302632552999967, -33.462897226999935 ], [ -70.303113512999971, -33.463558546999927 ], [ -70.303804894999985, -33.464039508999988 ], [ -70.304766816999972, -33.46440022999996 ], [ -70.305337957999939, -33.464700830999959 ], [ -70.305848979999951, -33.464851129999929 ], [ -70.306630541999937, -33.465211852999964 ], [ -70.307201683999949, -33.465422271999955 ], [ -70.308173041999964, -33.465958270999963 ], [ -70.308951426999954, -33.465977106999951 ], [ -70.309784613, -33.465995358999962 ], [ -70.310712191999983, -33.465917911999952 ], [ -70.311500274999958, -33.465752933999951 ], [ -70.312372015999983, -33.465873173999974 ], [ -70.313424118999933, -33.466233895999942 ], [ -70.314446161999967, -33.466384195999964 ], [ -70.315077423999981, -33.466624675999981 ], [ -70.315655169999957, -33.467028585999955 ], [ -70.316037402999939, -33.467465424999951 ], [ -70.316337729999987, -33.467847658999972 ], [ -70.316583451999975, -33.468229892999929 ], [ -70.316941146999966, -33.46863870199995 ], [ -70.317392048999977, -33.469149721999941 ], [ -70.317933130999961, -33.469961343999941 ], [ -70.318474212999959, -33.470893205999964 ], [ -70.31913553399994, -33.471434286999965 ], [ -70.319887034999965, -33.472005428999971 ], [ -70.320698657999969, -33.472636691999966 ], [ -70.321600459999956, -33.472847111999954 ], [ -70.322712682999963, -33.472877170999944 ], [ -70.323524304999978, -33.473117651999921 ], [ -70.324756768999976, -33.473057531999977 ], [ -70.325658570999963, -33.473237892999954 ], [ -70.32656037199996, -33.473388192999948 ], [ -70.327169133999973, -33.473552722999955 ], [ -70.327672594999967, -33.473688793999926 ], [ -70.328754757999945, -33.474259934999971 ], [ -70.329416078999955, -33.474470355999976 ], [ -70.330137521999973, -33.474680776999939 ], [ -70.33103932399996, -33.475041496999943 ], [ -70.332152906999966, -33.475873691999944 ], [ -70.333000172999959, -33.476130297999916 ], [ -70.334180311999944, -33.476472079999951 ], [ -70.335428094999941, -33.477386181999961 ], [ -70.336029295999936, -33.47858858599993 ], [ -70.336660557999949, -33.479430267999938 ], [ -70.337442119999935, -33.479670747999933 ], [ -70.338193620999959, -33.480302010999928 ], [ -70.33852428199998, -33.480993391999952 ], [ -70.338945123999963, -33.48180501399996 ], [ -70.339486205999947, -33.482616635999925 ], [ -70.34011746699997, -33.483578558999973 ], [ -70.340538306999974, -33.484300000999944 ], [ -70.341169568999987, -33.485141682999931 ], [ -70.341800830999944, -33.485532463999959 ], [ -70.342402031999939, -33.485803003999926 ], [ -70.343243714999971, -33.486464325999982 ], [ -70.343754735999937, -33.486915226999933 ], [ -70.344025276999957, -33.487366127999962 ], [ -70.344566356999962, -33.487877148999914 ], [ -70.345059870999933, -33.488379074999955 ], [ -70.345521083733445, -33.488697483153175 ], [ -70.344646974404611, -33.432104814363676 ] ] ] } }
]
}
